Project Created...

*********************************
Your history id is: 1751
*********************************

Plan was loaded successfully.
Connected successfully!
The rate for 1_Design Trusses is 1.0
New Rate is: 1.0

*************************
HistoryTimeID is: 6918.
*************************

1_Design Trusses

Activity 1_Design Trusses: Week 1 As-Planned Start: 1 As-Planned End: 3
	As-Built	As-Planned	Difference
Material:	$5000.00	$5000.00	$0.00
Labor:	$1200.80	$1200.80	$0.00
Indirect:	$750.00	$750.00	$0.00

Stock Value:
	$0.00	$0.00

Totals
	As-Built	As-Planned	Difference
Material:	$5000.00	$5000.00	$0.00
Labor:	$1200.80	$1200.80	$0.00
Indirect:	$750.00	$750.00	$0.00


Resource Usage -----------------------------------------------

Activity 1 - 1_Design Trusses: Week 1 As-Planned Start: 1 As-Planned End: 3
	Labor:
		1_Design Crew:
		LaborType	As-Built	As-Planned	Difference
		(labor)Foreman:	1	1	0
		(labor)Designer:	2	2	0

	Materials:
		Material	As-Built	As-Planned	Difference
		engineering drawings:	50	50	0
--------------------------------------------------------------

The rate for 1_Design Trusses is 1.0
New Rate is: 1.0

*************************
HistoryTimeID is: 6919.
*************************

1_Design Trusses

Activity 1_Design Trusses: Week 2 As-Planned Start: 1 As-Planned End: 3
	As-Built	As-Planned	Difference
Material:	$5000.00	$5000.00	$0.00
Labor:	$1200.80	$1200.80	$0.00
Indirect:	$750.00	$750.00	$0.00

Stock Value:
	$0.00	$0.00

Totals
	As-Built	As-Planned	Difference
Material:	$10000.00	$10000.00	$0.00
Labor:	$2401.60	$2401.60	$0.00
Indirect:	$1500.00	$1500.00	$0.00


Resource Usage -----------------------------------------------

Activity 1 - 1_Design Trusses: Week 2 As-Planned Start: 1 As-Planned End: 3
	Labor:
		1_Design Crew:
		LaborType	As-Built	As-Planned	Difference
		(labor)Foreman:	1	1	0
		(labor)Designer:	2	2	0

	Materials:
		Material	As-Built	As-Planned	Difference
		engineering drawings:	50	50	0
--------------------------------------------------------------

The rate for 2_Cutting Members is 0.8333333333333334
New Rate is: 0.8333333333333334

*************************
HistoryTimeID is: 6920.
*************************

2_Cutting Members

Activity 2_Cutting Members: Week 3 As-Planned Start: 3 As-Planned End: 6
	As-Built	As-Planned	Difference
Material:	$15000.00	$18000.00	-$3000.00
Labor:	$2539.12	$2539.12	$0.00
Indirect:	$2700.00	$2700.00	$0.00

Stock Value:
	$0.00	$0.00

Totals
	As-Built	As-Planned	Difference
Material:	$25000.00	$28000.00	-$3000.00
Labor:	$4940.72	$4940.72	$0.00
Indirect:	$4200.00	$4200.00	$0.00


Resource Usage -----------------------------------------------

Activity 2 - 2_Cutting Members: Week 3 As-Planned Start: 3 As-Planned End: 6
	Labor:
		2_Cutting Crew:
		LaborType	As-Built	As-Planned	Difference
		(labor)Equipment Operator :	1	1	0
		(labor)Worker:	3	3	0
		(labor)Foreman:	1	1	0
		(equi)Cutting Machine:	1	1	0

	Materials:
		Material	As-Built	As-Planned	Difference
		cutting members:	5000	6000	-1000
--------------------------------------------------------------

The rate for 2_Cutting Members is 0.8333333333333334
New Rate is: 0.8333333333333334

*************************
HistoryTimeID is: 6921.
*************************

2_Cutting Members

Activity 2_Cutting Members: Week 4 As-Planned Start: 3 As-Planned End: 6
	As-Built	As-Planned	Difference
Material:	$15000.00	$18000.00	-$3000.00
Labor:	$2539.12	$2539.12	$0.00
Indirect:	$2700.00	$2700.00	$0.00

Stock Value:
	$0.00	$0.00

Totals
	As-Built	As-Planned	Difference
Material:	$40000.00	$46000.00	-$6000.00
Labor:	$7479.84	$7479.84	$0.00
Indirect:	$6900.00	$6900.00	$0.00


Resource Usage -----------------------------------------------

Activity 2 - 2_Cutting Members: Week 4 As-Planned Start: 3 As-Planned End: 6
	Labor:
		2_Cutting Crew:
		LaborType	As-Built	As-Planned	Difference
		(labor)Equipment Operator :	1	1	0
		(labor)Worker:	3	3	0
		(labor)Foreman:	1	1	0
		(equi)Cutting Machine:	1	1	0

	Materials:
		Material	As-Built	As-Planned	Difference
		cutting members:	5000	6000	-1000
--------------------------------------------------------------


=======================================================================>
Bad weather, productivities reduce to 50%! 
Bad weather, productivities reduce to 50%! 
(Rule Bad weather)
=======================================================================>

The rate for 2_Cutting Members is 0.8333333333333334
New Rate is: 0.8333333333333334

*************************
HistoryTimeID is: 6922.
*************************

2_Cutting Members

Activity 2_Cutting Members: Week 5 As-Planned Start: 3 As-Planned End: 6
	As-Built	As-Planned	Difference
Material:	$15000.00	$18000.00	-$3000.00
Labor:	$2539.12	$2539.12	$0.00
Indirect:	$2700.00	$2700.00	$0.00

Stock Value:
	$0.00	$0.00

Totals
	As-Built	As-Planned	Difference
Material:	$55000.00	$64000.00	-$9000.00
Labor:	$10018.96	$10018.96	$0.00
Indirect:	$9600.00	$9600.00	$0.00


Resource Usage -----------------------------------------------

Activity 2 - 2_Cutting Members: Week 5 As-Planned Start: 3 As-Planned End: 6
	Labor:
		2_Cutting Crew:
		LaborType	As-Built	As-Planned	Difference
		(labor)Equipment Operator :	1	1	0
		(labor)Worker:	3	3	0
		(labor)Foreman:	1	1	0
		(equi)Cutting Machine:	1	1	0

	Materials:
		Material	As-Built	As-Planned	Difference
		cutting members:	5000	6000	-1000
--------------------------------------------------------------

The rate for 2_Cutting Members is 0.0
New Rate is: 0.0

*************************
HistoryTimeID is: 6923.
*************************

2_Cutting Members

Activity 3_Assemble Trusses: Week 6 As-Planned Start: 6 As-Planned End: 10
	As-Built	As-Planned	Difference
Material:	$0.00	$12000.00	-$12000.00
Labor:	$0.00	$2768.80	-$2768.80
Indirect:	$0.00	$1800.00	-$1800.00


Activity 2_Cutting Members: Week 6 As-Planned Start: 3 As-Planned End: 6
	As-Built	As-Planned	Difference
Material:	$0.00	$0.00	$0.00
Labor:	$0.00	$0.00	$0.00
Indirect:	$2700.00	$0.00	$2700.00

Stock Value:
	$0.00	$0.00

Totals
	As-Built	As-Planned	Difference
Material:	$55000.00	$76000.00	-$21000.00
Labor:	$10018.96	$12787.76	-$2768.80
Indirect:	$12300.00	$11400.00	$900.00


Resource Usage -----------------------------------------------

Activity 3 - 3_Assemble Trusses: Week 6 As-Planned Start: 6 As-Planned End: 10
	Labor:
		3_Trusses Assemble Crew:
		LaborType	As-Built	As-Planned	Difference
		(labor)Worker:	0	6	-6
		(labor)Foreman:	0	1	-1

	Materials:
		Material	As-Built	As-Planned	Difference
		truss connections:	0	4000	-4000

Activity 2 - 2_Cutting Members: Week 6 As-Planned Start: 3 As-Planned End: 6
	Labor:
		2_Cutting Crew:
		LaborType	As-Built	As-Planned	Difference
		(labor)Equipment Operator :	1	0	1
		(labor)Worker:	3	0	3
		(labor)Foreman:	1	0	1
		(equi)Cutting Machine:	1	0	1

	Materials:
		Material	As-Built	As-Planned	Difference
		cutting members:	0	0	0
--------------------------------------------------------------


=======================================================================>
Bad weather, productivities reduce to 50%! 
Bad weather, productivities reduce to 50%! 
(Rule Bad weather)
=======================================================================>

The rate for 2_Cutting Members is 0.0
New Rate is: 0.0

*************************
HistoryTimeID is: 6924.
*************************

2_Cutting Members

Activity 3_Assemble Trusses: Week 7 As-Planned Start: 6 As-Planned End: 10
	As-Built	As-Planned	Difference
Material:	$0.00	$12000.00	-$12000.00
Labor:	$0.00	$2768.80	-$2768.80
Indirect:	$0.00	$1800.00	-$1800.00


Activity 2_Cutting Members: Week 7 As-Planned Start: 3 As-Planned End: 6
	As-Built	As-Planned	Difference
Material:	$0.00	$0.00	$0.00
Labor:	$0.00	$0.00	$0.00
Indirect:	$2700.00	$0.00	$2700.00

Stock Value:
	$0.00	$0.00

Totals
	As-Built	As-Planned	Difference
Material:	$55000.00	$88000.00	-$33000.00
Labor:	$10018.96	$15556.56	-$5537.60
Indirect:	$15000.00	$13200.00	$1800.00


Resource Usage -----------------------------------------------

Activity 3 - 3_Assemble Trusses: Week 7 As-Planned Start: 6 As-Planned End: 10
	Labor:
		3_Trusses Assemble Crew:
		LaborType	As-Built	As-Planned	Difference
		(labor)Worker:	0	6	-6
		(labor)Foreman:	0	1	-1

	Materials:
		Material	As-Built	As-Planned	Difference
		truss connections:	0	4000	-4000

Activity 2 - 2_Cutting Members: Week 7 As-Planned Start: 3 As-Planned End: 6
	Labor:
		2_Cutting Crew:
		LaborType	As-Built	As-Planned	Difference
		(labor)Equipment Operator :	1	0	1
		(labor)Worker:	3	0	3
		(labor)Foreman:	1	0	1
		(equi)Cutting Machine:	1	0	1

	Materials:
		Material	As-Built	As-Planned	Difference
		cutting members:	0	0	0
--------------------------------------------------------------

The rate for 2_Cutting Members is 0.0
New Rate is: 0.0

*************************
HistoryTimeID is: 6925.
*************************

2_Cutting Members

Activity 3_Assemble Trusses: Week 8 As-Planned Start: 6 As-Planned End: 10
	As-Built	As-Planned	Difference
Material:	$0.00	$12000.00	-$12000.00
Labor:	$0.00	$2768.80	-$2768.80
Indirect:	$0.00	$1800.00	-$1800.00


Activity 2_Cutting Members: Week 8 As-Planned Start: 3 As-Planned End: 6
	As-Built	As-Planned	Difference
Material:	$0.00	$0.00	$0.00
Labor:	$2539.12	$0.00	$2539.12
Indirect:	$2700.00	$0.00	$2700.00

Stock Value:
	$0.00	$0.00

Totals
	As-Built	As-Planned	Difference
Material:	$55000.00	$100000.00	-$45000.00
Labor:	$12558.08	$18325.36	-$5767.28
Indirect:	$17700.00	$15000.00	$2700.00


Resource Usage -----------------------------------------------

Activity 3 - 3_Assemble Trusses: Week 8 As-Planned Start: 6 As-Planned End: 10
	Labor:
		3_Trusses Assemble Crew:
		LaborType	As-Built	As-Planned	Difference
		(labor)Worker:	0	6	-6
		(labor)Foreman:	0	1	-1

	Materials:
		Material	As-Built	As-Planned	Difference
		truss connections:	0	4000	-4000

Activity 2 - 2_Cutting Members: Week 8 As-Planned Start: 3 As-Planned End: 6
	Labor:
		2_Cutting Crew:
		LaborType	As-Built	As-Planned	Difference
		(labor)Equipment Operator :	1	0	1
		(labor)Worker:	3	0	3
		(labor)Foreman:	1	0	1
		(equi)Cutting Machine:	1	0	1

	Materials:
		Material	As-Built	As-Planned	Difference
		cutting members:	0	0	0
--------------------------------------------------------------

The rate for 2_Cutting Members is 0.0
New Rate is: 0.0

*************************
HistoryTimeID is: 6926.
*************************

2_Cutting Members

Activity 3_Assemble Trusses: Week 9 As-Planned Start: 6 As-Planned End: 10
	As-Built	As-Planned	Difference
Material:	$0.00	$12000.00	-$12000.00
Labor:	$0.00	$2768.80	-$2768.80
Indirect:	$0.00	$1800.00	-$1800.00


Activity 2_Cutting Members: Week 9 As-Planned Start: 3 As-Planned End: 6
	As-Built	As-Planned	Difference
Material:	$0.00	$0.00	$0.00
Labor:	$2539.12	$0.00	$2539.12
Indirect:	$2700.00	$0.00	$2700.00

Stock Value:
	$0.00	$0.00

Totals
	As-Built	As-Planned	Difference
Material:	$55000.00	$112000.00	-$57000.00
Labor:	$15097.20	$21094.16	-$5996.96
Indirect:	$20400.00	$16800.00	$3600.00


Resource Usage -----------------------------------------------

Activity 3 - 3_Assemble Trusses: Week 9 As-Planned Start: 6 As-Planned End: 10
	Labor:
		3_Trusses Assemble Crew:
		LaborType	As-Built	As-Planned	Difference
		(labor)Worker:	0	6	-6
		(labor)Foreman:	0	1	-1

	Materials:
		Material	As-Built	As-Planned	Difference
		truss connections:	0	4000	-4000

Activity 2 - 2_Cutting Members: Week 9 As-Planned Start: 3 As-Planned End: 6
	Labor:
		2_Cutting Crew:
		LaborType	As-Built	As-Planned	Difference
		(labor)Equipment Operator :	1	0	1
		(labor)Worker:	3	0	3
		(labor)Foreman:	1	0	1
		(equi)Cutting Machine:	1	0	1

	Materials:
		Material	As-Built	As-Planned	Difference
		cutting members:	0	0	0
--------------------------------------------------------------

The rate for 2_Cutting Members is 0.0
New Rate is: 0.0

*************************
HistoryTimeID is: 6927.
*************************

2_Cutting Members

Activity 3_Assemble Trusses: Week 10 As-Planned Start: 6 As-Planned End: 10
	As-Built	As-Planned	Difference
Material:	$0.00	$0.00	$0.00
Labor:	$0.00	$0.00	$0.00
Indirect:	$0.00	$0.00	$0.00


Activity 2_Cutting Members: Week 10 As-Planned Start: 3 As-Planned End: 6
	As-Built	As-Planned	Difference
Material:	$0.00	$0.00	$0.00
Labor:	$2539.12	$0.00	$2539.12
Indirect:	$2700.00	$0.00	$2700.00


Activity 4_Assemble Bridge: Week 10 As-Planned Start: 10 As-Planned End: 13
	As-Built	As-Planned	Difference
Material:	$0.00	$9000.00	-$9000.00
Labor:	$0.00	$2539.12	-$2539.12
Indirect:	$0.00	$1350.00	-$1350.00

Stock Value:
	$0.00	$0.00

Totals
	As-Built	As-Planned	Difference
Material:	$55000.00	$121000.00	-$66000.00
Labor:	$17636.32	$23633.28	-$5996.96
Indirect:	$23100.00	$18150.00	$4950.00


Resource Usage -----------------------------------------------

Activity 3 - 3_Assemble Trusses: Week 10 As-Planned Start: 6 As-Planned End: 10
	Labor:
		3_Trusses Assemble Crew:
		LaborType	As-Built	As-Planned	Difference
		(labor)Worker:	0	0	0
		(labor)Foreman:	0	0	0

	Materials:
		Material	As-Built	As-Planned	Difference
		truss connections:	0	0	0

Activity 2 - 2_Cutting Members: Week 10 As-Planned Start: 3 As-Planned End: 6
	Labor:
		2_Cutting Crew:
		LaborType	As-Built	As-Planned	Difference
		(labor)Equipment Operator :	1	0	1
		(labor)Worker:	3	0	3
		(labor)Foreman:	1	0	1
		(equi)Cutting Machine:	1	0	1

	Materials:
		Material	As-Built	As-Planned	Difference
		cutting members:	0	0	0

Activity 4 - 4_Assemble Bridge: Week 10 As-Planned Start: 10 As-Planned End: 13
	Labor:
		4_Bridge Assemble Crew:
		LaborType	As-Built	As-Planned	Difference
		(labor)Equipment Operator :	0	1	-1
		(labor)Worker:	0	3	-3
		(labor)Foreman:	0	1	-1
		(equi)Crane:	0	1	-1

	Materials:
		Material	As-Built	As-Planned	Difference
		bridge decking:	0	3000	-3000
--------------------------------------------------------------

The rate for 2_Cutting Members is 0.0
New Rate is: 0.0

*************************
HistoryTimeID is: 6928.
*************************

2_Cutting Members

Activity 3_Assemble Trusses: Week 11 As-Planned Start: 6 As-Planned End: 10
	As-Built	As-Planned	Difference
Material:	$0.00	$0.00	$0.00
Labor:	$0.00	$0.00	$0.00
Indirect:	$0.00	$0.00	$0.00


Activity 2_Cutting Members: Week 11 As-Planned Start: 3 As-Planned End: 6
	As-Built	As-Planned	Difference
Material:	$0.00	$0.00	$0.00
Labor:	$2539.12	$0.00	$2539.12
Indirect:	$2700.00	$0.00	$2700.00


Activity 4_Assemble Bridge: Week 11 As-Planned Start: 10 As-Planned End: 13
	As-Built	As-Planned	Difference
Material:	$0.00	$9000.00	-$9000.00
Labor:	$0.00	$2539.12	-$2539.12
Indirect:	$0.00	$1350.00	-$1350.00

Stock Value:
	$0.00	$0.00

Totals
	As-Built	As-Planned	Difference
Material:	$55000.00	$130000.00	-$75000.00
Labor:	$20175.44	$26172.40	-$5996.96
Indirect:	$25800.00	$19500.00	$6300.00


Resource Usage -----------------------------------------------

Activity 3 - 3_Assemble Trusses: Week 11 As-Planned Start: 6 As-Planned End: 10
	Labor:
		3_Trusses Assemble Crew:
		LaborType	As-Built	As-Planned	Difference
		(labor)Worker:	0	0	0
		(labor)Foreman:	0	0	0

	Materials:
		Material	As-Built	As-Planned	Difference
		truss connections:	0	0	0

Activity 2 - 2_Cutting Members: Week 11 As-Planned Start: 3 As-Planned End: 6
	Labor:
		2_Cutting Crew:
		LaborType	As-Built	As-Planned	Difference
		(labor)Equipment Operator :	1	0	1
		(labor)Worker:	3	0	3
		(labor)Foreman:	1	0	1
		(equi)Cutting Machine:	1	0	1

	Materials:
		Material	As-Built	As-Planned	Difference
		cutting members:	0	0	0

Activity 4 - 4_Assemble Bridge: Week 11 As-Planned Start: 10 As-Planned End: 13
	Labor:
		4_Bridge Assemble Crew:
		LaborType	As-Built	As-Planned	Difference
		(labor)Equipment Operator :	0	1	-1
		(labor)Worker:	0	3	-3
		(labor)Foreman:	0	1	-1
		(equi)Crane:	0	1	-1

	Materials:
		Material	As-Built	As-Planned	Difference
		bridge decking:	0	3000	-3000
--------------------------------------------------------------


=======================================================================>
Bad weather, productivities reduce to 50%! 
Bad weather, productivities reduce to 50%! 
(Rule Bad weather)
=======================================================================>

The rate for 2_Cutting Members is 0.0
New Rate is: 0.0

*************************
HistoryTimeID is: 6929.
*************************

2_Cutting Members

Activity 3_Assemble Trusses: Week 12 As-Planned Start: 6 As-Planned End: 10
	As-Built	As-Planned	Difference
Material:	$0.00	$0.00	$0.00
Labor:	$0.00	$0.00	$0.00
Indirect:	$0.00	$0.00	$0.00


Activity 2_Cutting Members: Week 12 As-Planned Start: 3 As-Planned End: 6
	As-Built	As-Planned	Difference
Material:	$0.00	$0.00	$0.00
Labor:	$2539.12	$0.00	$2539.12
Indirect:	$2700.00	$0.00	$2700.00


Activity 4_Assemble Bridge: Week 12 As-Planned Start: 10 As-Planned End: 13
	As-Built	As-Planned	Difference
Material:	$0.00	$9000.00	-$9000.00
Labor:	$0.00	$2539.12	-$2539.12
Indirect:	$0.00	$1350.00	-$1350.00

Stock Value:
	$0.00	$0.00

Totals
	As-Built	As-Planned	Difference
Material:	$55000.00	$139000.00	-$84000.00
Labor:	$22714.56	$28711.52	-$5996.96
Indirect:	$28500.00	$20850.00	$7650.00


Resource Usage -----------------------------------------------

Activity 3 - 3_Assemble Trusses: Week 12 As-Planned Start: 6 As-Planned End: 10
	Labor:
		3_Trusses Assemble Crew:
		LaborType	As-Built	As-Planned	Difference
		(labor)Worker:	0	0	0
		(labor)Foreman:	0	0	0

	Materials:
		Material	As-Built	As-Planned	Difference
		truss connections:	0	0	0

Activity 2 - 2_Cutting Members: Week 12 As-Planned Start: 3 As-Planned End: 6
	Labor:
		2_Cutting Crew:
		LaborType	As-Built	As-Planned	Difference
		(labor)Equipment Operator :	1	0	1
		(labor)Worker:	3	0	3
		(labor)Foreman:	1	0	1
		(equi)Cutting Machine:	1	0	1

	Materials:
		Material	As-Built	As-Planned	Difference
		cutting members:	0	0	0

Activity 4 - 4_Assemble Bridge: Week 12 As-Planned Start: 10 As-Planned End: 13
	Labor:
		4_Bridge Assemble Crew:
		LaborType	As-Built	As-Planned	Difference
		(labor)Equipment Operator :	0	1	-1
		(labor)Worker:	0	3	-3
		(labor)Foreman:	0	1	-1
		(equi)Crane:	0	1	-1

	Materials:
		Material	As-Built	As-Planned	Difference
		bridge decking:	0	3000	-3000
--------------------------------------------------------------

The rate for 2_Cutting Members is 0.0
New Rate is: 0.0

*************************
HistoryTimeID is: 6930.
*************************

2_Cutting Members

Activity 5_Load Test: Week 13 As-Planned Start: 13 As-Planned End: 14
	As-Built	As-Planned	Difference
Material:	$0.00	$15000.00	-$15000.00
Labor:	$0.00	$2539.12	-$2539.12
Indirect:	$0.00	$2250.00	-$2250.00


Activity 3_Assemble Trusses: Week 13 As-Planned Start: 6 As-Planned End: 10
	As-Built	As-Planned	Difference
Material:	$0.00	$0.00	$0.00
Labor:	$0.00	$0.00	$0.00
Indirect:	$0.00	$0.00	$0.00


Activity 2_Cutting Members: Week 13 As-Planned Start: 3 As-Planned End: 6
	As-Built	As-Planned	Difference
Material:	$0.00	$0.00	$0.00
Labor:	$0.00	$0.00	$0.00
Indirect:	$2700.00	$0.00	$2700.00


Activity 4_Assemble Bridge: Week 13 As-Planned Start: 10 As-Planned End: 13
	As-Built	As-Planned	Difference
Material:	$0.00	$0.00	$0.00
Labor:	$0.00	$0.00	$0.00
Indirect:	$0.00	$0.00	$0.00

Stock Value:
	$0.00	$0.00

Totals
	As-Built	As-Planned	Difference
Material:	$55000.00	$154000.00	-$99000.00
Labor:	$22714.56	$31250.64	-$8536.08
Indirect:	$31200.00	$23100.00	$8100.00


Resource Usage -----------------------------------------------

Activity 5 - 5_Load Test: Week 13 As-Planned Start: 13 As-Planned End: 14
	Labor:
		5_Load Test Crew:
		LaborType	As-Built	As-Planned	Difference
		(labor)Equipment Operator :	0	1	-1
		(labor)Worker:	0	3	-3
		(labor)Foreman:	0	1	-1
		(equi)Load Testing Machine:	0	1	-1

	Materials:
		Material	As-Built	As-Planned	Difference
		test:	0	100	-100

Activity 3 - 3_Assemble Trusses: Week 13 As-Planned Start: 6 As-Planned End: 10
	Labor:
		3_Trusses Assemble Crew:
		LaborType	As-Built	As-Planned	Difference
		(labor)Worker:	0	0	0
		(labor)Foreman:	0	0	0

	Materials:
		Material	As-Built	As-Planned	Difference
		truss connections:	0	0	0

Activity 2 - 2_Cutting Members: Week 13 As-Planned Start: 3 As-Planned End: 6
	Labor:
		2_Cutting Crew:
		LaborType	As-Built	As-Planned	Difference
		(labor)Equipment Operator :	1	0	1
		(labor)Worker:	3	0	3
		(labor)Foreman:	1	0	1
		(equi)Cutting Machine:	1	0	1

	Materials:
		Material	As-Built	As-Planned	Difference
		cutting members:	0	0	0

Activity 4 - 4_Assemble Bridge: Week 13 As-Planned Start: 10 As-Planned End: 13
	Labor:
		4_Bridge Assemble Crew:
		LaborType	As-Built	As-Planned	Difference
		(labor)Equipment Operator :	0	0	0
		(labor)Worker:	0	0	0
		(labor)Foreman:	0	0	0
		(equi)Crane:	0	0	0

	Materials:
		Material	As-Built	As-Planned	Difference
		bridge decking:	0	0	0
--------------------------------------------------------------

The rate for 2_Cutting Members is 0.0
New Rate is: 0.0

*************************
HistoryTimeID is: 6931.
*************************

2_Cutting Members

Activity 5_Load Test: Week 14 As-Planned Start: 13 As-Planned End: 14
	As-Built	As-Planned	Difference
Material:	$0.00	$0.00	$0.00
Labor:	$0.00	$0.00	$0.00
Indirect:	$0.00	$0.00	$0.00


Activity 3_Assemble Trusses: Week 14 As-Planned Start: 6 As-Planned End: 10
	As-Built	As-Planned	Difference
Material:	$0.00	$0.00	$0.00
Labor:	$0.00	$0.00	$0.00
Indirect:	$0.00	$0.00	$0.00


Activity 2_Cutting Members: Week 14 As-Planned Start: 3 As-Planned End: 6
	As-Built	As-Planned	Difference
Material:	$0.00	$0.00	$0.00
Labor:	$0.00	$0.00	$0.00
Indirect:	$2700.00	$0.00	$2700.00


Activity 4_Assemble Bridge: Week 14 As-Planned Start: 10 As-Planned End: 13
	As-Built	As-Planned	Difference
Material:	$0.00	$0.00	$0.00
Labor:	$0.00	$0.00	$0.00
Indirect:	$0.00	$0.00	$0.00

Stock Value:
	$0.00	$0.00

Totals
	As-Built	As-Planned	Difference
Material:	$55000.00	$154000.00	-$99000.00
Labor:	$22714.56	$31250.64	-$8536.08
Indirect:	$33900.00	$23100.00	$10800.00


Resource Usage -----------------------------------------------

Activity 5 - 5_Load Test: Week 14 As-Planned Start: 13 As-Planned End: 14
	Labor:
		5_Load Test Crew:
		LaborType	As-Built	As-Planned	Difference
		(labor)Equipment Operator :	0	0	0
		(labor)Worker:	0	0	0
		(labor)Foreman:	0	0	0
		(equi)Load Testing Machine:	0	0	0

	Materials:
		Material	As-Built	As-Planned	Difference
		test:	0	0	0

Activity 3 - 3_Assemble Trusses: Week 14 As-Planned Start: 6 As-Planned End: 10
	Labor:
		3_Trusses Assemble Crew:
		LaborType	As-Built	As-Planned	Difference
		(labor)Worker:	0	0	0
		(labor)Foreman:	0	0	0

	Materials:
		Material	As-Built	As-Planned	Difference
		truss connections:	0	0	0

Activity 2 - 2_Cutting Members: Week 14 As-Planned Start: 3 As-Planned End: 6
	Labor:
		2_Cutting Crew:
		LaborType	As-Built	As-Planned	Difference
		(labor)Equipment Operator :	1	0	1
		(labor)Worker:	3	0	3
		(labor)Foreman:	1	0	1
		(equi)Cutting Machine:	1	0	1

	Materials:
		Material	As-Built	As-Planned	Difference
		cutting members:	0	0	0

Activity 4 - 4_Assemble Bridge: Week 14 As-Planned Start: 10 As-Planned End: 13
	Labor:
		4_Bridge Assemble Crew:
		LaborType	As-Built	As-Planned	Difference
		(labor)Equipment Operator :	0	0	0
		(labor)Worker:	0	0	0
		(labor)Foreman:	0	0	0
		(equi)Crane:	0	0	0

	Materials:
		Material	As-Built	As-Planned	Difference
		bridge decking:	0	0	0
--------------------------------------------------------------

The rate for 2_Cutting Members is 0.0
New Rate is: 0.0

*************************
HistoryTimeID is: 6932.
*************************

2_Cutting Members

Activity 5_Load Test: Week 15 As-Planned Start: 13 As-Planned End: 14
	As-Built	As-Planned	Difference
Material:	$0.00	-$15000.00	$15000.00
Labor:	$0.00	-$2539.12	$2539.12
Indirect:	$0.00	-$2250.00	$2250.00


Activity 3_Assemble Trusses: Week 15 As-Planned Start: 6 As-Planned End: 10
	As-Built	As-Planned	Difference
Material:	$0.00	-$48000.00	$48000.00
Labor:	$0.00	-$11075.20	$11075.20
Indirect:	$0.00	-$7200.00	$7200.00


Activity 2_Cutting Members: Week 15 As-Planned Start: 3 As-Planned End: 6
	As-Built	As-Planned	Difference
Material:	$0.00	-$54000.00	$54000.00
Labor:	$2539.12	-$7617.36	$10156.48
Indirect:	$2700.00	-$8100.00	$10800.00


Activity 4_Assemble Bridge: Week 15 As-Planned Start: 10 As-Planned End: 13
	As-Built	As-Planned	Difference
Material:	$0.00	-$27000.00	$27000.00
Labor:	$0.00	-$7617.36	$7617.36
Indirect:	$0.00	-$4050.00	$4050.00

Stock Value:
	$0.00	$0.00

Totals
	As-Built	As-Planned	Difference
Material:	$55000.00	$0.00	$55000.00
Labor:	$25253.68	$0.00	$25253.68
Indirect:	$36600.00	$0.00	$36600.00


Resource Usage -----------------------------------------------

Activity 5 - 5_Load Test: Week 15 As-Planned Start: 13 As-Planned End: 14
	Labor:
		5_Load Test Crew:
		LaborType	As-Built	As-Planned	Difference
		(labor)Equipment Operator :	0	0	0
		(labor)Worker:	0	0	0
		(labor)Foreman:	0	0	0
		(equi)Load Testing Machine:	0	0	0

	Materials:
		Material	As-Built	As-Planned	Difference
		test:	0	0	0

Activity 3 - 3_Assemble Trusses: Week 15 As-Planned Start: 6 As-Planned End: 10
	Labor:
		3_Trusses Assemble Crew:
		LaborType	As-Built	As-Planned	Difference
		(labor)Worker:	0	0	0
		(labor)Foreman:	0	0	0

	Materials:
		Material	As-Built	As-Planned	Difference
		truss connections:	0	0	0

Activity 2 - 2_Cutting Members: Week 15 As-Planned Start: 3 As-Planned End: 6
	Labor:
		2_Cutting Crew:
		LaborType	As-Built	As-Planned	Difference
		(labor)Equipment Operator :	1	0	1
		(labor)Worker:	3	0	3
		(labor)Foreman:	1	0	1
		(equi)Cutting Machine:	1	0	1

	Materials:
		Material	As-Built	As-Planned	Difference
		cutting members:	0	0	0

Activity 4 - 4_Assemble Bridge: Week 15 As-Planned Start: 10 As-Planned End: 13
	Labor:
		4_Bridge Assemble Crew:
		LaborType	As-Built	As-Planned	Difference
		(labor)Equipment Operator :	0	0	0
		(labor)Worker:	0	0	0
		(labor)Foreman:	0	0	0
		(equi)Crane:	0	0	0

	Materials:
		Material	As-Built	As-Planned	Difference
		bridge decking:	0	0	0
--------------------------------------------------------------

The rate for 2_Cutting Members is 0.0
New Rate is: 0.0

*************************
HistoryTimeID is: 6933.
*************************

2_Cutting Members

Activity 5_Load Test: Week 16 As-Planned Start: 13 As-Planned End: 14
	As-Built	As-Planned	Difference
Material:	$0.00	$0.00	$0.00
Labor:	$0.00	$0.00	$0.00
Indirect:	$0.00	$0.00	$0.00


Activity 3_Assemble Trusses: Week 16 As-Planned Start: 6 As-Planned End: 10
	As-Built	As-Planned	Difference
Material:	$0.00	$0.00	$0.00
Labor:	$0.00	$0.00	$0.00
Indirect:	$0.00	$0.00	$0.00


Activity 2_Cutting Members: Week 16 As-Planned Start: 3 As-Planned End: 6
	As-Built	As-Planned	Difference
Material:	$0.00	$0.00	$0.00
Labor:	$2539.12	$0.00	$2539.12
Indirect:	$2700.00	$0.00	$2700.00


Activity 4_Assemble Bridge: Week 16 As-Planned Start: 10 As-Planned End: 13
	As-Built	As-Planned	Difference
Material:	$0.00	$0.00	$0.00
Labor:	$0.00	$0.00	$0.00
Indirect:	$0.00	$0.00	$0.00

Stock Value:
	$0.00	$0.00

Totals
	As-Built	As-Planned	Difference
Material:	$55000.00	$0.00	$55000.00
Labor:	$27792.80	$0.00	$27792.80
Indirect:	$39300.00	$0.00	$39300.00


Resource Usage -----------------------------------------------

Activity 5 - 5_Load Test: Week 16 As-Planned Start: 13 As-Planned End: 14
	Labor:
		5_Load Test Crew:
		LaborType	As-Built	As-Planned	Difference
		(labor)Equipment Operator :	0	0	0
		(labor)Worker:	0	0	0
		(labor)Foreman:	0	0	0
		(equi)Load Testing Machine:	0	0	0

	Materials:
		Material	As-Built	As-Planned	Difference
		test:	0	0	0

Activity 3 - 3_Assemble Trusses: Week 16 As-Planned Start: 6 As-Planned End: 10
	Labor:
		3_Trusses Assemble Crew:
		LaborType	As-Built	As-Planned	Difference
		(labor)Worker:	0	0	0
		(labor)Foreman:	0	0	0

	Materials:
		Material	As-Built	As-Planned	Difference
		truss connections:	0	0	0

Activity 2 - 2_Cutting Members: Week 16 As-Planned Start: 3 As-Planned End: 6
	Labor:
		2_Cutting Crew:
		LaborType	As-Built	As-Planned	Difference
		(labor)Equipment Operator :	1	0	1
		(labor)Worker:	3	0	3
		(labor)Foreman:	1	0	1
		(equi)Cutting Machine:	1	0	1

	Materials:
		Material	As-Built	As-Planned	Difference
		cutting members:	0	0	0

Activity 4 - 4_Assemble Bridge: Week 16 As-Planned Start: 10 As-Planned End: 13
	Labor:
		4_Bridge Assemble Crew:
		LaborType	As-Built	As-Planned	Difference
		(labor)Equipment Operator :	0	0	0
		(labor)Worker:	0	0	0
		(labor)Foreman:	0	0	0
		(equi)Crane:	0	0	0

	Materials:
		Material	As-Built	As-Planned	Difference
		bridge decking:	0	0	0
--------------------------------------------------------------

The rate for 2_Cutting Members is 0.0
New Rate is: 0.0

*************************
HistoryTimeID is: 6934.
*************************

2_Cutting Members

Activity 5_Load Test: Week 17 As-Planned Start: 13 As-Planned End: 14
	As-Built	As-Planned	Difference
Material:	$0.00	$0.00	$0.00
Labor:	$0.00	$0.00	$0.00
Indirect:	$0.00	$0.00	$0.00


Activity 3_Assemble Trusses: Week 17 As-Planned Start: 6 As-Planned End: 10
	As-Built	As-Planned	Difference
Material:	$0.00	$0.00	$0.00
Labor:	$0.00	$0.00	$0.00
Indirect:	$0.00	$0.00	$0.00


Activity 2_Cutting Members: Week 17 As-Planned Start: 3 As-Planned End: 6
	As-Built	As-Planned	Difference
Material:	$0.00	$0.00	$0.00
Labor:	$2539.12	$0.00	$2539.12
Indirect:	$2700.00	$0.00	$2700.00


Activity 4_Assemble Bridge: Week 17 As-Planned Start: 10 As-Planned End: 13
	As-Built	As-Planned	Difference
Material:	$0.00	$0.00	$0.00
Labor:	$0.00	$0.00	$0.00
Indirect:	$0.00	$0.00	$0.00

Stock Value:
	$0.00	$0.00

Totals
	As-Built	As-Planned	Difference
Material:	$55000.00	$0.00	$55000.00
Labor:	$30331.92	$0.00	$30331.92
Indirect:	$42000.00	$0.00	$42000.00


Resource Usage -----------------------------------------------

Activity 5 - 5_Load Test: Week 17 As-Planned Start: 13 As-Planned End: 14
	Labor:
		5_Load Test Crew:
		LaborType	As-Built	As-Planned	Difference
		(labor)Equipment Operator :	0	0	0
		(labor)Worker:	0	0	0
		(labor)Foreman:	0	0	0
		(equi)Load Testing Machine:	0	0	0

	Materials:
		Material	As-Built	As-Planned	Difference
		test:	0	0	0

Activity 3 - 3_Assemble Trusses: Week 17 As-Planned Start: 6 As-Planned End: 10
	Labor:
		3_Trusses Assemble Crew:
		LaborType	As-Built	As-Planned	Difference
		(labor)Worker:	0	0	0
		(labor)Foreman:	0	0	0

	Materials:
		Material	As-Built	As-Planned	Difference
		truss connections:	0	0	0

Activity 2 - 2_Cutting Members: Week 17 As-Planned Start: 3 As-Planned End: 6
	Labor:
		2_Cutting Crew:
		LaborType	As-Built	As-Planned	Difference
		(labor)Equipment Operator :	1	0	1
		(labor)Worker:	3	0	3
		(labor)Foreman:	1	0	1
		(equi)Cutting Machine:	1	0	1

	Materials:
		Material	As-Built	As-Planned	Difference
		cutting members:	0	0	0

Activity 4 - 4_Assemble Bridge: Week 17 As-Planned Start: 10 As-Planned End: 13
	Labor:
		4_Bridge Assemble Crew:
		LaborType	As-Built	As-Planned	Difference
		(labor)Equipment Operator :	0	0	0
		(labor)Worker:	0	0	0
		(labor)Foreman:	0	0	0
		(equi)Crane:	0	0	0

	Materials:
		Material	As-Built	As-Planned	Difference
		bridge decking:	0	0	0
--------------------------------------------------------------

The rate for 2_Cutting Members is 0.0
New Rate is: 0.0

*************************
HistoryTimeID is: 6935.
*************************

2_Cutting Members

Activity 5_Load Test: Week 18 As-Planned Start: 13 As-Planned End: 14
	As-Built	As-Planned	Difference
Material:	$0.00	$0.00	$0.00
Labor:	$0.00	$0.00	$0.00
Indirect:	$0.00	$0.00	$0.00


Activity 3_Assemble Trusses: Week 18 As-Planned Start: 6 As-Planned End: 10
	As-Built	As-Planned	Difference
Material:	$0.00	$0.00	$0.00
Labor:	$0.00	$0.00	$0.00
Indirect:	$0.00	$0.00	$0.00


Activity 2_Cutting Members: Week 18 As-Planned Start: 3 As-Planned End: 6
	As-Built	As-Planned	Difference
Material:	$0.00	$0.00	$0.00
Labor:	$2539.12	$0.00	$2539.12
Indirect:	$2700.00	$0.00	$2700.00


Activity 4_Assemble Bridge: Week 18 As-Planned Start: 10 As-Planned End: 13
	As-Built	As-Planned	Difference
Material:	$0.00	$0.00	$0.00
Labor:	$0.00	$0.00	$0.00
Indirect:	$0.00	$0.00	$0.00

Stock Value:
	$0.00	$0.00

Totals
	As-Built	As-Planned	Difference
Material:	$55000.00	$0.00	$55000.00
Labor:	$32871.04	$0.00	$32871.04
Indirect:	$44700.00	$0.00	$44700.00


Resource Usage -----------------------------------------------

Activity 5 - 5_Load Test: Week 18 As-Planned Start: 13 As-Planned End: 14
	Labor:
		5_Load Test Crew:
		LaborType	As-Built	As-Planned	Difference
		(labor)Equipment Operator :	0	0	0
		(labor)Worker:	0	0	0
		(labor)Foreman:	0	0	0
		(equi)Load Testing Machine:	0	0	0

	Materials:
		Material	As-Built	As-Planned	Difference
		test:	0	0	0

Activity 3 - 3_Assemble Trusses: Week 18 As-Planned Start: 6 As-Planned End: 10
	Labor:
		3_Trusses Assemble Crew:
		LaborType	As-Built	As-Planned	Difference
		(labor)Worker:	0	0	0
		(labor)Foreman:	0	0	0

	Materials:
		Material	As-Built	As-Planned	Difference
		truss connections:	0	0	0

Activity 2 - 2_Cutting Members: Week 18 As-Planned Start: 3 As-Planned End: 6
	Labor:
		2_Cutting Crew:
		LaborType	As-Built	As-Planned	Difference
		(labor)Equipment Operator :	1	0	1
		(labor)Worker:	3	0	3
		(labor)Foreman:	1	0	1
		(equi)Cutting Machine:	1	0	1

	Materials:
		Material	As-Built	As-Planned	Difference
		cutting members:	0	0	0

Activity 4 - 4_Assemble Bridge: Week 18 As-Planned Start: 10 As-Planned End: 13
	Labor:
		4_Bridge Assemble Crew:
		LaborType	As-Built	As-Planned	Difference
		(labor)Equipment Operator :	0	0	0
		(labor)Worker:	0	0	0
		(labor)Foreman:	0	0	0
		(equi)Crane:	0	0	0

	Materials:
		Material	As-Built	As-Planned	Difference
		bridge decking:	0	0	0
--------------------------------------------------------------

The rate for 2_Cutting Members is 0.0
New Rate is: 0.0

*************************
HistoryTimeID is: 6936.
*************************

2_Cutting Members

Activity 5_Load Test: Week 19 As-Planned Start: 13 As-Planned End: 14
	As-Built	As-Planned	Difference
Material:	$0.00	$0.00	$0.00
Labor:	$0.00	$0.00	$0.00
Indirect:	$0.00	$0.00	$0.00


Activity 3_Assemble Trusses: Week 19 As-Planned Start: 6 As-Planned End: 10
	As-Built	As-Planned	Difference
Material:	$0.00	$0.00	$0.00
Labor:	$0.00	$0.00	$0.00
Indirect:	$0.00	$0.00	$0.00


Activity 2_Cutting Members: Week 19 As-Planned Start: 3 As-Planned End: 6
	As-Built	As-Planned	Difference
Material:	$0.00	$0.00	$0.00
Labor:	$2539.12	$0.00	$2539.12
Indirect:	$2700.00	$0.00	$2700.00


Activity 4_Assemble Bridge: Week 19 As-Planned Start: 10 As-Planned End: 13
	As-Built	As-Planned	Difference
Material:	$0.00	$0.00	$0.00
Labor:	$0.00	$0.00	$0.00
Indirect:	$0.00	$0.00	$0.00

Stock Value:
	$0.00	$0.00

Totals
	As-Built	As-Planned	Difference
Material:	$55000.00	$0.00	$55000.00
Labor:	$35410.16	$0.00	$35410.16
Indirect:	$47400.00	$0.00	$47400.00


Resource Usage -----------------------------------------------

Activity 5 - 5_Load Test: Week 19 As-Planned Start: 13 As-Planned End: 14
	Labor:
		5_Load Test Crew:
		LaborType	As-Built	As-Planned	Difference
		(labor)Equipment Operator :	0	0	0
		(labor)Worker:	0	0	0
		(labor)Foreman:	0	0	0
		(equi)Load Testing Machine:	0	0	0

	Materials:
		Material	As-Built	As-Planned	Difference
		test:	0	0	0

Activity 3 - 3_Assemble Trusses: Week 19 As-Planned Start: 6 As-Planned End: 10
	Labor:
		3_Trusses Assemble Crew:
		LaborType	As-Built	As-Planned	Difference
		(labor)Worker:	0	0	0
		(labor)Foreman:	0	0	0

	Materials:
		Material	As-Built	As-Planned	Difference
		truss connections:	0	0	0

Activity 2 - 2_Cutting Members: Week 19 As-Planned Start: 3 As-Planned End: 6
	Labor:
		2_Cutting Crew:
		LaborType	As-Built	As-Planned	Difference
		(labor)Equipment Operator :	1	0	1
		(labor)Worker:	3	0	3
		(labor)Foreman:	1	0	1
		(equi)Cutting Machine:	1	0	1

	Materials:
		Material	As-Built	As-Planned	Difference
		cutting members:	0	0	0

Activity 4 - 4_Assemble Bridge: Week 19 As-Planned Start: 10 As-Planned End: 13
	Labor:
		4_Bridge Assemble Crew:
		LaborType	As-Built	As-Planned	Difference
		(labor)Equipment Operator :	0	0	0
		(labor)Worker:	0	0	0
		(labor)Foreman:	0	0	0
		(equi)Crane:	0	0	0

	Materials:
		Material	As-Built	As-Planned	Difference
		bridge decking:	0	0	0
--------------------------------------------------------------


=======================================================================>
Bad weather, productivities reduce to 50%! 
Bad weather, productivities reduce to 50%! 
(Rule Bad weather)
=======================================================================>

The rate for 2_Cutting Members is 0.0
New Rate is: 0.0

*************************
HistoryTimeID is: 6937.
*************************

2_Cutting Members

Activity 5_Load Test: Week 20 As-Planned Start: 13 As-Planned End: 14
	As-Built	As-Planned	Difference
Material:	$0.00	$0.00	$0.00
Labor:	$0.00	$0.00	$0.00
Indirect:	$0.00	$0.00	$0.00


Activity 3_Assemble Trusses: Week 20 As-Planned Start: 6 As-Planned End: 10
	As-Built	As-Planned	Difference
Material:	$0.00	$0.00	$0.00
Labor:	$0.00	$0.00	$0.00
Indirect:	$0.00	$0.00	$0.00


Activity 2_Cutting Members: Week 20 As-Planned Start: 3 As-Planned End: 6
	As-Built	As-Planned	Difference
Material:	$0.00	$0.00	$0.00
Labor:	$0.00	$0.00	$0.00
Indirect:	$2700.00	$0.00	$2700.00


Activity 4_Assemble Bridge: Week 20 As-Planned Start: 10 As-Planned End: 13
	As-Built	As-Planned	Difference
Material:	$0.00	$0.00	$0.00
Labor:	$0.00	$0.00	$0.00
Indirect:	$0.00	$0.00	$0.00

Stock Value:
	$0.00	$0.00

Totals
	As-Built	As-Planned	Difference
Material:	$55000.00	$0.00	$55000.00
Labor:	$35410.16	$0.00	$35410.16
Indirect:	$50100.00	$0.00	$50100.00


Resource Usage -----------------------------------------------

Activity 5 - 5_Load Test: Week 20 As-Planned Start: 13 As-Planned End: 14
	Labor:
		5_Load Test Crew:
		LaborType	As-Built	As-Planned	Difference
		(labor)Equipment Operator :	0	0	0
		(labor)Worker:	0	0	0
		(labor)Foreman:	0	0	0
		(equi)Load Testing Machine:	0	0	0

	Materials:
		Material	As-Built	As-Planned	Difference
		test:	0	0	0

Activity 3 - 3_Assemble Trusses: Week 20 As-Planned Start: 6 As-Planned End: 10
	Labor:
		3_Trusses Assemble Crew:
		LaborType	As-Built	As-Planned	Difference
		(labor)Worker:	0	0	0
		(labor)Foreman:	0	0	0

	Materials:
		Material	As-Built	As-Planned	Difference
		truss connections:	0	0	0

Activity 2 - 2_Cutting Members: Week 20 As-Planned Start: 3 As-Planned End: 6
	Labor:
		2_Cutting Crew:
		LaborType	As-Built	As-Planned	Difference
		(labor)Equipment Operator :	1	0	1
		(labor)Worker:	3	0	3
		(labor)Foreman:	1	0	1
		(equi)Cutting Machine:	1	0	1

	Materials:
		Material	As-Built	As-Planned	Difference
		cutting members:	0	0	0

Activity 4 - 4_Assemble Bridge: Week 20 As-Planned Start: 10 As-Planned End: 13
	Labor:
		4_Bridge Assemble Crew:
		LaborType	As-Built	As-Planned	Difference
		(labor)Equipment Operator :	0	0	0
		(labor)Worker:	0	0	0
		(labor)Foreman:	0	0	0
		(equi)Crane:	0	0	0

	Materials:
		Material	As-Built	As-Planned	Difference
		bridge decking:	0	0	0
--------------------------------------------------------------

The rate for 2_Cutting Members is 0.0
New Rate is: 0.0

*************************
HistoryTimeID is: 6938.
*************************

2_Cutting Members

Activity 5_Load Test: Week 21 As-Planned Start: 13 As-Planned End: 14
	As-Built	As-Planned	Difference
Material:	$0.00	$0.00	$0.00
Labor:	$0.00	$0.00	$0.00
Indirect:	$0.00	$0.00	$0.00


Activity 3_Assemble Trusses: Week 21 As-Planned Start: 6 As-Planned End: 10
	As-Built	As-Planned	Difference
Material:	$0.00	$0.00	$0.00
Labor:	$0.00	$0.00	$0.00
Indirect:	$0.00	$0.00	$0.00


Activity 2_Cutting Members: Week 21 As-Planned Start: 3 As-Planned End: 6
	As-Built	As-Planned	Difference
Material:	$0.00	$0.00	$0.00
Labor:	$0.00	$0.00	$0.00
Indirect:	$2700.00	$0.00	$2700.00


Activity 4_Assemble Bridge: Week 21 As-Planned Start: 10 As-Planned End: 13
	As-Built	As-Planned	Difference
Material:	$0.00	$0.00	$0.00
Labor:	$0.00	$0.00	$0.00
Indirect:	$0.00	$0.00	$0.00

Stock Value:
	$0.00	$0.00

Totals
	As-Built	As-Planned	Difference
Material:	$55000.00	$0.00	$55000.00
Labor:	$35410.16	$0.00	$35410.16
Indirect:	$52800.00	$0.00	$52800.00


Resource Usage -----------------------------------------------

Activity 5 - 5_Load Test: Week 21 As-Planned Start: 13 As-Planned End: 14
	Labor:
		5_Load Test Crew:
		LaborType	As-Built	As-Planned	Difference
		(labor)Equipment Operator :	0	0	0
		(labor)Worker:	0	0	0
		(labor)Foreman:	0	0	0
		(equi)Load Testing Machine:	0	0	0

	Materials:
		Material	As-Built	As-Planned	Difference
		test:	0	0	0

Activity 3 - 3_Assemble Trusses: Week 21 As-Planned Start: 6 As-Planned End: 10
	Labor:
		3_Trusses Assemble Crew:
		LaborType	As-Built	As-Planned	Difference
		(labor)Worker:	0	0	0
		(labor)Foreman:	0	0	0

	Materials:
		Material	As-Built	As-Planned	Difference
		truss connections:	0	0	0

Activity 2 - 2_Cutting Members: Week 21 As-Planned Start: 3 As-Planned End: 6
	Labor:
		2_Cutting Crew:
		LaborType	As-Built	As-Planned	Difference
		(labor)Equipment Operator :	1	0	1
		(labor)Worker:	3	0	3
		(labor)Foreman:	1	0	1
		(equi)Cutting Machine:	1	0	1

	Materials:
		Material	As-Built	As-Planned	Difference
		cutting members:	0	0	0

Activity 4 - 4_Assemble Bridge: Week 21 As-Planned Start: 10 As-Planned End: 13
	Labor:
		4_Bridge Assemble Crew:
		LaborType	As-Built	As-Planned	Difference
		(labor)Equipment Operator :	0	0	0
		(labor)Worker:	0	0	0
		(labor)Foreman:	0	0	0
		(equi)Crane:	0	0	0

	Materials:
		Material	As-Built	As-Planned	Difference
		bridge decking:	0	0	0
--------------------------------------------------------------

The rate for 2_Cutting Members is 0.0
New Rate is: 0.0

*************************
HistoryTimeID is: 6939.
*************************

2_Cutting Members

Activity 5_Load Test: Week 22 As-Planned Start: 13 As-Planned End: 14
	As-Built	As-Planned	Difference
Material:	$0.00	$0.00	$0.00
Labor:	$0.00	$0.00	$0.00
Indirect:	$0.00	$0.00	$0.00


Activity 3_Assemble Trusses: Week 22 As-Planned Start: 6 As-Planned End: 10
	As-Built	As-Planned	Difference
Material:	$0.00	$0.00	$0.00
Labor:	$0.00	$0.00	$0.00
Indirect:	$0.00	$0.00	$0.00


Activity 2_Cutting Members: Week 22 As-Planned Start: 3 As-Planned End: 6
	As-Built	As-Planned	Difference
Material:	$0.00	$0.00	$0.00
Labor:	$2539.12	$0.00	$2539.12
Indirect:	$2700.00	$0.00	$2700.00


Activity 4_Assemble Bridge: Week 22 As-Planned Start: 10 As-Planned End: 13
	As-Built	As-Planned	Difference
Material:	$0.00	$0.00	$0.00
Labor:	$0.00	$0.00	$0.00
Indirect:	$0.00	$0.00	$0.00

Stock Value:
	$0.00	$0.00

Totals
	As-Built	As-Planned	Difference
Material:	$55000.00	$0.00	$55000.00
Labor:	$37949.28	$0.00	$37949.28
Indirect:	$55500.00	$0.00	$55500.00


Resource Usage -----------------------------------------------

Activity 5 - 5_Load Test: Week 22 As-Planned Start: 13 As-Planned End: 14
	Labor:
		5_Load Test Crew:
		LaborType	As-Built	As-Planned	Difference
		(labor)Equipment Operator :	0	0	0
		(labor)Worker:	0	0	0
		(labor)Foreman:	0	0	0
		(equi)Load Testing Machine:	0	0	0

	Materials:
		Material	As-Built	As-Planned	Difference
		test:	0	0	0

Activity 3 - 3_Assemble Trusses: Week 22 As-Planned Start: 6 As-Planned End: 10
	Labor:
		3_Trusses Assemble Crew:
		LaborType	As-Built	As-Planned	Difference
		(labor)Worker:	0	0	0
		(labor)Foreman:	0	0	0

	Materials:
		Material	As-Built	As-Planned	Difference
		truss connections:	0	0	0

Activity 2 - 2_Cutting Members: Week 22 As-Planned Start: 3 As-Planned End: 6
	Labor:
		2_Cutting Crew:
		LaborType	As-Built	As-Planned	Difference
		(labor)Equipment Operator :	1	0	1
		(labor)Worker:	3	0	3
		(labor)Foreman:	1	0	1
		(equi)Cutting Machine:	1	0	1

	Materials:
		Material	As-Built	As-Planned	Difference
		cutting members:	0	0	0

Activity 4 - 4_Assemble Bridge: Week 22 As-Planned Start: 10 As-Planned End: 13
	Labor:
		4_Bridge Assemble Crew:
		LaborType	As-Built	As-Planned	Difference
		(labor)Equipment Operator :	0	0	0
		(labor)Worker:	0	0	0
		(labor)Foreman:	0	0	0
		(equi)Crane:	0	0	0

	Materials:
		Material	As-Built	As-Planned	Difference
		bridge decking:	0	0	0
--------------------------------------------------------------

The rate for 2_Cutting Members is 0.0
New Rate is: 0.0

*************************
HistoryTimeID is: 6940.
*************************

2_Cutting Members

Activity 5_Load Test: Week 23 As-Planned Start: 13 As-Planned End: 14
	As-Built	As-Planned	Difference
Material:	$0.00	$0.00	$0.00
Labor:	$0.00	$0.00	$0.00
Indirect:	$0.00	$0.00	$0.00


Activity 3_Assemble Trusses: Week 23 As-Planned Start: 6 As-Planned End: 10
	As-Built	As-Planned	Difference
Material:	$0.00	$0.00	$0.00
Labor:	$0.00	$0.00	$0.00
Indirect:	$0.00	$0.00	$0.00


Activity 2_Cutting Members: Week 23 As-Planned Start: 3 As-Planned End: 6
	As-Built	As-Planned	Difference
Material:	$0.00	$0.00	$0.00
Labor:	$2539.12	$0.00	$2539.12
Indirect:	$2700.00	$0.00	$2700.00


Activity 4_Assemble Bridge: Week 23 As-Planned Start: 10 As-Planned End: 13
	As-Built	As-Planned	Difference
Material:	$0.00	$0.00	$0.00
Labor:	$0.00	$0.00	$0.00
Indirect:	$0.00	$0.00	$0.00

Stock Value:
	$0.00	$0.00

Totals
	As-Built	As-Planned	Difference
Material:	$55000.00	$0.00	$55000.00
Labor:	$40488.40	$0.00	$40488.40
Indirect:	$58200.00	$0.00	$58200.00


Resource Usage -----------------------------------------------

Activity 5 - 5_Load Test: Week 23 As-Planned Start: 13 As-Planned End: 14
	Labor:
		5_Load Test Crew:
		LaborType	As-Built	As-Planned	Difference
		(labor)Equipment Operator :	0	0	0
		(labor)Worker:	0	0	0
		(labor)Foreman:	0	0	0
		(equi)Load Testing Machine:	0	0	0

	Materials:
		Material	As-Built	As-Planned	Difference
		test:	0	0	0

Activity 3 - 3_Assemble Trusses: Week 23 As-Planned Start: 6 As-Planned End: 10
	Labor:
		3_Trusses Assemble Crew:
		LaborType	As-Built	As-Planned	Difference
		(labor)Worker:	0	0	0
		(labor)Foreman:	0	0	0

	Materials:
		Material	As-Built	As-Planned	Difference
		truss connections:	0	0	0

Activity 2 - 2_Cutting Members: Week 23 As-Planned Start: 3 As-Planned End: 6
	Labor:
		2_Cutting Crew:
		LaborType	As-Built	As-Planned	Difference
		(labor)Equipment Operator :	1	0	1
		(labor)Worker:	3	0	3
		(labor)Foreman:	1	0	1
		(equi)Cutting Machine:	1	0	1

	Materials:
		Material	As-Built	As-Planned	Difference
		cutting members:	0	0	0

Activity 4 - 4_Assemble Bridge: Week 23 As-Planned Start: 10 As-Planned End: 13
	Labor:
		4_Bridge Assemble Crew:
		LaborType	As-Built	As-Planned	Difference
		(labor)Equipment Operator :	0	0	0
		(labor)Worker:	0	0	0
		(labor)Foreman:	0	0	0
		(equi)Crane:	0	0	0

	Materials:
		Material	As-Built	As-Planned	Difference
		bridge decking:	0	0	0
--------------------------------------------------------------

The rate for 2_Cutting Members is 0.0
New Rate is: 0.0

*************************
HistoryTimeID is: 6941.
*************************

2_Cutting Members

Activity 5_Load Test: Week 24 As-Planned Start: 13 As-Planned End: 14
	As-Built	As-Planned	Difference
Material:	$0.00	$0.00	$0.00
Labor:	$0.00	$0.00	$0.00
Indirect:	$0.00	$0.00	$0.00


Activity 3_Assemble Trusses: Week 24 As-Planned Start: 6 As-Planned End: 10
	As-Built	As-Planned	Difference
Material:	$0.00	$0.00	$0.00
Labor:	$0.00	$0.00	$0.00
Indirect:	$0.00	$0.00	$0.00


Activity 2_Cutting Members: Week 24 As-Planned Start: 3 As-Planned End: 6
	As-Built	As-Planned	Difference
Material:	$0.00	$0.00	$0.00
Labor:	$2539.12	$0.00	$2539.12
Indirect:	$2700.00	$0.00	$2700.00


Activity 4_Assemble Bridge: Week 24 As-Planned Start: 10 As-Planned End: 13
	As-Built	As-Planned	Difference
Material:	$0.00	$0.00	$0.00
Labor:	$0.00	$0.00	$0.00
Indirect:	$0.00	$0.00	$0.00

Stock Value:
	$0.00	$0.00

Totals
	As-Built	As-Planned	Difference
Material:	$55000.00	$0.00	$55000.00
Labor:	$43027.52	$0.00	$43027.52
Indirect:	$60900.00	$0.00	$60900.00


Resource Usage -----------------------------------------------

Activity 5 - 5_Load Test: Week 24 As-Planned Start: 13 As-Planned End: 14
	Labor:
		5_Load Test Crew:
		LaborType	As-Built	As-Planned	Difference
		(labor)Equipment Operator :	0	0	0
		(labor)Worker:	0	0	0
		(labor)Foreman:	0	0	0
		(equi)Load Testing Machine:	0	0	0

	Materials:
		Material	As-Built	As-Planned	Difference
		test:	0	0	0

Activity 3 - 3_Assemble Trusses: Week 24 As-Planned Start: 6 As-Planned End: 10
	Labor:
		3_Trusses Assemble Crew:
		LaborType	As-Built	As-Planned	Difference
		(labor)Worker:	0	0	0
		(labor)Foreman:	0	0	0

	Materials:
		Material	As-Built	As-Planned	Difference
		truss connections:	0	0	0

Activity 2 - 2_Cutting Members: Week 24 As-Planned Start: 3 As-Planned End: 6
	Labor:
		2_Cutting Crew:
		LaborType	As-Built	As-Planned	Difference
		(labor)Equipment Operator :	1	0	1
		(labor)Worker:	3	0	3
		(labor)Foreman:	1	0	1
		(equi)Cutting Machine:	1	0	1

	Materials:
		Material	As-Built	As-Planned	Difference
		cutting members:	0	0	0

Activity 4 - 4_Assemble Bridge: Week 24 As-Planned Start: 10 As-Planned End: 13
	Labor:
		4_Bridge Assemble Crew:
		LaborType	As-Built	As-Planned	Difference
		(labor)Equipment Operator :	0	0	0
		(labor)Worker:	0	0	0
		(labor)Foreman:	0	0	0
		(equi)Crane:	0	0	0

	Materials:
		Material	As-Built	As-Planned	Difference
		bridge decking:	0	0	0
--------------------------------------------------------------

The rate for 2_Cutting Members is 0.0
New Rate is: 0.0

*************************
HistoryTimeID is: 6942.
*************************

2_Cutting Members

Activity 5_Load Test: Week 25 As-Planned Start: 13 As-Planned End: 14
	As-Built	As-Planned	Difference
Material:	$0.00	$0.00	$0.00
Labor:	$0.00	$0.00	$0.00
Indirect:	$0.00	$0.00	$0.00


Activity 3_Assemble Trusses: Week 25 As-Planned Start: 6 As-Planned End: 10
	As-Built	As-Planned	Difference
Material:	$0.00	$0.00	$0.00
Labor:	$0.00	$0.00	$0.00
Indirect:	$0.00	$0.00	$0.00


Activity 2_Cutting Members: Week 25 As-Planned Start: 3 As-Planned End: 6
	As-Built	As-Planned	Difference
Material:	$0.00	$0.00	$0.00
Labor:	$2539.12	$0.00	$2539.12
Indirect:	$2700.00	$0.00	$2700.00


Activity 4_Assemble Bridge: Week 25 As-Planned Start: 10 As-Planned End: 13
	As-Built	As-Planned	Difference
Material:	$0.00	$0.00	$0.00
Labor:	$0.00	$0.00	$0.00
Indirect:	$0.00	$0.00	$0.00

Stock Value:
	$0.00	$0.00

Totals
	As-Built	As-Planned	Difference
Material:	$55000.00	$0.00	$55000.00
Labor:	$45566.64	$0.00	$45566.64
Indirect:	$63600.00	$0.00	$63600.00


Resource Usage -----------------------------------------------

Activity 5 - 5_Load Test: Week 25 As-Planned Start: 13 As-Planned End: 14
	Labor:
		5_Load Test Crew:
		LaborType	As-Built	As-Planned	Difference
		(labor)Equipment Operator :	0	0	0
		(labor)Worker:	0	0	0
		(labor)Foreman:	0	0	0
		(equi)Load Testing Machine:	0	0	0

	Materials:
		Material	As-Built	As-Planned	Difference
		test:	0	0	0

Activity 3 - 3_Assemble Trusses: Week 25 As-Planned Start: 6 As-Planned End: 10
	Labor:
		3_Trusses Assemble Crew:
		LaborType	As-Built	As-Planned	Difference
		(labor)Worker:	0	0	0
		(labor)Foreman:	0	0	0

	Materials:
		Material	As-Built	As-Planned	Difference
		truss connections:	0	0	0

Activity 2 - 2_Cutting Members: Week 25 As-Planned Start: 3 As-Planned End: 6
	Labor:
		2_Cutting Crew:
		LaborType	As-Built	As-Planned	Difference
		(labor)Equipment Operator :	1	0	1
		(labor)Worker:	3	0	3
		(labor)Foreman:	1	0	1
		(equi)Cutting Machine:	1	0	1

	Materials:
		Material	As-Built	As-Planned	Difference
		cutting members:	0	0	0

Activity 4 - 4_Assemble Bridge: Week 25 As-Planned Start: 10 As-Planned End: 13
	Labor:
		4_Bridge Assemble Crew:
		LaborType	As-Built	As-Planned	Difference
		(labor)Equipment Operator :	0	0	0
		(labor)Worker:	0	0	0
		(labor)Foreman:	0	0	0
		(equi)Crane:	0	0	0

	Materials:
		Material	As-Built	As-Planned	Difference
		bridge decking:	0	0	0
--------------------------------------------------------------

The rate for 2_Cutting Members is 0.0
New Rate is: 0.0

*************************
HistoryTimeID is: 6943.
*************************

2_Cutting Members

Activity 5_Load Test: Week 26 As-Planned Start: 13 As-Planned End: 14
	As-Built	As-Planned	Difference
Material:	$0.00	$0.00	$0.00
Labor:	$0.00	$0.00	$0.00
Indirect:	$0.00	$0.00	$0.00


Activity 3_Assemble Trusses: Week 26 As-Planned Start: 6 As-Planned End: 10
	As-Built	As-Planned	Difference
Material:	$0.00	$0.00	$0.00
Labor:	$0.00	$0.00	$0.00
Indirect:	$0.00	$0.00	$0.00


Activity 2_Cutting Members: Week 26 As-Planned Start: 3 As-Planned End: 6
	As-Built	As-Planned	Difference
Material:	$0.00	$0.00	$0.00
Labor:	$2539.12	$0.00	$2539.12
Indirect:	$2700.00	$0.00	$2700.00


Activity 4_Assemble Bridge: Week 26 As-Planned Start: 10 As-Planned End: 13
	As-Built	As-Planned	Difference
Material:	$0.00	$0.00	$0.00
Labor:	$0.00	$0.00	$0.00
Indirect:	$0.00	$0.00	$0.00

Stock Value:
	$0.00	$0.00

Totals
	As-Built	As-Planned	Difference
Material:	$55000.00	$0.00	$55000.00
Labor:	$48105.76	$0.00	$48105.76
Indirect:	$66300.00	$0.00	$66300.00


Resource Usage -----------------------------------------------

Activity 5 - 5_Load Test: Week 26 As-Planned Start: 13 As-Planned End: 14
	Labor:
		5_Load Test Crew:
		LaborType	As-Built	As-Planned	Difference
		(labor)Equipment Operator :	0	0	0
		(labor)Worker:	0	0	0
		(labor)Foreman:	0	0	0
		(equi)Load Testing Machine:	0	0	0

	Materials:
		Material	As-Built	As-Planned	Difference
		test:	0	0	0

Activity 3 - 3_Assemble Trusses: Week 26 As-Planned Start: 6 As-Planned End: 10
	Labor:
		3_Trusses Assemble Crew:
		LaborType	As-Built	As-Planned	Difference
		(labor)Worker:	0	0	0
		(labor)Foreman:	0	0	0

	Materials:
		Material	As-Built	As-Planned	Difference
		truss connections:	0	0	0

Activity 2 - 2_Cutting Members: Week 26 As-Planned Start: 3 As-Planned End: 6
	Labor:
		2_Cutting Crew:
		LaborType	As-Built	As-Planned	Difference
		(labor)Equipment Operator :	1	0	1
		(labor)Worker:	3	0	3
		(labor)Foreman:	1	0	1
		(equi)Cutting Machine:	1	0	1

	Materials:
		Material	As-Built	As-Planned	Difference
		cutting members:	0	0	0

Activity 4 - 4_Assemble Bridge: Week 26 As-Planned Start: 10 As-Planned End: 13
	Labor:
		4_Bridge Assemble Crew:
		LaborType	As-Built	As-Planned	Difference
		(labor)Equipment Operator :	0	0	0
		(labor)Worker:	0	0	0
		(labor)Foreman:	0	0	0
		(equi)Crane:	0	0	0

	Materials:
		Material	As-Built	As-Planned	Difference
		bridge decking:	0	0	0
--------------------------------------------------------------

The rate for 2_Cutting Members is 0.0
New Rate is: 0.0

*************************
HistoryTimeID is: 6944.
*************************

2_Cutting Members

Activity 5_Load Test: Week 27 As-Planned Start: 13 As-Planned End: 14
	As-Built	As-Planned	Difference
Material:	$0.00	$0.00	$0.00
Labor:	$0.00	$0.00	$0.00
Indirect:	$0.00	$0.00	$0.00


Activity 3_Assemble Trusses: Week 27 As-Planned Start: 6 As-Planned End: 10
	As-Built	As-Planned	Difference
Material:	$0.00	$0.00	$0.00
Labor:	$0.00	$0.00	$0.00
Indirect:	$0.00	$0.00	$0.00


Activity 2_Cutting Members: Week 27 As-Planned Start: 3 As-Planned End: 6
	As-Built	As-Planned	Difference
Material:	$0.00	$0.00	$0.00
Labor:	$0.00	$0.00	$0.00
Indirect:	$2700.00	$0.00	$2700.00


Activity 4_Assemble Bridge: Week 27 As-Planned Start: 10 As-Planned End: 13
	As-Built	As-Planned	Difference
Material:	$0.00	$0.00	$0.00
Labor:	$0.00	$0.00	$0.00
Indirect:	$0.00	$0.00	$0.00

Stock Value:
	$0.00	$0.00

Totals
	As-Built	As-Planned	Difference
Material:	$55000.00	$0.00	$55000.00
Labor:	$48105.76	$0.00	$48105.76
Indirect:	$69000.00	$0.00	$69000.00


Resource Usage -----------------------------------------------

Activity 5 - 5_Load Test: Week 27 As-Planned Start: 13 As-Planned End: 14
	Labor:
		5_Load Test Crew:
		LaborType	As-Built	As-Planned	Difference
		(labor)Equipment Operator :	0	0	0
		(labor)Worker:	0	0	0
		(labor)Foreman:	0	0	0
		(equi)Load Testing Machine:	0	0	0

	Materials:
		Material	As-Built	As-Planned	Difference
		test:	0	0	0

Activity 3 - 3_Assemble Trusses: Week 27 As-Planned Start: 6 As-Planned End: 10
	Labor:
		3_Trusses Assemble Crew:
		LaborType	As-Built	As-Planned	Difference
		(labor)Worker:	0	0	0
		(labor)Foreman:	0	0	0

	Materials:
		Material	As-Built	As-Planned	Difference
		truss connections:	0	0	0

Activity 2 - 2_Cutting Members: Week 27 As-Planned Start: 3 As-Planned End: 6
	Labor:
		2_Cutting Crew:
		LaborType	As-Built	As-Planned	Difference
		(labor)Equipment Operator :	1	0	1
		(labor)Worker:	3	0	3
		(labor)Foreman:	1	0	1
		(equi)Cutting Machine:	1	0	1

	Materials:
		Material	As-Built	As-Planned	Difference
		cutting members:	0	0	0

Activity 4 - 4_Assemble Bridge: Week 27 As-Planned Start: 10 As-Planned End: 13
	Labor:
		4_Bridge Assemble Crew:
		LaborType	As-Built	As-Planned	Difference
		(labor)Equipment Operator :	0	0	0
		(labor)Worker:	0	0	0
		(labor)Foreman:	0	0	0
		(equi)Crane:	0	0	0

	Materials:
		Material	As-Built	As-Planned	Difference
		bridge decking:	0	0	0
--------------------------------------------------------------

The rate for 2_Cutting Members is 0.0
New Rate is: 0.0

*************************
HistoryTimeID is: 6945.
*************************

2_Cutting Members

Activity 5_Load Test: Week 28 As-Planned Start: 13 As-Planned End: 14
	As-Built	As-Planned	Difference
Material:	$0.00	$0.00	$0.00
Labor:	$0.00	$0.00	$0.00
Indirect:	$0.00	$0.00	$0.00


Activity 3_Assemble Trusses: Week 28 As-Planned Start: 6 As-Planned End: 10
	As-Built	As-Planned	Difference
Material:	$0.00	$0.00	$0.00
Labor:	$0.00	$0.00	$0.00
Indirect:	$0.00	$0.00	$0.00


Activity 2_Cutting Members: Week 28 As-Planned Start: 3 As-Planned End: 6
	As-Built	As-Planned	Difference
Material:	$0.00	$0.00	$0.00
Labor:	$0.00	$0.00	$0.00
Indirect:	$2700.00	$0.00	$2700.00


Activity 4_Assemble Bridge: Week 28 As-Planned Start: 10 As-Planned End: 13
	As-Built	As-Planned	Difference
Material:	$0.00	$0.00	$0.00
Labor:	$0.00	$0.00	$0.00
Indirect:	$0.00	$0.00	$0.00

Stock Value:
	$0.00	$0.00

Totals
	As-Built	As-Planned	Difference
Material:	$55000.00	$0.00	$55000.00
Labor:	$48105.76	$0.00	$48105.76
Indirect:	$71700.00	$0.00	$71700.00


Resource Usage -----------------------------------------------

Activity 5 - 5_Load Test: Week 28 As-Planned Start: 13 As-Planned End: 14
	Labor:
		5_Load Test Crew:
		LaborType	As-Built	As-Planned	Difference
		(labor)Equipment Operator :	0	0	0
		(labor)Worker:	0	0	0
		(labor)Foreman:	0	0	0
		(equi)Load Testing Machine:	0	0	0

	Materials:
		Material	As-Built	As-Planned	Difference
		test:	0	0	0

Activity 3 - 3_Assemble Trusses: Week 28 As-Planned Start: 6 As-Planned End: 10
	Labor:
		3_Trusses Assemble Crew:
		LaborType	As-Built	As-Planned	Difference
		(labor)Worker:	0	0	0
		(labor)Foreman:	0	0	0

	Materials:
		Material	As-Built	As-Planned	Difference
		truss connections:	0	0	0

Activity 2 - 2_Cutting Members: Week 28 As-Planned Start: 3 As-Planned End: 6
	Labor:
		2_Cutting Crew:
		LaborType	As-Built	As-Planned	Difference
		(labor)Equipment Operator :	1	0	1
		(labor)Worker:	3	0	3
		(labor)Foreman:	1	0	1
		(equi)Cutting Machine:	1	0	1

	Materials:
		Material	As-Built	As-Planned	Difference
		cutting members:	0	0	0

Activity 4 - 4_Assemble Bridge: Week 28 As-Planned Start: 10 As-Planned End: 13
	Labor:
		4_Bridge Assemble Crew:
		LaborType	As-Built	As-Planned	Difference
		(labor)Equipment Operator :	0	0	0
		(labor)Worker:	0	0	0
		(labor)Foreman:	0	0	0
		(equi)Crane:	0	0	0

	Materials:
		Material	As-Built	As-Planned	Difference
		bridge decking:	0	0	0
--------------------------------------------------------------

The rate for 2_Cutting Members is 0.0
New Rate is: 0.0

*************************
HistoryTimeID is: 6946.
*************************

2_Cutting Members

Activity 5_Load Test: Week 29 As-Planned Start: 13 As-Planned End: 14
	As-Built	As-Planned	Difference
Material:	$0.00	$0.00	$0.00
Labor:	$0.00	$0.00	$0.00
Indirect:	$0.00	$0.00	$0.00


Activity 3_Assemble Trusses: Week 29 As-Planned Start: 6 As-Planned End: 10
	As-Built	As-Planned	Difference
Material:	$0.00	$0.00	$0.00
Labor:	$0.00	$0.00	$0.00
Indirect:	$0.00	$0.00	$0.00


Activity 2_Cutting Members: Week 29 As-Planned Start: 3 As-Planned End: 6
	As-Built	As-Planned	Difference
Material:	$0.00	$0.00	$0.00
Labor:	$2539.12	$0.00	$2539.12
Indirect:	$2700.00	$0.00	$2700.00


Activity 4_Assemble Bridge: Week 29 As-Planned Start: 10 As-Planned End: 13
	As-Built	As-Planned	Difference
Material:	$0.00	$0.00	$0.00
Labor:	$0.00	$0.00	$0.00
Indirect:	$0.00	$0.00	$0.00

Stock Value:
	$0.00	$0.00

Totals
	As-Built	As-Planned	Difference
Material:	$55000.00	$0.00	$55000.00
Labor:	$50644.88	$0.00	$50644.88
Indirect:	$74400.00	$0.00	$74400.00


Resource Usage -----------------------------------------------

Activity 5 - 5_Load Test: Week 29 As-Planned Start: 13 As-Planned End: 14
	Labor:
		5_Load Test Crew:
		LaborType	As-Built	As-Planned	Difference
		(labor)Equipment Operator :	0	0	0
		(labor)Worker:	0	0	0
		(labor)Foreman:	0	0	0
		(equi)Load Testing Machine:	0	0	0

	Materials:
		Material	As-Built	As-Planned	Difference
		test:	0	0	0

Activity 3 - 3_Assemble Trusses: Week 29 As-Planned Start: 6 As-Planned End: 10
	Labor:
		3_Trusses Assemble Crew:
		LaborType	As-Built	As-Planned	Difference
		(labor)Worker:	0	0	0
		(labor)Foreman:	0	0	0

	Materials:
		Material	As-Built	As-Planned	Difference
		truss connections:	0	0	0

Activity 2 - 2_Cutting Members: Week 29 As-Planned Start: 3 As-Planned End: 6
	Labor:
		2_Cutting Crew:
		LaborType	As-Built	As-Planned	Difference
		(labor)Equipment Operator :	1	0	1
		(labor)Worker:	3	0	3
		(labor)Foreman:	1	0	1
		(equi)Cutting Machine:	1	0	1

	Materials:
		Material	As-Built	As-Planned	Difference
		cutting members:	0	0	0

Activity 4 - 4_Assemble Bridge: Week 29 As-Planned Start: 10 As-Planned End: 13
	Labor:
		4_Bridge Assemble Crew:
		LaborType	As-Built	As-Planned	Difference
		(labor)Equipment Operator :	0	0	0
		(labor)Worker:	0	0	0
		(labor)Foreman:	0	0	0
		(equi)Crane:	0	0	0

	Materials:
		Material	As-Built	As-Planned	Difference
		bridge decking:	0	0	0
--------------------------------------------------------------

The rate for 2_Cutting Members is 0.0
New Rate is: 0.0

*************************
HistoryTimeID is: 6947.
*************************

2_Cutting Members

Activity 5_Load Test: Week 30 As-Planned Start: 13 As-Planned End: 14
	As-Built	As-Planned	Difference
Material:	$0.00	$0.00	$0.00
Labor:	$0.00	$0.00	$0.00
Indirect:	$0.00	$0.00	$0.00


Activity 3_Assemble Trusses: Week 30 As-Planned Start: 6 As-Planned End: 10
	As-Built	As-Planned	Difference
Material:	$0.00	$0.00	$0.00
Labor:	$0.00	$0.00	$0.00
Indirect:	$0.00	$0.00	$0.00


Activity 2_Cutting Members: Week 30 As-Planned Start: 3 As-Planned End: 6
	As-Built	As-Planned	Difference
Material:	$0.00	$0.00	$0.00
Labor:	$2539.12	$0.00	$2539.12
Indirect:	$2700.00	$0.00	$2700.00


Activity 4_Assemble Bridge: Week 30 As-Planned Start: 10 As-Planned End: 13
	As-Built	As-Planned	Difference
Material:	$0.00	$0.00	$0.00
Labor:	$0.00	$0.00	$0.00
Indirect:	$0.00	$0.00	$0.00

Stock Value:
	$0.00	$0.00

Totals
	As-Built	As-Planned	Difference
Material:	$55000.00	$0.00	$55000.00
Labor:	$53184.00	$0.00	$53184.00
Indirect:	$77100.00	$0.00	$77100.00


Resource Usage -----------------------------------------------

Activity 5 - 5_Load Test: Week 30 As-Planned Start: 13 As-Planned End: 14
	Labor:
		5_Load Test Crew:
		LaborType	As-Built	As-Planned	Difference
		(labor)Equipment Operator :	0	0	0
		(labor)Worker:	0	0	0
		(labor)Foreman:	0	0	0
		(equi)Load Testing Machine:	0	0	0

	Materials:
		Material	As-Built	As-Planned	Difference
		test:	0	0	0

Activity 3 - 3_Assemble Trusses: Week 30 As-Planned Start: 6 As-Planned End: 10
	Labor:
		3_Trusses Assemble Crew:
		LaborType	As-Built	As-Planned	Difference
		(labor)Worker:	0	0	0
		(labor)Foreman:	0	0	0

	Materials:
		Material	As-Built	As-Planned	Difference
		truss connections:	0	0	0

Activity 2 - 2_Cutting Members: Week 30 As-Planned Start: 3 As-Planned End: 6
	Labor:
		2_Cutting Crew:
		LaborType	As-Built	As-Planned	Difference
		(labor)Equipment Operator :	1	0	1
		(labor)Worker:	3	0	3
		(labor)Foreman:	1	0	1
		(equi)Cutting Machine:	1	0	1

	Materials:
		Material	As-Built	As-Planned	Difference
		cutting members:	0	0	0

Activity 4 - 4_Assemble Bridge: Week 30 As-Planned Start: 10 As-Planned End: 13
	Labor:
		4_Bridge Assemble Crew:
		LaborType	As-Built	As-Planned	Difference
		(labor)Equipment Operator :	0	0	0
		(labor)Worker:	0	0	0
		(labor)Foreman:	0	0	0
		(equi)Crane:	0	0	0

	Materials:
		Material	As-Built	As-Planned	Difference
		bridge decking:	0	0	0
--------------------------------------------------------------

The rate for 2_Cutting Members is 0.0
New Rate is: 0.0

*************************
HistoryTimeID is: 6948.
*************************

2_Cutting Members

Activity 5_Load Test: Week 31 As-Planned Start: 13 As-Planned End: 14
	As-Built	As-Planned	Difference
Material:	$0.00	$0.00	$0.00
Labor:	$0.00	$0.00	$0.00
Indirect:	$0.00	$0.00	$0.00


Activity 3_Assemble Trusses: Week 31 As-Planned Start: 6 As-Planned End: 10
	As-Built	As-Planned	Difference
Material:	$0.00	$0.00	$0.00
Labor:	$0.00	$0.00	$0.00
Indirect:	$0.00	$0.00	$0.00


Activity 2_Cutting Members: Week 31 As-Planned Start: 3 As-Planned End: 6
	As-Built	As-Planned	Difference
Material:	$0.00	$0.00	$0.00
Labor:	$2539.12	$0.00	$2539.12
Indirect:	$2700.00	$0.00	$2700.00


Activity 4_Assemble Bridge: Week 31 As-Planned Start: 10 As-Planned End: 13
	As-Built	As-Planned	Difference
Material:	$0.00	$0.00	$0.00
Labor:	$0.00	$0.00	$0.00
Indirect:	$0.00	$0.00	$0.00

Stock Value:
	$0.00	$0.00

Totals
	As-Built	As-Planned	Difference
Material:	$55000.00	$0.00	$55000.00
Labor:	$55723.12	$0.00	$55723.12
Indirect:	$79800.00	$0.00	$79800.00


Resource Usage -----------------------------------------------

Activity 5 - 5_Load Test: Week 31 As-Planned Start: 13 As-Planned End: 14
	Labor:
		5_Load Test Crew:
		LaborType	As-Built	As-Planned	Difference
		(labor)Equipment Operator :	0	0	0
		(labor)Worker:	0	0	0
		(labor)Foreman:	0	0	0
		(equi)Load Testing Machine:	0	0	0

	Materials:
		Material	As-Built	As-Planned	Difference
		test:	0	0	0

Activity 3 - 3_Assemble Trusses: Week 31 As-Planned Start: 6 As-Planned End: 10
	Labor:
		3_Trusses Assemble Crew:
		LaborType	As-Built	As-Planned	Difference
		(labor)Worker:	0	0	0
		(labor)Foreman:	0	0	0

	Materials:
		Material	As-Built	As-Planned	Difference
		truss connections:	0	0	0

Activity 2 - 2_Cutting Members: Week 31 As-Planned Start: 3 As-Planned End: 6
	Labor:
		2_Cutting Crew:
		LaborType	As-Built	As-Planned	Difference
		(labor)Equipment Operator :	1	0	1
		(labor)Worker:	3	0	3
		(labor)Foreman:	1	0	1
		(equi)Cutting Machine:	1	0	1

	Materials:
		Material	As-Built	As-Planned	Difference
		cutting members:	0	0	0

Activity 4 - 4_Assemble Bridge: Week 31 As-Planned Start: 10 As-Planned End: 13
	Labor:
		4_Bridge Assemble Crew:
		LaborType	As-Built	As-Planned	Difference
		(labor)Equipment Operator :	0	0	0
		(labor)Worker:	0	0	0
		(labor)Foreman:	0	0	0
		(equi)Crane:	0	0	0

	Materials:
		Material	As-Built	As-Planned	Difference
		bridge decking:	0	0	0
--------------------------------------------------------------


=======================================================================>
Bad weather, productivities reduce to 50%! 
Bad weather, productivities reduce to 50%! 
(Rule Bad weather)
=======================================================================>

The rate for 2_Cutting Members is 0.0
New Rate is: 0.0

*************************
HistoryTimeID is: 6949.
*************************

2_Cutting Members

Activity 5_Load Test: Week 32 As-Planned Start: 13 As-Planned End: 14
	As-Built	As-Planned	Difference
Material:	$0.00	$0.00	$0.00
Labor:	$0.00	$0.00	$0.00
Indirect:	$0.00	$0.00	$0.00


Activity 3_Assemble Trusses: Week 32 As-Planned Start: 6 As-Planned End: 10
	As-Built	As-Planned	Difference
Material:	$0.00	$0.00	$0.00
Labor:	$0.00	$0.00	$0.00
Indirect:	$0.00	$0.00	$0.00


Activity 2_Cutting Members: Week 32 As-Planned Start: 3 As-Planned End: 6
	As-Built	As-Planned	Difference
Material:	$0.00	$0.00	$0.00
Labor:	$2539.12	$0.00	$2539.12
Indirect:	$2700.00	$0.00	$2700.00


Activity 4_Assemble Bridge: Week 32 As-Planned Start: 10 As-Planned End: 13
	As-Built	As-Planned	Difference
Material:	$0.00	$0.00	$0.00
Labor:	$0.00	$0.00	$0.00
Indirect:	$0.00	$0.00	$0.00

Stock Value:
	$0.00	$0.00

Totals
	As-Built	As-Planned	Difference
Material:	$55000.00	$0.00	$55000.00
Labor:	$58262.24	$0.00	$58262.24
Indirect:	$82500.00	$0.00	$82500.00


Resource Usage -----------------------------------------------

Activity 5 - 5_Load Test: Week 32 As-Planned Start: 13 As-Planned End: 14
	Labor:
		5_Load Test Crew:
		LaborType	As-Built	As-Planned	Difference
		(labor)Equipment Operator :	0	0	0
		(labor)Worker:	0	0	0
		(labor)Foreman:	0	0	0
		(equi)Load Testing Machine:	0	0	0

	Materials:
		Material	As-Built	As-Planned	Difference
		test:	0	0	0

Activity 3 - 3_Assemble Trusses: Week 32 As-Planned Start: 6 As-Planned End: 10
	Labor:
		3_Trusses Assemble Crew:
		LaborType	As-Built	As-Planned	Difference
		(labor)Worker:	0	0	0
		(labor)Foreman:	0	0	0

	Materials:
		Material	As-Built	As-Planned	Difference
		truss connections:	0	0	0

Activity 2 - 2_Cutting Members: Week 32 As-Planned Start: 3 As-Planned End: 6
	Labor:
		2_Cutting Crew:
		LaborType	As-Built	As-Planned	Difference
		(labor)Equipment Operator :	1	0	1
		(labor)Worker:	3	0	3
		(labor)Foreman:	1	0	1
		(equi)Cutting Machine:	1	0	1

	Materials:
		Material	As-Built	As-Planned	Difference
		cutting members:	0	0	0

Activity 4 - 4_Assemble Bridge: Week 32 As-Planned Start: 10 As-Planned End: 13
	Labor:
		4_Bridge Assemble Crew:
		LaborType	As-Built	As-Planned	Difference
		(labor)Equipment Operator :	0	0	0
		(labor)Worker:	0	0	0
		(labor)Foreman:	0	0	0
		(equi)Crane:	0	0	0

	Materials:
		Material	As-Built	As-Planned	Difference
		bridge decking:	0	0	0
--------------------------------------------------------------

The rate for 2_Cutting Members is 0.0
New Rate is: 0.0

*************************
HistoryTimeID is: 6950.
*************************

2_Cutting Members

Activity 5_Load Test: Week 33 As-Planned Start: 13 As-Planned End: 14
	As-Built	As-Planned	Difference
Material:	$0.00	$0.00	$0.00
Labor:	$0.00	$0.00	$0.00
Indirect:	$0.00	$0.00	$0.00


Activity 3_Assemble Trusses: Week 33 As-Planned Start: 6 As-Planned End: 10
	As-Built	As-Planned	Difference
Material:	$0.00	$0.00	$0.00
Labor:	$0.00	$0.00	$0.00
Indirect:	$0.00	$0.00	$0.00


Activity 2_Cutting Members: Week 33 As-Planned Start: 3 As-Planned End: 6
	As-Built	As-Planned	Difference
Material:	$0.00	$0.00	$0.00
Labor:	$2539.12	$0.00	$2539.12
Indirect:	$2700.00	$0.00	$2700.00


Activity 4_Assemble Bridge: Week 33 As-Planned Start: 10 As-Planned End: 13
	As-Built	As-Planned	Difference
Material:	$0.00	$0.00	$0.00
Labor:	$0.00	$0.00	$0.00
Indirect:	$0.00	$0.00	$0.00

Stock Value:
	$0.00	$0.00

Totals
	As-Built	As-Planned	Difference
Material:	$55000.00	$0.00	$55000.00
Labor:	$60801.36	$0.00	$60801.36
Indirect:	$85200.00	$0.00	$85200.00


Resource Usage -----------------------------------------------

Activity 5 - 5_Load Test: Week 33 As-Planned Start: 13 As-Planned End: 14
	Labor:
		5_Load Test Crew:
		LaborType	As-Built	As-Planned	Difference
		(labor)Equipment Operator :	0	0	0
		(labor)Worker:	0	0	0
		(labor)Foreman:	0	0	0
		(equi)Load Testing Machine:	0	0	0

	Materials:
		Material	As-Built	As-Planned	Difference
		test:	0	0	0

Activity 3 - 3_Assemble Trusses: Week 33 As-Planned Start: 6 As-Planned End: 10
	Labor:
		3_Trusses Assemble Crew:
		LaborType	As-Built	As-Planned	Difference
		(labor)Worker:	0	0	0
		(labor)Foreman:	0	0	0

	Materials:
		Material	As-Built	As-Planned	Difference
		truss connections:	0	0	0

Activity 2 - 2_Cutting Members: Week 33 As-Planned Start: 3 As-Planned End: 6
	Labor:
		2_Cutting Crew:
		LaborType	As-Built	As-Planned	Difference
		(labor)Equipment Operator :	1	0	1
		(labor)Worker:	3	0	3
		(labor)Foreman:	1	0	1
		(equi)Cutting Machine:	1	0	1

	Materials:
		Material	As-Built	As-Planned	Difference
		cutting members:	0	0	0

Activity 4 - 4_Assemble Bridge: Week 33 As-Planned Start: 10 As-Planned End: 13
	Labor:
		4_Bridge Assemble Crew:
		LaborType	As-Built	As-Planned	Difference
		(labor)Equipment Operator :	0	0	0
		(labor)Worker:	0	0	0
		(labor)Foreman:	0	0	0
		(equi)Crane:	0	0	0

	Materials:
		Material	As-Built	As-Planned	Difference
		bridge decking:	0	0	0
--------------------------------------------------------------

The rate for 2_Cutting Members is 0.0
New Rate is: 0.0

*************************
HistoryTimeID is: 6951.
*************************

2_Cutting Members

Activity 5_Load Test: Week 34 As-Planned Start: 13 As-Planned End: 14
	As-Built	As-Planned	Difference
Material:	$0.00	$0.00	$0.00
Labor:	$0.00	$0.00	$0.00
Indirect:	$0.00	$0.00	$0.00


Activity 3_Assemble Trusses: Week 34 As-Planned Start: 6 As-Planned End: 10
	As-Built	As-Planned	Difference
Material:	$0.00	$0.00	$0.00
Labor:	$0.00	$0.00	$0.00
Indirect:	$0.00	$0.00	$0.00


Activity 2_Cutting Members: Week 34 As-Planned Start: 3 As-Planned End: 6
	As-Built	As-Planned	Difference
Material:	$0.00	$0.00	$0.00
Labor:	$0.00	$0.00	$0.00
Indirect:	$2700.00	$0.00	$2700.00


Activity 4_Assemble Bridge: Week 34 As-Planned Start: 10 As-Planned End: 13
	As-Built	As-Planned	Difference
Material:	$0.00	$0.00	$0.00
Labor:	$0.00	$0.00	$0.00
Indirect:	$0.00	$0.00	$0.00

Stock Value:
	$0.00	$0.00

Totals
	As-Built	As-Planned	Difference
Material:	$55000.00	$0.00	$55000.00
Labor:	$60801.36	$0.00	$60801.36
Indirect:	$87900.00	$0.00	$87900.00


Resource Usage -----------------------------------------------

Activity 5 - 5_Load Test: Week 34 As-Planned Start: 13 As-Planned End: 14
	Labor:
		5_Load Test Crew:
		LaborType	As-Built	As-Planned	Difference
		(labor)Equipment Operator :	0	0	0
		(labor)Worker:	0	0	0
		(labor)Foreman:	0	0	0
		(equi)Load Testing Machine:	0	0	0

	Materials:
		Material	As-Built	As-Planned	Difference
		test:	0	0	0

Activity 3 - 3_Assemble Trusses: Week 34 As-Planned Start: 6 As-Planned End: 10
	Labor:
		3_Trusses Assemble Crew:
		LaborType	As-Built	As-Planned	Difference
		(labor)Worker:	0	0	0
		(labor)Foreman:	0	0	0

	Materials:
		Material	As-Built	As-Planned	Difference
		truss connections:	0	0	0

Activity 2 - 2_Cutting Members: Week 34 As-Planned Start: 3 As-Planned End: 6
	Labor:
		2_Cutting Crew:
		LaborType	As-Built	As-Planned	Difference
		(labor)Equipment Operator :	1	0	1
		(labor)Worker:	3	0	3
		(labor)Foreman:	1	0	1
		(equi)Cutting Machine:	1	0	1

	Materials:
		Material	As-Built	As-Planned	Difference
		cutting members:	0	0	0

Activity 4 - 4_Assemble Bridge: Week 34 As-Planned Start: 10 As-Planned End: 13
	Labor:
		4_Bridge Assemble Crew:
		LaborType	As-Built	As-Planned	Difference
		(labor)Equipment Operator :	0	0	0
		(labor)Worker:	0	0	0
		(labor)Foreman:	0	0	0
		(equi)Crane:	0	0	0

	Materials:
		Material	As-Built	As-Planned	Difference
		bridge decking:	0	0	0
--------------------------------------------------------------

The rate for 2_Cutting Members is 0.0
New Rate is: 0.0

*************************
HistoryTimeID is: 6952.
*************************

2_Cutting Members

Activity 5_Load Test: Week 35 As-Planned Start: 13 As-Planned End: 14
	As-Built	As-Planned	Difference
Material:	$0.00	$0.00	$0.00
Labor:	$0.00	$0.00	$0.00
Indirect:	$0.00	$0.00	$0.00


Activity 3_Assemble Trusses: Week 35 As-Planned Start: 6 As-Planned End: 10
	As-Built	As-Planned	Difference
Material:	$0.00	$0.00	$0.00
Labor:	$0.00	$0.00	$0.00
Indirect:	$0.00	$0.00	$0.00


Activity 2_Cutting Members: Week 35 As-Planned Start: 3 As-Planned End: 6
	As-Built	As-Planned	Difference
Material:	$0.00	$0.00	$0.00
Labor:	$0.00	$0.00	$0.00
Indirect:	$2700.00	$0.00	$2700.00


Activity 4_Assemble Bridge: Week 35 As-Planned Start: 10 As-Planned End: 13
	As-Built	As-Planned	Difference
Material:	$0.00	$0.00	$0.00
Labor:	$0.00	$0.00	$0.00
Indirect:	$0.00	$0.00	$0.00

Stock Value:
	$0.00	$0.00

Totals
	As-Built	As-Planned	Difference
Material:	$55000.00	$0.00	$55000.00
Labor:	$60801.36	$0.00	$60801.36
Indirect:	$90600.00	$0.00	$90600.00


Resource Usage -----------------------------------------------

Activity 5 - 5_Load Test: Week 35 As-Planned Start: 13 As-Planned End: 14
	Labor:
		5_Load Test Crew:
		LaborType	As-Built	As-Planned	Difference
		(labor)Equipment Operator :	0	0	0
		(labor)Worker:	0	0	0
		(labor)Foreman:	0	0	0
		(equi)Load Testing Machine:	0	0	0

	Materials:
		Material	As-Built	As-Planned	Difference
		test:	0	0	0

Activity 3 - 3_Assemble Trusses: Week 35 As-Planned Start: 6 As-Planned End: 10
	Labor:
		3_Trusses Assemble Crew:
		LaborType	As-Built	As-Planned	Difference
		(labor)Worker:	0	0	0
		(labor)Foreman:	0	0	0

	Materials:
		Material	As-Built	As-Planned	Difference
		truss connections:	0	0	0

Activity 2 - 2_Cutting Members: Week 35 As-Planned Start: 3 As-Planned End: 6
	Labor:
		2_Cutting Crew:
		LaborType	As-Built	As-Planned	Difference
		(labor)Equipment Operator :	1	0	1
		(labor)Worker:	3	0	3
		(labor)Foreman:	1	0	1
		(equi)Cutting Machine:	1	0	1

	Materials:
		Material	As-Built	As-Planned	Difference
		cutting members:	0	0	0

Activity 4 - 4_Assemble Bridge: Week 35 As-Planned Start: 10 As-Planned End: 13
	Labor:
		4_Bridge Assemble Crew:
		LaborType	As-Built	As-Planned	Difference
		(labor)Equipment Operator :	0	0	0
		(labor)Worker:	0	0	0
		(labor)Foreman:	0	0	0
		(equi)Crane:	0	0	0

	Materials:
		Material	As-Built	As-Planned	Difference
		bridge decking:	0	0	0
--------------------------------------------------------------

The rate for 2_Cutting Members is 0.0
New Rate is: 0.0

*************************
HistoryTimeID is: 6953.
*************************

2_Cutting Members

Activity 5_Load Test: Week 36 As-Planned Start: 13 As-Planned End: 14
	As-Built	As-Planned	Difference
Material:	$0.00	$0.00	$0.00
Labor:	$0.00	$0.00	$0.00
Indirect:	$0.00	$0.00	$0.00


Activity 3_Assemble Trusses: Week 36 As-Planned Start: 6 As-Planned End: 10
	As-Built	As-Planned	Difference
Material:	$0.00	$0.00	$0.00
Labor:	$0.00	$0.00	$0.00
Indirect:	$0.00	$0.00	$0.00


Activity 2_Cutting Members: Week 36 As-Planned Start: 3 As-Planned End: 6
	As-Built	As-Planned	Difference
Material:	$0.00	$0.00	$0.00
Labor:	$2539.12	$0.00	$2539.12
Indirect:	$2700.00	$0.00	$2700.00


Activity 4_Assemble Bridge: Week 36 As-Planned Start: 10 As-Planned End: 13
	As-Built	As-Planned	Difference
Material:	$0.00	$0.00	$0.00
Labor:	$0.00	$0.00	$0.00
Indirect:	$0.00	$0.00	$0.00

Stock Value:
	$0.00	$0.00

Totals
	As-Built	As-Planned	Difference
Material:	$55000.00	$0.00	$55000.00
Labor:	$63340.48	$0.00	$63340.48
Indirect:	$93300.00	$0.00	$93300.00


Resource Usage -----------------------------------------------

Activity 5 - 5_Load Test: Week 36 As-Planned Start: 13 As-Planned End: 14
	Labor:
		5_Load Test Crew:
		LaborType	As-Built	As-Planned	Difference
		(labor)Equipment Operator :	0	0	0
		(labor)Worker:	0	0	0
		(labor)Foreman:	0	0	0
		(equi)Load Testing Machine:	0	0	0

	Materials:
		Material	As-Built	As-Planned	Difference
		test:	0	0	0

Activity 3 - 3_Assemble Trusses: Week 36 As-Planned Start: 6 As-Planned End: 10
	Labor:
		3_Trusses Assemble Crew:
		LaborType	As-Built	As-Planned	Difference
		(labor)Worker:	0	0	0
		(labor)Foreman:	0	0	0

	Materials:
		Material	As-Built	As-Planned	Difference
		truss connections:	0	0	0

Activity 2 - 2_Cutting Members: Week 36 As-Planned Start: 3 As-Planned End: 6
	Labor:
		2_Cutting Crew:
		LaborType	As-Built	As-Planned	Difference
		(labor)Equipment Operator :	1	0	1
		(labor)Worker:	3	0	3
		(labor)Foreman:	1	0	1
		(equi)Cutting Machine:	1	0	1

	Materials:
		Material	As-Built	As-Planned	Difference
		cutting members:	0	0	0

Activity 4 - 4_Assemble Bridge: Week 36 As-Planned Start: 10 As-Planned End: 13
	Labor:
		4_Bridge Assemble Crew:
		LaborType	As-Built	As-Planned	Difference
		(labor)Equipment Operator :	0	0	0
		(labor)Worker:	0	0	0
		(labor)Foreman:	0	0	0
		(equi)Crane:	0	0	0

	Materials:
		Material	As-Built	As-Planned	Difference
		bridge decking:	0	0	0
--------------------------------------------------------------

The rate for 2_Cutting Members is 0.0
New Rate is: 0.0

*************************
HistoryTimeID is: 6954.
*************************

2_Cutting Members

Activity 5_Load Test: Week 37 As-Planned Start: 13 As-Planned End: 14
	As-Built	As-Planned	Difference
Material:	$0.00	$0.00	$0.00
Labor:	$0.00	$0.00	$0.00
Indirect:	$0.00	$0.00	$0.00


Activity 3_Assemble Trusses: Week 37 As-Planned Start: 6 As-Planned End: 10
	As-Built	As-Planned	Difference
Material:	$0.00	$0.00	$0.00
Labor:	$0.00	$0.00	$0.00
Indirect:	$0.00	$0.00	$0.00


Activity 2_Cutting Members: Week 37 As-Planned Start: 3 As-Planned End: 6
	As-Built	As-Planned	Difference
Material:	$0.00	$0.00	$0.00
Labor:	$2539.12	$0.00	$2539.12
Indirect:	$2700.00	$0.00	$2700.00


Activity 4_Assemble Bridge: Week 37 As-Planned Start: 10 As-Planned End: 13
	As-Built	As-Planned	Difference
Material:	$0.00	$0.00	$0.00
Labor:	$0.00	$0.00	$0.00
Indirect:	$0.00	$0.00	$0.00

Stock Value:
	$0.00	$0.00

Totals
	As-Built	As-Planned	Difference
Material:	$55000.00	$0.00	$55000.00
Labor:	$65879.60	$0.00	$65879.60
Indirect:	$96000.00	$0.00	$96000.00


Resource Usage -----------------------------------------------

Activity 5 - 5_Load Test: Week 37 As-Planned Start: 13 As-Planned End: 14
	Labor:
		5_Load Test Crew:
		LaborType	As-Built	As-Planned	Difference
		(labor)Equipment Operator :	0	0	0
		(labor)Worker:	0	0	0
		(labor)Foreman:	0	0	0
		(equi)Load Testing Machine:	0	0	0

	Materials:
		Material	As-Built	As-Planned	Difference
		test:	0	0	0

Activity 3 - 3_Assemble Trusses: Week 37 As-Planned Start: 6 As-Planned End: 10
	Labor:
		3_Trusses Assemble Crew:
		LaborType	As-Built	As-Planned	Difference
		(labor)Worker:	0	0	0
		(labor)Foreman:	0	0	0

	Materials:
		Material	As-Built	As-Planned	Difference
		truss connections:	0	0	0

Activity 2 - 2_Cutting Members: Week 37 As-Planned Start: 3 As-Planned End: 6
	Labor:
		2_Cutting Crew:
		LaborType	As-Built	As-Planned	Difference
		(labor)Equipment Operator :	1	0	1
		(labor)Worker:	3	0	3
		(labor)Foreman:	1	0	1
		(equi)Cutting Machine:	1	0	1

	Materials:
		Material	As-Built	As-Planned	Difference
		cutting members:	0	0	0

Activity 4 - 4_Assemble Bridge: Week 37 As-Planned Start: 10 As-Planned End: 13
	Labor:
		4_Bridge Assemble Crew:
		LaborType	As-Built	As-Planned	Difference
		(labor)Equipment Operator :	0	0	0
		(labor)Worker:	0	0	0
		(labor)Foreman:	0	0	0
		(equi)Crane:	0	0	0

	Materials:
		Material	As-Built	As-Planned	Difference
		bridge decking:	0	0	0
--------------------------------------------------------------

The rate for 2_Cutting Members is 0.0
New Rate is: 0.0

*************************
HistoryTimeID is: 6955.
*************************

2_Cutting Members

Activity 5_Load Test: Week 38 As-Planned Start: 13 As-Planned End: 14
	As-Built	As-Planned	Difference
Material:	$0.00	$0.00	$0.00
Labor:	$0.00	$0.00	$0.00
Indirect:	$0.00	$0.00	$0.00


Activity 3_Assemble Trusses: Week 38 As-Planned Start: 6 As-Planned End: 10
	As-Built	As-Planned	Difference
Material:	$0.00	$0.00	$0.00
Labor:	$0.00	$0.00	$0.00
Indirect:	$0.00	$0.00	$0.00


Activity 2_Cutting Members: Week 38 As-Planned Start: 3 As-Planned End: 6
	As-Built	As-Planned	Difference
Material:	$0.00	$0.00	$0.00
Labor:	$2539.12	$0.00	$2539.12
Indirect:	$2700.00	$0.00	$2700.00


Activity 4_Assemble Bridge: Week 38 As-Planned Start: 10 As-Planned End: 13
	As-Built	As-Planned	Difference
Material:	$0.00	$0.00	$0.00
Labor:	$0.00	$0.00	$0.00
Indirect:	$0.00	$0.00	$0.00

Stock Value:
	$0.00	$0.00

Totals
	As-Built	As-Planned	Difference
Material:	$55000.00	$0.00	$55000.00
Labor:	$68418.72	$0.00	$68418.72
Indirect:	$98700.00	$0.00	$98700.00


Resource Usage -----------------------------------------------

Activity 5 - 5_Load Test: Week 38 As-Planned Start: 13 As-Planned End: 14
	Labor:
		5_Load Test Crew:
		LaborType	As-Built	As-Planned	Difference
		(labor)Equipment Operator :	0	0	0
		(labor)Worker:	0	0	0
		(labor)Foreman:	0	0	0
		(equi)Load Testing Machine:	0	0	0

	Materials:
		Material	As-Built	As-Planned	Difference
		test:	0	0	0

Activity 3 - 3_Assemble Trusses: Week 38 As-Planned Start: 6 As-Planned End: 10
	Labor:
		3_Trusses Assemble Crew:
		LaborType	As-Built	As-Planned	Difference
		(labor)Worker:	0	0	0
		(labor)Foreman:	0	0	0

	Materials:
		Material	As-Built	As-Planned	Difference
		truss connections:	0	0	0

Activity 2 - 2_Cutting Members: Week 38 As-Planned Start: 3 As-Planned End: 6
	Labor:
		2_Cutting Crew:
		LaborType	As-Built	As-Planned	Difference
		(labor)Equipment Operator :	1	0	1
		(labor)Worker:	3	0	3
		(labor)Foreman:	1	0	1
		(equi)Cutting Machine:	1	0	1

	Materials:
		Material	As-Built	As-Planned	Difference
		cutting members:	0	0	0

Activity 4 - 4_Assemble Bridge: Week 38 As-Planned Start: 10 As-Planned End: 13
	Labor:
		4_Bridge Assemble Crew:
		LaborType	As-Built	As-Planned	Difference
		(labor)Equipment Operator :	0	0	0
		(labor)Worker:	0	0	0
		(labor)Foreman:	0	0	0
		(equi)Crane:	0	0	0

	Materials:
		Material	As-Built	As-Planned	Difference
		bridge decking:	0	0	0
--------------------------------------------------------------

The rate for 2_Cutting Members is 0.0
New Rate is: 0.0

*************************
HistoryTimeID is: 6956.
*************************

2_Cutting Members

Activity 5_Load Test: Week 39 As-Planned Start: 13 As-Planned End: 14
	As-Built	As-Planned	Difference
Material:	$0.00	$0.00	$0.00
Labor:	$0.00	$0.00	$0.00
Indirect:	$0.00	$0.00	$0.00


Activity 3_Assemble Trusses: Week 39 As-Planned Start: 6 As-Planned End: 10
	As-Built	As-Planned	Difference
Material:	$0.00	$0.00	$0.00
Labor:	$0.00	$0.00	$0.00
Indirect:	$0.00	$0.00	$0.00


Activity 2_Cutting Members: Week 39 As-Planned Start: 3 As-Planned End: 6
	As-Built	As-Planned	Difference
Material:	$0.00	$0.00	$0.00
Labor:	$2539.12	$0.00	$2539.12
Indirect:	$2700.00	$0.00	$2700.00


Activity 4_Assemble Bridge: Week 39 As-Planned Start: 10 As-Planned End: 13
	As-Built	As-Planned	Difference
Material:	$0.00	$0.00	$0.00
Labor:	$0.00	$0.00	$0.00
Indirect:	$0.00	$0.00	$0.00

Stock Value:
	$0.00	$0.00

Totals
	As-Built	As-Planned	Difference
Material:	$55000.00	$0.00	$55000.00
Labor:	$70957.84	$0.00	$70957.84
Indirect:	$101400.00	$0.00	$101400.00


Resource Usage -----------------------------------------------

Activity 5 - 5_Load Test: Week 39 As-Planned Start: 13 As-Planned End: 14
	Labor:
		5_Load Test Crew:
		LaborType	As-Built	As-Planned	Difference
		(labor)Equipment Operator :	0	0	0
		(labor)Worker:	0	0	0
		(labor)Foreman:	0	0	0
		(equi)Load Testing Machine:	0	0	0

	Materials:
		Material	As-Built	As-Planned	Difference
		test:	0	0	0

Activity 3 - 3_Assemble Trusses: Week 39 As-Planned Start: 6 As-Planned End: 10
	Labor:
		3_Trusses Assemble Crew:
		LaborType	As-Built	As-Planned	Difference
		(labor)Worker:	0	0	0
		(labor)Foreman:	0	0	0

	Materials:
		Material	As-Built	As-Planned	Difference
		truss connections:	0	0	0

Activity 2 - 2_Cutting Members: Week 39 As-Planned Start: 3 As-Planned End: 6
	Labor:
		2_Cutting Crew:
		LaborType	As-Built	As-Planned	Difference
		(labor)Equipment Operator :	1	0	1
		(labor)Worker:	3	0	3
		(labor)Foreman:	1	0	1
		(equi)Cutting Machine:	1	0	1

	Materials:
		Material	As-Built	As-Planned	Difference
		cutting members:	0	0	0

Activity 4 - 4_Assemble Bridge: Week 39 As-Planned Start: 10 As-Planned End: 13
	Labor:
		4_Bridge Assemble Crew:
		LaborType	As-Built	As-Planned	Difference
		(labor)Equipment Operator :	0	0	0
		(labor)Worker:	0	0	0
		(labor)Foreman:	0	0	0
		(equi)Crane:	0	0	0

	Materials:
		Material	As-Built	As-Planned	Difference
		bridge decking:	0	0	0
--------------------------------------------------------------

The rate for 2_Cutting Members is 0.0
New Rate is: 0.0

*************************
HistoryTimeID is: 6957.
*************************

2_Cutting Members

Activity 5_Load Test: Week 40 As-Planned Start: 13 As-Planned End: 14
	As-Built	As-Planned	Difference
Material:	$0.00	$0.00	$0.00
Labor:	$0.00	$0.00	$0.00
Indirect:	$0.00	$0.00	$0.00


Activity 3_Assemble Trusses: Week 40 As-Planned Start: 6 As-Planned End: 10
	As-Built	As-Planned	Difference
Material:	$0.00	$0.00	$0.00
Labor:	$0.00	$0.00	$0.00
Indirect:	$0.00	$0.00	$0.00


Activity 2_Cutting Members: Week 40 As-Planned Start: 3 As-Planned End: 6
	As-Built	As-Planned	Difference
Material:	$0.00	$0.00	$0.00
Labor:	$2539.12	$0.00	$2539.12
Indirect:	$2700.00	$0.00	$2700.00


Activity 4_Assemble Bridge: Week 40 As-Planned Start: 10 As-Planned End: 13
	As-Built	As-Planned	Difference
Material:	$0.00	$0.00	$0.00
Labor:	$0.00	$0.00	$0.00
Indirect:	$0.00	$0.00	$0.00

Stock Value:
	$0.00	$0.00

Totals
	As-Built	As-Planned	Difference
Material:	$55000.00	$0.00	$55000.00
Labor:	$73496.96	$0.00	$73496.96
Indirect:	$104100.00	$0.00	$104100.00


Resource Usage -----------------------------------------------

Activity 5 - 5_Load Test: Week 40 As-Planned Start: 13 As-Planned End: 14
	Labor:
		5_Load Test Crew:
		LaborType	As-Built	As-Planned	Difference
		(labor)Equipment Operator :	0	0	0
		(labor)Worker:	0	0	0
		(labor)Foreman:	0	0	0
		(equi)Load Testing Machine:	0	0	0

	Materials:
		Material	As-Built	As-Planned	Difference
		test:	0	0	0

Activity 3 - 3_Assemble Trusses: Week 40 As-Planned Start: 6 As-Planned End: 10
	Labor:
		3_Trusses Assemble Crew:
		LaborType	As-Built	As-Planned	Difference
		(labor)Worker:	0	0	0
		(labor)Foreman:	0	0	0

	Materials:
		Material	As-Built	As-Planned	Difference
		truss connections:	0	0	0

Activity 2 - 2_Cutting Members: Week 40 As-Planned Start: 3 As-Planned End: 6
	Labor:
		2_Cutting Crew:
		LaborType	As-Built	As-Planned	Difference
		(labor)Equipment Operator :	1	0	1
		(labor)Worker:	3	0	3
		(labor)Foreman:	1	0	1
		(equi)Cutting Machine:	1	0	1

	Materials:
		Material	As-Built	As-Planned	Difference
		cutting members:	0	0	0

Activity 4 - 4_Assemble Bridge: Week 40 As-Planned Start: 10 As-Planned End: 13
	Labor:
		4_Bridge Assemble Crew:
		LaborType	As-Built	As-Planned	Difference
		(labor)Equipment Operator :	0	0	0
		(labor)Worker:	0	0	0
		(labor)Foreman:	0	0	0
		(equi)Crane:	0	0	0

	Materials:
		Material	As-Built	As-Planned	Difference
		bridge decking:	0	0	0
--------------------------------------------------------------

The rate for 2_Cutting Members is 0.0
New Rate is: 0.0

*************************
HistoryTimeID is: 6958.
*************************

2_Cutting Members

Activity 5_Load Test: Week 41 As-Planned Start: 13 As-Planned End: 14
	As-Built	As-Planned	Difference
Material:	$0.00	$0.00	$0.00
Labor:	$0.00	$0.00	$0.00
Indirect:	$0.00	$0.00	$0.00


Activity 3_Assemble Trusses: Week 41 As-Planned Start: 6 As-Planned End: 10
	As-Built	As-Planned	Difference
Material:	$0.00	$0.00	$0.00
Labor:	$0.00	$0.00	$0.00
Indirect:	$0.00	$0.00	$0.00


Activity 2_Cutting Members: Week 41 As-Planned Start: 3 As-Planned End: 6
	As-Built	As-Planned	Difference
Material:	$0.00	$0.00	$0.00
Labor:	$0.00	$0.00	$0.00
Indirect:	$2700.00	$0.00	$2700.00


Activity 4_Assemble Bridge: Week 41 As-Planned Start: 10 As-Planned End: 13
	As-Built	As-Planned	Difference
Material:	$0.00	$0.00	$0.00
Labor:	$0.00	$0.00	$0.00
Indirect:	$0.00	$0.00	$0.00

Stock Value:
	$0.00	$0.00

Totals
	As-Built	As-Planned	Difference
Material:	$55000.00	$0.00	$55000.00
Labor:	$73496.96	$0.00	$73496.96
Indirect:	$106800.00	$0.00	$106800.00


Resource Usage -----------------------------------------------

Activity 5 - 5_Load Test: Week 41 As-Planned Start: 13 As-Planned End: 14
	Labor:
		5_Load Test Crew:
		LaborType	As-Built	As-Planned	Difference
		(labor)Equipment Operator :	0	0	0
		(labor)Worker:	0	0	0
		(labor)Foreman:	0	0	0
		(equi)Load Testing Machine:	0	0	0

	Materials:
		Material	As-Built	As-Planned	Difference
		test:	0	0	0

Activity 3 - 3_Assemble Trusses: Week 41 As-Planned Start: 6 As-Planned End: 10
	Labor:
		3_Trusses Assemble Crew:
		LaborType	As-Built	As-Planned	Difference
		(labor)Worker:	0	0	0
		(labor)Foreman:	0	0	0

	Materials:
		Material	As-Built	As-Planned	Difference
		truss connections:	0	0	0

Activity 2 - 2_Cutting Members: Week 41 As-Planned Start: 3 As-Planned End: 6
	Labor:
		2_Cutting Crew:
		LaborType	As-Built	As-Planned	Difference
		(labor)Equipment Operator :	1	0	1
		(labor)Worker:	3	0	3
		(labor)Foreman:	1	0	1
		(equi)Cutting Machine:	1	0	1

	Materials:
		Material	As-Built	As-Planned	Difference
		cutting members:	0	0	0

Activity 4 - 4_Assemble Bridge: Week 41 As-Planned Start: 10 As-Planned End: 13
	Labor:
		4_Bridge Assemble Crew:
		LaborType	As-Built	As-Planned	Difference
		(labor)Equipment Operator :	0	0	0
		(labor)Worker:	0	0	0
		(labor)Foreman:	0	0	0
		(equi)Crane:	0	0	0

	Materials:
		Material	As-Built	As-Planned	Difference
		bridge decking:	0	0	0
--------------------------------------------------------------

The rate for 2_Cutting Members is 0.0
New Rate is: 0.0

*************************
HistoryTimeID is: 6959.
*************************

2_Cutting Members

Activity 5_Load Test: Week 42 As-Planned Start: 13 As-Planned End: 14
	As-Built	As-Planned	Difference
Material:	$0.00	$0.00	$0.00
Labor:	$0.00	$0.00	$0.00
Indirect:	$0.00	$0.00	$0.00


Activity 3_Assemble Trusses: Week 42 As-Planned Start: 6 As-Planned End: 10
	As-Built	As-Planned	Difference
Material:	$0.00	$0.00	$0.00
Labor:	$0.00	$0.00	$0.00
Indirect:	$0.00	$0.00	$0.00


Activity 2_Cutting Members: Week 42 As-Planned Start: 3 As-Planned End: 6
	As-Built	As-Planned	Difference
Material:	$0.00	$0.00	$0.00
Labor:	$0.00	$0.00	$0.00
Indirect:	$2700.00	$0.00	$2700.00


Activity 4_Assemble Bridge: Week 42 As-Planned Start: 10 As-Planned End: 13
	As-Built	As-Planned	Difference
Material:	$0.00	$0.00	$0.00
Labor:	$0.00	$0.00	$0.00
Indirect:	$0.00	$0.00	$0.00

Stock Value:
	$0.00	$0.00

Totals
	As-Built	As-Planned	Difference
Material:	$55000.00	$0.00	$55000.00
Labor:	$73496.96	$0.00	$73496.96
Indirect:	$109500.00	$0.00	$109500.00


Resource Usage -----------------------------------------------

Activity 5 - 5_Load Test: Week 42 As-Planned Start: 13 As-Planned End: 14
	Labor:
		5_Load Test Crew:
		LaborType	As-Built	As-Planned	Difference
		(labor)Equipment Operator :	0	0	0
		(labor)Worker:	0	0	0
		(labor)Foreman:	0	0	0
		(equi)Load Testing Machine:	0	0	0

	Materials:
		Material	As-Built	As-Planned	Difference
		test:	0	0	0

Activity 3 - 3_Assemble Trusses: Week 42 As-Planned Start: 6 As-Planned End: 10
	Labor:
		3_Trusses Assemble Crew:
		LaborType	As-Built	As-Planned	Difference
		(labor)Worker:	0	0	0
		(labor)Foreman:	0	0	0

	Materials:
		Material	As-Built	As-Planned	Difference
		truss connections:	0	0	0

Activity 2 - 2_Cutting Members: Week 42 As-Planned Start: 3 As-Planned End: 6
	Labor:
		2_Cutting Crew:
		LaborType	As-Built	As-Planned	Difference
		(labor)Equipment Operator :	1	0	1
		(labor)Worker:	3	0	3
		(labor)Foreman:	1	0	1
		(equi)Cutting Machine:	1	0	1

	Materials:
		Material	As-Built	As-Planned	Difference
		cutting members:	0	0	0

Activity 4 - 4_Assemble Bridge: Week 42 As-Planned Start: 10 As-Planned End: 13
	Labor:
		4_Bridge Assemble Crew:
		LaborType	As-Built	As-Planned	Difference
		(labor)Equipment Operator :	0	0	0
		(labor)Worker:	0	0	0
		(labor)Foreman:	0	0	0
		(equi)Crane:	0	0	0

	Materials:
		Material	As-Built	As-Planned	Difference
		bridge decking:	0	0	0
--------------------------------------------------------------

The rate for 2_Cutting Members is 0.0
New Rate is: 0.0

*************************
HistoryTimeID is: 6960.
*************************

2_Cutting Members

Activity 5_Load Test: Week 43 As-Planned Start: 13 As-Planned End: 14
	As-Built	As-Planned	Difference
Material:	$0.00	$0.00	$0.00
Labor:	$0.00	$0.00	$0.00
Indirect:	$0.00	$0.00	$0.00


Activity 3_Assemble Trusses: Week 43 As-Planned Start: 6 As-Planned End: 10
	As-Built	As-Planned	Difference
Material:	$0.00	$0.00	$0.00
Labor:	$0.00	$0.00	$0.00
Indirect:	$0.00	$0.00	$0.00


Activity 2_Cutting Members: Week 43 As-Planned Start: 3 As-Planned End: 6
	As-Built	As-Planned	Difference
Material:	$0.00	$0.00	$0.00
Labor:	$2539.12	$0.00	$2539.12
Indirect:	$2700.00	$0.00	$2700.00


Activity 4_Assemble Bridge: Week 43 As-Planned Start: 10 As-Planned End: 13
	As-Built	As-Planned	Difference
Material:	$0.00	$0.00	$0.00
Labor:	$0.00	$0.00	$0.00
Indirect:	$0.00	$0.00	$0.00

Stock Value:
	$0.00	$0.00

Totals
	As-Built	As-Planned	Difference
Material:	$55000.00	$0.00	$55000.00
Labor:	$76036.08	$0.00	$76036.08
Indirect:	$112200.00	$0.00	$112200.00


Resource Usage -----------------------------------------------

Activity 5 - 5_Load Test: Week 43 As-Planned Start: 13 As-Planned End: 14
	Labor:
		5_Load Test Crew:
		LaborType	As-Built	As-Planned	Difference
		(labor)Equipment Operator :	0	0	0
		(labor)Worker:	0	0	0
		(labor)Foreman:	0	0	0
		(equi)Load Testing Machine:	0	0	0

	Materials:
		Material	As-Built	As-Planned	Difference
		test:	0	0	0

Activity 3 - 3_Assemble Trusses: Week 43 As-Planned Start: 6 As-Planned End: 10
	Labor:
		3_Trusses Assemble Crew:
		LaborType	As-Built	As-Planned	Difference
		(labor)Worker:	0	0	0
		(labor)Foreman:	0	0	0

	Materials:
		Material	As-Built	As-Planned	Difference
		truss connections:	0	0	0

Activity 2 - 2_Cutting Members: Week 43 As-Planned Start: 3 As-Planned End: 6
	Labor:
		2_Cutting Crew:
		LaborType	As-Built	As-Planned	Difference
		(labor)Equipment Operator :	1	0	1
		(labor)Worker:	3	0	3
		(labor)Foreman:	1	0	1
		(equi)Cutting Machine:	1	0	1

	Materials:
		Material	As-Built	As-Planned	Difference
		cutting members:	0	0	0

Activity 4 - 4_Assemble Bridge: Week 43 As-Planned Start: 10 As-Planned End: 13
	Labor:
		4_Bridge Assemble Crew:
		LaborType	As-Built	As-Planned	Difference
		(labor)Equipment Operator :	0	0	0
		(labor)Worker:	0	0	0
		(labor)Foreman:	0	0	0
		(equi)Crane:	0	0	0

	Materials:
		Material	As-Built	As-Planned	Difference
		bridge decking:	0	0	0
--------------------------------------------------------------

The rate for 2_Cutting Members is 0.0
New Rate is: 0.0

*************************
HistoryTimeID is: 6961.
*************************

2_Cutting Members

Activity 5_Load Test: Week 44 As-Planned Start: 13 As-Planned End: 14
	As-Built	As-Planned	Difference
Material:	$0.00	$0.00	$0.00
Labor:	$0.00	$0.00	$0.00
Indirect:	$0.00	$0.00	$0.00


Activity 3_Assemble Trusses: Week 44 As-Planned Start: 6 As-Planned End: 10
	As-Built	As-Planned	Difference
Material:	$0.00	$0.00	$0.00
Labor:	$0.00	$0.00	$0.00
Indirect:	$0.00	$0.00	$0.00


Activity 2_Cutting Members: Week 44 As-Planned Start: 3 As-Planned End: 6
	As-Built	As-Planned	Difference
Material:	$0.00	$0.00	$0.00
Labor:	$2539.12	$0.00	$2539.12
Indirect:	$2700.00	$0.00	$2700.00


Activity 4_Assemble Bridge: Week 44 As-Planned Start: 10 As-Planned End: 13
	As-Built	As-Planned	Difference
Material:	$0.00	$0.00	$0.00
Labor:	$0.00	$0.00	$0.00
Indirect:	$0.00	$0.00	$0.00

Stock Value:
	$0.00	$0.00

Totals
	As-Built	As-Planned	Difference
Material:	$55000.00	$0.00	$55000.00
Labor:	$78575.20	$0.00	$78575.20
Indirect:	$114900.00	$0.00	$114900.00


Resource Usage -----------------------------------------------

Activity 5 - 5_Load Test: Week 44 As-Planned Start: 13 As-Planned End: 14
	Labor:
		5_Load Test Crew:
		LaborType	As-Built	As-Planned	Difference
		(labor)Equipment Operator :	0	0	0
		(labor)Worker:	0	0	0
		(labor)Foreman:	0	0	0
		(equi)Load Testing Machine:	0	0	0

	Materials:
		Material	As-Built	As-Planned	Difference
		test:	0	0	0

Activity 3 - 3_Assemble Trusses: Week 44 As-Planned Start: 6 As-Planned End: 10
	Labor:
		3_Trusses Assemble Crew:
		LaborType	As-Built	As-Planned	Difference
		(labor)Worker:	0	0	0
		(labor)Foreman:	0	0	0

	Materials:
		Material	As-Built	As-Planned	Difference
		truss connections:	0	0	0

Activity 2 - 2_Cutting Members: Week 44 As-Planned Start: 3 As-Planned End: 6
	Labor:
		2_Cutting Crew:
		LaborType	As-Built	As-Planned	Difference
		(labor)Equipment Operator :	1	0	1
		(labor)Worker:	3	0	3
		(labor)Foreman:	1	0	1
		(equi)Cutting Machine:	1	0	1

	Materials:
		Material	As-Built	As-Planned	Difference
		cutting members:	0	0	0

Activity 4 - 4_Assemble Bridge: Week 44 As-Planned Start: 10 As-Planned End: 13
	Labor:
		4_Bridge Assemble Crew:
		LaborType	As-Built	As-Planned	Difference
		(labor)Equipment Operator :	0	0	0
		(labor)Worker:	0	0	0
		(labor)Foreman:	0	0	0
		(equi)Crane:	0	0	0

	Materials:
		Material	As-Built	As-Planned	Difference
		bridge decking:	0	0	0
--------------------------------------------------------------

The rate for 2_Cutting Members is 0.0
New Rate is: 0.0

*************************
HistoryTimeID is: 6962.
*************************

2_Cutting Members

Activity 5_Load Test: Week 45 As-Planned Start: 13 As-Planned End: 14
	As-Built	As-Planned	Difference
Material:	$0.00	$0.00	$0.00
Labor:	$0.00	$0.00	$0.00
Indirect:	$0.00	$0.00	$0.00


Activity 3_Assemble Trusses: Week 45 As-Planned Start: 6 As-Planned End: 10
	As-Built	As-Planned	Difference
Material:	$0.00	$0.00	$0.00
Labor:	$0.00	$0.00	$0.00
Indirect:	$0.00	$0.00	$0.00


Activity 2_Cutting Members: Week 45 As-Planned Start: 3 As-Planned End: 6
	As-Built	As-Planned	Difference
Material:	$0.00	$0.00	$0.00
Labor:	$2539.12	$0.00	$2539.12
Indirect:	$2700.00	$0.00	$2700.00


Activity 4_Assemble Bridge: Week 45 As-Planned Start: 10 As-Planned End: 13
	As-Built	As-Planned	Difference
Material:	$0.00	$0.00	$0.00
Labor:	$0.00	$0.00	$0.00
Indirect:	$0.00	$0.00	$0.00

Stock Value:
	$0.00	$0.00

Totals
	As-Built	As-Planned	Difference
Material:	$55000.00	$0.00	$55000.00
Labor:	$81114.32	$0.00	$81114.32
Indirect:	$117600.00	$0.00	$117600.00


Resource Usage -----------------------------------------------

Activity 5 - 5_Load Test: Week 45 As-Planned Start: 13 As-Planned End: 14
	Labor:
		5_Load Test Crew:
		LaborType	As-Built	As-Planned	Difference
		(labor)Equipment Operator :	0	0	0
		(labor)Worker:	0	0	0
		(labor)Foreman:	0	0	0
		(equi)Load Testing Machine:	0	0	0

	Materials:
		Material	As-Built	As-Planned	Difference
		test:	0	0	0

Activity 3 - 3_Assemble Trusses: Week 45 As-Planned Start: 6 As-Planned End: 10
	Labor:
		3_Trusses Assemble Crew:
		LaborType	As-Built	As-Planned	Difference
		(labor)Worker:	0	0	0
		(labor)Foreman:	0	0	0

	Materials:
		Material	As-Built	As-Planned	Difference
		truss connections:	0	0	0

Activity 2 - 2_Cutting Members: Week 45 As-Planned Start: 3 As-Planned End: 6
	Labor:
		2_Cutting Crew:
		LaborType	As-Built	As-Planned	Difference
		(labor)Equipment Operator :	1	0	1
		(labor)Worker:	3	0	3
		(labor)Foreman:	1	0	1
		(equi)Cutting Machine:	1	0	1

	Materials:
		Material	As-Built	As-Planned	Difference
		cutting members:	0	0	0

Activity 4 - 4_Assemble Bridge: Week 45 As-Planned Start: 10 As-Planned End: 13
	Labor:
		4_Bridge Assemble Crew:
		LaborType	As-Built	As-Planned	Difference
		(labor)Equipment Operator :	0	0	0
		(labor)Worker:	0	0	0
		(labor)Foreman:	0	0	0
		(equi)Crane:	0	0	0

	Materials:
		Material	As-Built	As-Planned	Difference
		bridge decking:	0	0	0
--------------------------------------------------------------

The rate for 2_Cutting Members is 0.0
New Rate is: 0.0

*************************
HistoryTimeID is: 6963.
*************************

2_Cutting Members

Activity 5_Load Test: Week 46 As-Planned Start: 13 As-Planned End: 14
	As-Built	As-Planned	Difference
Material:	$0.00	$0.00	$0.00
Labor:	$0.00	$0.00	$0.00
Indirect:	$0.00	$0.00	$0.00


Activity 3_Assemble Trusses: Week 46 As-Planned Start: 6 As-Planned End: 10
	As-Built	As-Planned	Difference
Material:	$0.00	$0.00	$0.00
Labor:	$0.00	$0.00	$0.00
Indirect:	$0.00	$0.00	$0.00


Activity 2_Cutting Members: Week 46 As-Planned Start: 3 As-Planned End: 6
	As-Built	As-Planned	Difference
Material:	$0.00	$0.00	$0.00
Labor:	$2539.12	$0.00	$2539.12
Indirect:	$2700.00	$0.00	$2700.00


Activity 4_Assemble Bridge: Week 46 As-Planned Start: 10 As-Planned End: 13
	As-Built	As-Planned	Difference
Material:	$0.00	$0.00	$0.00
Labor:	$0.00	$0.00	$0.00
Indirect:	$0.00	$0.00	$0.00

Stock Value:
	$0.00	$0.00

Totals
	As-Built	As-Planned	Difference
Material:	$55000.00	$0.00	$55000.00
Labor:	$83653.44	$0.00	$83653.44
Indirect:	$120300.00	$0.00	$120300.00


Resource Usage -----------------------------------------------

Activity 5 - 5_Load Test: Week 46 As-Planned Start: 13 As-Planned End: 14
	Labor:
		5_Load Test Crew:
		LaborType	As-Built	As-Planned	Difference
		(labor)Equipment Operator :	0	0	0
		(labor)Worker:	0	0	0
		(labor)Foreman:	0	0	0
		(equi)Load Testing Machine:	0	0	0

	Materials:
		Material	As-Built	As-Planned	Difference
		test:	0	0	0

Activity 3 - 3_Assemble Trusses: Week 46 As-Planned Start: 6 As-Planned End: 10
	Labor:
		3_Trusses Assemble Crew:
		LaborType	As-Built	As-Planned	Difference
		(labor)Worker:	0	0	0
		(labor)Foreman:	0	0	0

	Materials:
		Material	As-Built	As-Planned	Difference
		truss connections:	0	0	0

Activity 2 - 2_Cutting Members: Week 46 As-Planned Start: 3 As-Planned End: 6
	Labor:
		2_Cutting Crew:
		LaborType	As-Built	As-Planned	Difference
		(labor)Equipment Operator :	1	0	1
		(labor)Worker:	3	0	3
		(labor)Foreman:	1	0	1
		(equi)Cutting Machine:	1	0	1

	Materials:
		Material	As-Built	As-Planned	Difference
		cutting members:	0	0	0

Activity 4 - 4_Assemble Bridge: Week 46 As-Planned Start: 10 As-Planned End: 13
	Labor:
		4_Bridge Assemble Crew:
		LaborType	As-Built	As-Planned	Difference
		(labor)Equipment Operator :	0	0	0
		(labor)Worker:	0	0	0
		(labor)Foreman:	0	0	0
		(equi)Crane:	0	0	0

	Materials:
		Material	As-Built	As-Planned	Difference
		bridge decking:	0	0	0
--------------------------------------------------------------


=======================================================================>
Bad weather, productivities reduce to 50%! 
Bad weather, productivities reduce to 50%! 
(Rule Bad weather)
=======================================================================>

The rate for 2_Cutting Members is 0.0
New Rate is: 0.0

*************************
HistoryTimeID is: 6964.
*************************

2_Cutting Members

Activity 5_Load Test: Week 47 As-Planned Start: 13 As-Planned End: 14
	As-Built	As-Planned	Difference
Material:	$0.00	$0.00	$0.00
Labor:	$0.00	$0.00	$0.00
Indirect:	$0.00	$0.00	$0.00


Activity 3_Assemble Trusses: Week 47 As-Planned Start: 6 As-Planned End: 10
	As-Built	As-Planned	Difference
Material:	$0.00	$0.00	$0.00
Labor:	$0.00	$0.00	$0.00
Indirect:	$0.00	$0.00	$0.00


Activity 2_Cutting Members: Week 47 As-Planned Start: 3 As-Planned End: 6
	As-Built	As-Planned	Difference
Material:	$0.00	$0.00	$0.00
Labor:	$2539.12	$0.00	$2539.12
Indirect:	$2700.00	$0.00	$2700.00


Activity 4_Assemble Bridge: Week 47 As-Planned Start: 10 As-Planned End: 13
	As-Built	As-Planned	Difference
Material:	$0.00	$0.00	$0.00
Labor:	$0.00	$0.00	$0.00
Indirect:	$0.00	$0.00	$0.00

Stock Value:
	$0.00	$0.00

Totals
	As-Built	As-Planned	Difference
Material:	$55000.00	$0.00	$55000.00
Labor:	$86192.56	$0.00	$86192.56
Indirect:	$123000.00	$0.00	$123000.00


Resource Usage -----------------------------------------------

Activity 5 - 5_Load Test: Week 47 As-Planned Start: 13 As-Planned End: 14
	Labor:
		5_Load Test Crew:
		LaborType	As-Built	As-Planned	Difference
		(labor)Equipment Operator :	0	0	0
		(labor)Worker:	0	0	0
		(labor)Foreman:	0	0	0
		(equi)Load Testing Machine:	0	0	0

	Materials:
		Material	As-Built	As-Planned	Difference
		test:	0	0	0

Activity 3 - 3_Assemble Trusses: Week 47 As-Planned Start: 6 As-Planned End: 10
	Labor:
		3_Trusses Assemble Crew:
		LaborType	As-Built	As-Planned	Difference
		(labor)Worker:	0	0	0
		(labor)Foreman:	0	0	0

	Materials:
		Material	As-Built	As-Planned	Difference
		truss connections:	0	0	0

Activity 2 - 2_Cutting Members: Week 47 As-Planned Start: 3 As-Planned End: 6
	Labor:
		2_Cutting Crew:
		LaborType	As-Built	As-Planned	Difference
		(labor)Equipment Operator :	1	0	1
		(labor)Worker:	3	0	3
		(labor)Foreman:	1	0	1
		(equi)Cutting Machine:	1	0	1

	Materials:
		Material	As-Built	As-Planned	Difference
		cutting members:	0	0	0

Activity 4 - 4_Assemble Bridge: Week 47 As-Planned Start: 10 As-Planned End: 13
	Labor:
		4_Bridge Assemble Crew:
		LaborType	As-Built	As-Planned	Difference
		(labor)Equipment Operator :	0	0	0
		(labor)Worker:	0	0	0
		(labor)Foreman:	0	0	0
		(equi)Crane:	0	0	0

	Materials:
		Material	As-Built	As-Planned	Difference
		bridge decking:	0	0	0
--------------------------------------------------------------

The rate for 2_Cutting Members is 0.0
New Rate is: 0.0

*************************
HistoryTimeID is: 6965.
*************************

2_Cutting Members

Activity 5_Load Test: Week 48 As-Planned Start: 13 As-Planned End: 14
	As-Built	As-Planned	Difference
Material:	$0.00	$0.00	$0.00
Labor:	$0.00	$0.00	$0.00
Indirect:	$0.00	$0.00	$0.00


Activity 3_Assemble Trusses: Week 48 As-Planned Start: 6 As-Planned End: 10
	As-Built	As-Planned	Difference
Material:	$0.00	$0.00	$0.00
Labor:	$0.00	$0.00	$0.00
Indirect:	$0.00	$0.00	$0.00


Activity 2_Cutting Members: Week 48 As-Planned Start: 3 As-Planned End: 6
	As-Built	As-Planned	Difference
Material:	$0.00	$0.00	$0.00
Labor:	$0.00	$0.00	$0.00
Indirect:	$2700.00	$0.00	$2700.00


Activity 4_Assemble Bridge: Week 48 As-Planned Start: 10 As-Planned End: 13
	As-Built	As-Planned	Difference
Material:	$0.00	$0.00	$0.00
Labor:	$0.00	$0.00	$0.00
Indirect:	$0.00	$0.00	$0.00

Stock Value:
	$0.00	$0.00

Totals
	As-Built	As-Planned	Difference
Material:	$55000.00	$0.00	$55000.00
Labor:	$86192.56	$0.00	$86192.56
Indirect:	$125700.00	$0.00	$125700.00


Resource Usage -----------------------------------------------

Activity 5 - 5_Load Test: Week 48 As-Planned Start: 13 As-Planned End: 14
	Labor:
		5_Load Test Crew:
		LaborType	As-Built	As-Planned	Difference
		(labor)Equipment Operator :	0	0	0
		(labor)Worker:	0	0	0
		(labor)Foreman:	0	0	0
		(equi)Load Testing Machine:	0	0	0

	Materials:
		Material	As-Built	As-Planned	Difference
		test:	0	0	0

Activity 3 - 3_Assemble Trusses: Week 48 As-Planned Start: 6 As-Planned End: 10
	Labor:
		3_Trusses Assemble Crew:
		LaborType	As-Built	As-Planned	Difference
		(labor)Worker:	0	0	0
		(labor)Foreman:	0	0	0

	Materials:
		Material	As-Built	As-Planned	Difference
		truss connections:	0	0	0

Activity 2 - 2_Cutting Members: Week 48 As-Planned Start: 3 As-Planned End: 6
	Labor:
		2_Cutting Crew:
		LaborType	As-Built	As-Planned	Difference
		(labor)Equipment Operator :	1	0	1
		(labor)Worker:	3	0	3
		(labor)Foreman:	1	0	1
		(equi)Cutting Machine:	1	0	1

	Materials:
		Material	As-Built	As-Planned	Difference
		cutting members:	0	0	0

Activity 4 - 4_Assemble Bridge: Week 48 As-Planned Start: 10 As-Planned End: 13
	Labor:
		4_Bridge Assemble Crew:
		LaborType	As-Built	As-Planned	Difference
		(labor)Equipment Operator :	0	0	0
		(labor)Worker:	0	0	0
		(labor)Foreman:	0	0	0
		(equi)Crane:	0	0	0

	Materials:
		Material	As-Built	As-Planned	Difference
		bridge decking:	0	0	0
--------------------------------------------------------------

The rate for 2_Cutting Members is 0.0
New Rate is: 0.0

*************************
HistoryTimeID is: 6966.
*************************

2_Cutting Members

Activity 5_Load Test: Week 49 As-Planned Start: 13 As-Planned End: 14
	As-Built	As-Planned	Difference
Material:	$0.00	$0.00	$0.00
Labor:	$0.00	$0.00	$0.00
Indirect:	$0.00	$0.00	$0.00


Activity 3_Assemble Trusses: Week 49 As-Planned Start: 6 As-Planned End: 10
	As-Built	As-Planned	Difference
Material:	$0.00	$0.00	$0.00
Labor:	$0.00	$0.00	$0.00
Indirect:	$0.00	$0.00	$0.00


Activity 2_Cutting Members: Week 49 As-Planned Start: 3 As-Planned End: 6
	As-Built	As-Planned	Difference
Material:	$0.00	$0.00	$0.00
Labor:	$0.00	$0.00	$0.00
Indirect:	$2700.00	$0.00	$2700.00


Activity 4_Assemble Bridge: Week 49 As-Planned Start: 10 As-Planned End: 13
	As-Built	As-Planned	Difference
Material:	$0.00	$0.00	$0.00
Labor:	$0.00	$0.00	$0.00
Indirect:	$0.00	$0.00	$0.00

Stock Value:
	$0.00	$0.00

Totals
	As-Built	As-Planned	Difference
Material:	$55000.00	$0.00	$55000.00
Labor:	$86192.56	$0.00	$86192.56
Indirect:	$128400.01	$0.00	$128400.01


Resource Usage -----------------------------------------------

Activity 5 - 5_Load Test: Week 49 As-Planned Start: 13 As-Planned End: 14
	Labor:
		5_Load Test Crew:
		LaborType	As-Built	As-Planned	Difference
		(labor)Equipment Operator :	0	0	0
		(labor)Worker:	0	0	0
		(labor)Foreman:	0	0	0
		(equi)Load Testing Machine:	0	0	0

	Materials:
		Material	As-Built	As-Planned	Difference
		test:	0	0	0

Activity 3 - 3_Assemble Trusses: Week 49 As-Planned Start: 6 As-Planned End: 10
	Labor:
		3_Trusses Assemble Crew:
		LaborType	As-Built	As-Planned	Difference
		(labor)Worker:	0	0	0
		(labor)Foreman:	0	0	0

	Materials:
		Material	As-Built	As-Planned	Difference
		truss connections:	0	0	0

Activity 2 - 2_Cutting Members: Week 49 As-Planned Start: 3 As-Planned End: 6
	Labor:
		2_Cutting Crew:
		LaborType	As-Built	As-Planned	Difference
		(labor)Equipment Operator :	1	0	1
		(labor)Worker:	3	0	3
		(labor)Foreman:	1	0	1
		(equi)Cutting Machine:	1	0	1

	Materials:
		Material	As-Built	As-Planned	Difference
		cutting members:	0	0	0

Activity 4 - 4_Assemble Bridge: Week 49 As-Planned Start: 10 As-Planned End: 13
	Labor:
		4_Bridge Assemble Crew:
		LaborType	As-Built	As-Planned	Difference
		(labor)Equipment Operator :	0	0	0
		(labor)Worker:	0	0	0
		(labor)Foreman:	0	0	0
		(equi)Crane:	0	0	0

	Materials:
		Material	As-Built	As-Planned	Difference
		bridge decking:	0	0	0
--------------------------------------------------------------

The rate for 2_Cutting Members is 0.0
New Rate is: 0.0

*************************
HistoryTimeID is: 6967.
*************************

2_Cutting Members

Activity 5_Load Test: Week 50 As-Planned Start: 13 As-Planned End: 14
	As-Built	As-Planned	Difference
Material:	$0.00	$0.00	$0.00
Labor:	$0.00	$0.00	$0.00
Indirect:	$0.00	$0.00	$0.00


Activity 3_Assemble Trusses: Week 50 As-Planned Start: 6 As-Planned End: 10
	As-Built	As-Planned	Difference
Material:	$0.00	$0.00	$0.00
Labor:	$0.00	$0.00	$0.00
Indirect:	$0.00	$0.00	$0.00


Activity 2_Cutting Members: Week 50 As-Planned Start: 3 As-Planned End: 6
	As-Built	As-Planned	Difference
Material:	$0.00	$0.00	$0.00
Labor:	$2539.12	$0.00	$2539.12
Indirect:	$2700.00	$0.00	$2700.00


Activity 4_Assemble Bridge: Week 50 As-Planned Start: 10 As-Planned End: 13
	As-Built	As-Planned	Difference
Material:	$0.00	$0.00	$0.00
Labor:	$0.00	$0.00	$0.00
Indirect:	$0.00	$0.00	$0.00

Stock Value:
	$0.00	$0.00

Totals
	As-Built	As-Planned	Difference
Material:	$55000.00	$0.00	$55000.00
Labor:	$88731.68	$0.00	$88731.68
Indirect:	$131100.01	$0.00	$131100.01


Resource Usage -----------------------------------------------

Activity 5 - 5_Load Test: Week 50 As-Planned Start: 13 As-Planned End: 14
	Labor:
		5_Load Test Crew:
		LaborType	As-Built	As-Planned	Difference
		(labor)Equipment Operator :	0	0	0
		(labor)Worker:	0	0	0
		(labor)Foreman:	0	0	0
		(equi)Load Testing Machine:	0	0	0

	Materials:
		Material	As-Built	As-Planned	Difference
		test:	0	0	0

Activity 3 - 3_Assemble Trusses: Week 50 As-Planned Start: 6 As-Planned End: 10
	Labor:
		3_Trusses Assemble Crew:
		LaborType	As-Built	As-Planned	Difference
		(labor)Worker:	0	0	0
		(labor)Foreman:	0	0	0

	Materials:
		Material	As-Built	As-Planned	Difference
		truss connections:	0	0	0

Activity 2 - 2_Cutting Members: Week 50 As-Planned Start: 3 As-Planned End: 6
	Labor:
		2_Cutting Crew:
		LaborType	As-Built	As-Planned	Difference
		(labor)Equipment Operator :	1	0	1
		(labor)Worker:	3	0	3
		(labor)Foreman:	1	0	1
		(equi)Cutting Machine:	1	0	1

	Materials:
		Material	As-Built	As-Planned	Difference
		cutting members:	0	0	0

Activity 4 - 4_Assemble Bridge: Week 50 As-Planned Start: 10 As-Planned End: 13
	Labor:
		4_Bridge Assemble Crew:
		LaborType	As-Built	As-Planned	Difference
		(labor)Equipment Operator :	0	0	0
		(labor)Worker:	0	0	0
		(labor)Foreman:	0	0	0
		(equi)Crane:	0	0	0

	Materials:
		Material	As-Built	As-Planned	Difference
		bridge decking:	0	0	0
--------------------------------------------------------------

The rate for 2_Cutting Members is 0.0
New Rate is: 0.0

*************************
HistoryTimeID is: 6968.
*************************

2_Cutting Members

Activity 5_Load Test: Week 51 As-Planned Start: 13 As-Planned End: 14
	As-Built	As-Planned	Difference
Material:	$0.00	$0.00	$0.00
Labor:	$0.00	$0.00	$0.00
Indirect:	$0.00	$0.00	$0.00


Activity 3_Assemble Trusses: Week 51 As-Planned Start: 6 As-Planned End: 10
	As-Built	As-Planned	Difference
Material:	$0.00	$0.00	$0.00
Labor:	$0.00	$0.00	$0.00
Indirect:	$0.00	$0.00	$0.00


Activity 2_Cutting Members: Week 51 As-Planned Start: 3 As-Planned End: 6
	As-Built	As-Planned	Difference
Material:	$0.00	$0.00	$0.00
Labor:	$2539.12	$0.00	$2539.12
Indirect:	$2700.00	$0.00	$2700.00


Activity 4_Assemble Bridge: Week 51 As-Planned Start: 10 As-Planned End: 13
	As-Built	As-Planned	Difference
Material:	$0.00	$0.00	$0.00
Labor:	$0.00	$0.00	$0.00
Indirect:	$0.00	$0.00	$0.00

Stock Value:
	$0.00	$0.00

Totals
	As-Built	As-Planned	Difference
Material:	$55000.00	$0.00	$55000.00
Labor:	$91270.80	$0.00	$91270.80
Indirect:	$133800.01	$0.00	$133800.01


Resource Usage -----------------------------------------------

Activity 5 - 5_Load Test: Week 51 As-Planned Start: 13 As-Planned End: 14
	Labor:
		5_Load Test Crew:
		LaborType	As-Built	As-Planned	Difference
		(labor)Equipment Operator :	0	0	0
		(labor)Worker:	0	0	0
		(labor)Foreman:	0	0	0
		(equi)Load Testing Machine:	0	0	0

	Materials:
		Material	As-Built	As-Planned	Difference
		test:	0	0	0

Activity 3 - 3_Assemble Trusses: Week 51 As-Planned Start: 6 As-Planned End: 10
	Labor:
		3_Trusses Assemble Crew:
		LaborType	As-Built	As-Planned	Difference
		(labor)Worker:	0	0	0
		(labor)Foreman:	0	0	0

	Materials:
		Material	As-Built	As-Planned	Difference
		truss connections:	0	0	0

Activity 2 - 2_Cutting Members: Week 51 As-Planned Start: 3 As-Planned End: 6
	Labor:
		2_Cutting Crew:
		LaborType	As-Built	As-Planned	Difference
		(labor)Equipment Operator :	1	0	1
		(labor)Worker:	3	0	3
		(labor)Foreman:	1	0	1
		(equi)Cutting Machine:	1	0	1

	Materials:
		Material	As-Built	As-Planned	Difference
		cutting members:	0	0	0

Activity 4 - 4_Assemble Bridge: Week 51 As-Planned Start: 10 As-Planned End: 13
	Labor:
		4_Bridge Assemble Crew:
		LaborType	As-Built	As-Planned	Difference
		(labor)Equipment Operator :	0	0	0
		(labor)Worker:	0	0	0
		(labor)Foreman:	0	0	0
		(equi)Crane:	0	0	0

	Materials:
		Material	As-Built	As-Planned	Difference
		bridge decking:	0	0	0
--------------------------------------------------------------

The rate for 2_Cutting Members is 0.0
New Rate is: 0.0

*************************
HistoryTimeID is: 6969.
*************************

2_Cutting Members

Activity 5_Load Test: Week 52 As-Planned Start: 13 As-Planned End: 14
	As-Built	As-Planned	Difference
Material:	$0.00	$0.00	$0.00
Labor:	$0.00	$0.00	$0.00
Indirect:	$0.00	$0.00	$0.00


Activity 3_Assemble Trusses: Week 52 As-Planned Start: 6 As-Planned End: 10
	As-Built	As-Planned	Difference
Material:	$0.00	$0.00	$0.00
Labor:	$0.00	$0.00	$0.00
Indirect:	$0.00	$0.00	$0.00


Activity 2_Cutting Members: Week 52 As-Planned Start: 3 As-Planned End: 6
	As-Built	As-Planned	Difference
Material:	$0.00	$0.00	$0.00
Labor:	$2539.12	$0.00	$2539.12
Indirect:	$2700.00	$0.00	$2700.00


Activity 4_Assemble Bridge: Week 52 As-Planned Start: 10 As-Planned End: 13
	As-Built	As-Planned	Difference
Material:	$0.00	$0.00	$0.00
Labor:	$0.00	$0.00	$0.00
Indirect:	$0.00	$0.00	$0.00

Stock Value:
	$0.00	$0.00

Totals
	As-Built	As-Planned	Difference
Material:	$55000.00	$0.00	$55000.00
Labor:	$93809.92	$0.00	$93809.92
Indirect:	$136500.01	$0.00	$136500.01


Resource Usage -----------------------------------------------

Activity 5 - 5_Load Test: Week 52 As-Planned Start: 13 As-Planned End: 14
	Labor:
		5_Load Test Crew:
		LaborType	As-Built	As-Planned	Difference
		(labor)Equipment Operator :	0	0	0
		(labor)Worker:	0	0	0
		(labor)Foreman:	0	0	0
		(equi)Load Testing Machine:	0	0	0

	Materials:
		Material	As-Built	As-Planned	Difference
		test:	0	0	0

Activity 3 - 3_Assemble Trusses: Week 52 As-Planned Start: 6 As-Planned End: 10
	Labor:
		3_Trusses Assemble Crew:
		LaborType	As-Built	As-Planned	Difference
		(labor)Worker:	0	0	0
		(labor)Foreman:	0	0	0

	Materials:
		Material	As-Built	As-Planned	Difference
		truss connections:	0	0	0

Activity 2 - 2_Cutting Members: Week 52 As-Planned Start: 3 As-Planned End: 6
	Labor:
		2_Cutting Crew:
		LaborType	As-Built	As-Planned	Difference
		(labor)Equipment Operator :	1	0	1
		(labor)Worker:	3	0	3
		(labor)Foreman:	1	0	1
		(equi)Cutting Machine:	1	0	1

	Materials:
		Material	As-Built	As-Planned	Difference
		cutting members:	0	0	0

Activity 4 - 4_Assemble Bridge: Week 52 As-Planned Start: 10 As-Planned End: 13
	Labor:
		4_Bridge Assemble Crew:
		LaborType	As-Built	As-Planned	Difference
		(labor)Equipment Operator :	0	0	0
		(labor)Worker:	0	0	0
		(labor)Foreman:	0	0	0
		(equi)Crane:	0	0	0

	Materials:
		Material	As-Built	As-Planned	Difference
		bridge decking:	0	0	0
--------------------------------------------------------------

The rate for 2_Cutting Members is 0.0
New Rate is: 0.0

*************************
HistoryTimeID is: 6970.
*************************

2_Cutting Members

Activity 5_Load Test: Week 53 As-Planned Start: 13 As-Planned End: 14
	As-Built	As-Planned	Difference
Material:	$0.00	$0.00	$0.00
Labor:	$0.00	$0.00	$0.00
Indirect:	$0.00	$0.00	$0.00


Activity 3_Assemble Trusses: Week 53 As-Planned Start: 6 As-Planned End: 10
	As-Built	As-Planned	Difference
Material:	$0.00	$0.00	$0.00
Labor:	$0.00	$0.00	$0.00
Indirect:	$0.00	$0.00	$0.00


Activity 2_Cutting Members: Week 53 As-Planned Start: 3 As-Planned End: 6
	As-Built	As-Planned	Difference
Material:	$0.00	$0.00	$0.00
Labor:	$2539.12	$0.00	$2539.12
Indirect:	$2700.00	$0.00	$2700.00


Activity 4_Assemble Bridge: Week 53 As-Planned Start: 10 As-Planned End: 13
	As-Built	As-Planned	Difference
Material:	$0.00	$0.00	$0.00
Labor:	$0.00	$0.00	$0.00
Indirect:	$0.00	$0.00	$0.00

Stock Value:
	$0.00	$0.00

Totals
	As-Built	As-Planned	Difference
Material:	$55000.00	$0.00	$55000.00
Labor:	$96349.04	$0.00	$96349.04
Indirect:	$139200.01	$0.00	$139200.01


Resource Usage -----------------------------------------------

Activity 5 - 5_Load Test: Week 53 As-Planned Start: 13 As-Planned End: 14
	Labor:
		5_Load Test Crew:
		LaborType	As-Built	As-Planned	Difference
		(labor)Equipment Operator :	0	0	0
		(labor)Worker:	0	0	0
		(labor)Foreman:	0	0	0
		(equi)Load Testing Machine:	0	0	0

	Materials:
		Material	As-Built	As-Planned	Difference
		test:	0	0	0

Activity 3 - 3_Assemble Trusses: Week 53 As-Planned Start: 6 As-Planned End: 10
	Labor:
		3_Trusses Assemble Crew:
		LaborType	As-Built	As-Planned	Difference
		(labor)Worker:	0	0	0
		(labor)Foreman:	0	0	0

	Materials:
		Material	As-Built	As-Planned	Difference
		truss connections:	0	0	0

Activity 2 - 2_Cutting Members: Week 53 As-Planned Start: 3 As-Planned End: 6
	Labor:
		2_Cutting Crew:
		LaborType	As-Built	As-Planned	Difference
		(labor)Equipment Operator :	1	0	1
		(labor)Worker:	3	0	3
		(labor)Foreman:	1	0	1
		(equi)Cutting Machine:	1	0	1

	Materials:
		Material	As-Built	As-Planned	Difference
		cutting members:	0	0	0

Activity 4 - 4_Assemble Bridge: Week 53 As-Planned Start: 10 As-Planned End: 13
	Labor:
		4_Bridge Assemble Crew:
		LaborType	As-Built	As-Planned	Difference
		(labor)Equipment Operator :	0	0	0
		(labor)Worker:	0	0	0
		(labor)Foreman:	0	0	0
		(equi)Crane:	0	0	0

	Materials:
		Material	As-Built	As-Planned	Difference
		bridge decking:	0	0	0
--------------------------------------------------------------

The rate for 2_Cutting Members is 0.0
New Rate is: 0.0

*************************
HistoryTimeID is: 6971.
*************************

2_Cutting Members

Activity 5_Load Test: Week 54 As-Planned Start: 13 As-Planned End: 14
	As-Built	As-Planned	Difference
Material:	$0.00	$0.00	$0.00
Labor:	$0.00	$0.00	$0.00
Indirect:	$0.00	$0.00	$0.00


Activity 3_Assemble Trusses: Week 54 As-Planned Start: 6 As-Planned End: 10
	As-Built	As-Planned	Difference
Material:	$0.00	$0.00	$0.00
Labor:	$0.00	$0.00	$0.00
Indirect:	$0.00	$0.00	$0.00


Activity 2_Cutting Members: Week 54 As-Planned Start: 3 As-Planned End: 6
	As-Built	As-Planned	Difference
Material:	$0.00	$0.00	$0.00
Labor:	$2539.12	$0.00	$2539.12
Indirect:	$2700.00	$0.00	$2700.00


Activity 4_Assemble Bridge: Week 54 As-Planned Start: 10 As-Planned End: 13
	As-Built	As-Planned	Difference
Material:	$0.00	$0.00	$0.00
Labor:	$0.00	$0.00	$0.00
Indirect:	$0.00	$0.00	$0.00

Stock Value:
	$0.00	$0.00

Totals
	As-Built	As-Planned	Difference
Material:	$55000.00	$0.00	$55000.00
Labor:	$98888.16	$0.00	$98888.16
Indirect:	$141900.01	$0.00	$141900.01


Resource Usage -----------------------------------------------

Activity 5 - 5_Load Test: Week 54 As-Planned Start: 13 As-Planned End: 14
	Labor:
		5_Load Test Crew:
		LaborType	As-Built	As-Planned	Difference
		(labor)Equipment Operator :	0	0	0
		(labor)Worker:	0	0	0
		(labor)Foreman:	0	0	0
		(equi)Load Testing Machine:	0	0	0

	Materials:
		Material	As-Built	As-Planned	Difference
		test:	0	0	0

Activity 3 - 3_Assemble Trusses: Week 54 As-Planned Start: 6 As-Planned End: 10
	Labor:
		3_Trusses Assemble Crew:
		LaborType	As-Built	As-Planned	Difference
		(labor)Worker:	0	0	0
		(labor)Foreman:	0	0	0

	Materials:
		Material	As-Built	As-Planned	Difference
		truss connections:	0	0	0

Activity 2 - 2_Cutting Members: Week 54 As-Planned Start: 3 As-Planned End: 6
	Labor:
		2_Cutting Crew:
		LaborType	As-Built	As-Planned	Difference
		(labor)Equipment Operator :	1	0	1
		(labor)Worker:	3	0	3
		(labor)Foreman:	1	0	1
		(equi)Cutting Machine:	1	0	1

	Materials:
		Material	As-Built	As-Planned	Difference
		cutting members:	0	0	0

Activity 4 - 4_Assemble Bridge: Week 54 As-Planned Start: 10 As-Planned End: 13
	Labor:
		4_Bridge Assemble Crew:
		LaborType	As-Built	As-Planned	Difference
		(labor)Equipment Operator :	0	0	0
		(labor)Worker:	0	0	0
		(labor)Foreman:	0	0	0
		(equi)Crane:	0	0	0

	Materials:
		Material	As-Built	As-Planned	Difference
		bridge decking:	0	0	0
--------------------------------------------------------------

The rate for 2_Cutting Members is 0.0
New Rate is: 0.0

*************************
HistoryTimeID is: 6972.
*************************

2_Cutting Members

Activity 5_Load Test: Week 55 As-Planned Start: 13 As-Planned End: 14
	As-Built	As-Planned	Difference
Material:	$0.00	$0.00	$0.00
Labor:	$0.00	$0.00	$0.00
Indirect:	$0.00	$0.00	$0.00


Activity 3_Assemble Trusses: Week 55 As-Planned Start: 6 As-Planned End: 10
	As-Built	As-Planned	Difference
Material:	$0.00	$0.00	$0.00
Labor:	$0.00	$0.00	$0.00
Indirect:	$0.00	$0.00	$0.00


Activity 2_Cutting Members: Week 55 As-Planned Start: 3 As-Planned End: 6
	As-Built	As-Planned	Difference
Material:	$0.00	$0.00	$0.00
Labor:	$0.00	$0.00	$0.00
Indirect:	$2700.00	$0.00	$2700.00


Activity 4_Assemble Bridge: Week 55 As-Planned Start: 10 As-Planned End: 13
	As-Built	As-Planned	Difference
Material:	$0.00	$0.00	$0.00
Labor:	$0.00	$0.00	$0.00
Indirect:	$0.00	$0.00	$0.00

Stock Value:
	$0.00	$0.00

Totals
	As-Built	As-Planned	Difference
Material:	$55000.00	$0.00	$55000.00
Labor:	$98888.16	$0.00	$98888.16
Indirect:	$144600.01	$0.00	$144600.01


Resource Usage -----------------------------------------------

Activity 5 - 5_Load Test: Week 55 As-Planned Start: 13 As-Planned End: 14
	Labor:
		5_Load Test Crew:
		LaborType	As-Built	As-Planned	Difference
		(labor)Equipment Operator :	0	0	0
		(labor)Worker:	0	0	0
		(labor)Foreman:	0	0	0
		(equi)Load Testing Machine:	0	0	0

	Materials:
		Material	As-Built	As-Planned	Difference
		test:	0	0	0

Activity 3 - 3_Assemble Trusses: Week 55 As-Planned Start: 6 As-Planned End: 10
	Labor:
		3_Trusses Assemble Crew:
		LaborType	As-Built	As-Planned	Difference
		(labor)Worker:	0	0	0
		(labor)Foreman:	0	0	0

	Materials:
		Material	As-Built	As-Planned	Difference
		truss connections:	0	0	0

Activity 2 - 2_Cutting Members: Week 55 As-Planned Start: 3 As-Planned End: 6
	Labor:
		2_Cutting Crew:
		LaborType	As-Built	As-Planned	Difference
		(labor)Equipment Operator :	1	0	1
		(labor)Worker:	3	0	3
		(labor)Foreman:	1	0	1
		(equi)Cutting Machine:	1	0	1

	Materials:
		Material	As-Built	As-Planned	Difference
		cutting members:	0	0	0

Activity 4 - 4_Assemble Bridge: Week 55 As-Planned Start: 10 As-Planned End: 13
	Labor:
		4_Bridge Assemble Crew:
		LaborType	As-Built	As-Planned	Difference
		(labor)Equipment Operator :	0	0	0
		(labor)Worker:	0	0	0
		(labor)Foreman:	0	0	0
		(equi)Crane:	0	0	0

	Materials:
		Material	As-Built	As-Planned	Difference
		bridge decking:	0	0	0
--------------------------------------------------------------

The rate for 2_Cutting Members is 0.0
New Rate is: 0.0

*************************
HistoryTimeID is: 6973.
*************************

2_Cutting Members

Activity 5_Load Test: Week 56 As-Planned Start: 13 As-Planned End: 14
	As-Built	As-Planned	Difference
Material:	$0.00	$0.00	$0.00
Labor:	$0.00	$0.00	$0.00
Indirect:	$0.00	$0.00	$0.00


Activity 3_Assemble Trusses: Week 56 As-Planned Start: 6 As-Planned End: 10
	As-Built	As-Planned	Difference
Material:	$0.00	$0.00	$0.00
Labor:	$0.00	$0.00	$0.00
Indirect:	$0.00	$0.00	$0.00


Activity 2_Cutting Members: Week 56 As-Planned Start: 3 As-Planned End: 6
	As-Built	As-Planned	Difference
Material:	$0.00	$0.00	$0.00
Labor:	$0.00	$0.00	$0.00
Indirect:	$2700.00	$0.00	$2700.00


Activity 4_Assemble Bridge: Week 56 As-Planned Start: 10 As-Planned End: 13
	As-Built	As-Planned	Difference
Material:	$0.00	$0.00	$0.00
Labor:	$0.00	$0.00	$0.00
Indirect:	$0.00	$0.00	$0.00

Stock Value:
	$0.00	$0.00

Totals
	As-Built	As-Planned	Difference
Material:	$55000.00	$0.00	$55000.00
Labor:	$98888.16	$0.00	$98888.16
Indirect:	$147300.01	$0.00	$147300.01


Resource Usage -----------------------------------------------

Activity 5 - 5_Load Test: Week 56 As-Planned Start: 13 As-Planned End: 14
	Labor:
		5_Load Test Crew:
		LaborType	As-Built	As-Planned	Difference
		(labor)Equipment Operator :	0	0	0
		(labor)Worker:	0	0	0
		(labor)Foreman:	0	0	0
		(equi)Load Testing Machine:	0	0	0

	Materials:
		Material	As-Built	As-Planned	Difference
		test:	0	0	0

Activity 3 - 3_Assemble Trusses: Week 56 As-Planned Start: 6 As-Planned End: 10
	Labor:
		3_Trusses Assemble Crew:
		LaborType	As-Built	As-Planned	Difference
		(labor)Worker:	0	0	0
		(labor)Foreman:	0	0	0

	Materials:
		Material	As-Built	As-Planned	Difference
		truss connections:	0	0	0

Activity 2 - 2_Cutting Members: Week 56 As-Planned Start: 3 As-Planned End: 6
	Labor:
		2_Cutting Crew:
		LaborType	As-Built	As-Planned	Difference
		(labor)Equipment Operator :	1	0	1
		(labor)Worker:	3	0	3
		(labor)Foreman:	1	0	1
		(equi)Cutting Machine:	1	0	1

	Materials:
		Material	As-Built	As-Planned	Difference
		cutting members:	0	0	0

Activity 4 - 4_Assemble Bridge: Week 56 As-Planned Start: 10 As-Planned End: 13
	Labor:
		4_Bridge Assemble Crew:
		LaborType	As-Built	As-Planned	Difference
		(labor)Equipment Operator :	0	0	0
		(labor)Worker:	0	0	0
		(labor)Foreman:	0	0	0
		(equi)Crane:	0	0	0

	Materials:
		Material	As-Built	As-Planned	Difference
		bridge decking:	0	0	0
--------------------------------------------------------------


=======================================================================>
Bad weather, productivities reduce to 50%! 
Bad weather, productivities reduce to 50%! 
(Rule Bad weather)
=======================================================================>

The rate for 2_Cutting Members is 0.0
New Rate is: 0.0

*************************
HistoryTimeID is: 6974.
*************************

2_Cutting Members

Activity 5_Load Test: Week 57 As-Planned Start: 13 As-Planned End: 14
	As-Built	As-Planned	Difference
Material:	$0.00	$0.00	$0.00
Labor:	$0.00	$0.00	$0.00
Indirect:	$0.00	$0.00	$0.00


Activity 3_Assemble Trusses: Week 57 As-Planned Start: 6 As-Planned End: 10
	As-Built	As-Planned	Difference
Material:	$0.00	$0.00	$0.00
Labor:	$0.00	$0.00	$0.00
Indirect:	$0.00	$0.00	$0.00


Activity 2_Cutting Members: Week 57 As-Planned Start: 3 As-Planned End: 6
	As-Built	As-Planned	Difference
Material:	$0.00	$0.00	$0.00
Labor:	$2539.12	$0.00	$2539.12
Indirect:	$2700.00	$0.00	$2700.00


Activity 4_Assemble Bridge: Week 57 As-Planned Start: 10 As-Planned End: 13
	As-Built	As-Planned	Difference
Material:	$0.00	$0.00	$0.00
Labor:	$0.00	$0.00	$0.00
Indirect:	$0.00	$0.00	$0.00

Stock Value:
	$0.00	$0.00

Totals
	As-Built	As-Planned	Difference
Material:	$55000.00	$0.00	$55000.00
Labor:	$101427.28	$0.00	$101427.28
Indirect:	$150000.01	$0.00	$150000.01


Resource Usage -----------------------------------------------

Activity 5 - 5_Load Test: Week 57 As-Planned Start: 13 As-Planned End: 14
	Labor:
		5_Load Test Crew:
		LaborType	As-Built	As-Planned	Difference
		(labor)Equipment Operator :	0	0	0
		(labor)Worker:	0	0	0
		(labor)Foreman:	0	0	0
		(equi)Load Testing Machine:	0	0	0

	Materials:
		Material	As-Built	As-Planned	Difference
		test:	0	0	0

Activity 3 - 3_Assemble Trusses: Week 57 As-Planned Start: 6 As-Planned End: 10
	Labor:
		3_Trusses Assemble Crew:
		LaborType	As-Built	As-Planned	Difference
		(labor)Worker:	0	0	0
		(labor)Foreman:	0	0	0

	Materials:
		Material	As-Built	As-Planned	Difference
		truss connections:	0	0	0

Activity 2 - 2_Cutting Members: Week 57 As-Planned Start: 3 As-Planned End: 6
	Labor:
		2_Cutting Crew:
		LaborType	As-Built	As-Planned	Difference
		(labor)Equipment Operator :	1	0	1
		(labor)Worker:	3	0	3
		(labor)Foreman:	1	0	1
		(equi)Cutting Machine:	1	0	1

	Materials:
		Material	As-Built	As-Planned	Difference
		cutting members:	0	0	0

Activity 4 - 4_Assemble Bridge: Week 57 As-Planned Start: 10 As-Planned End: 13
	Labor:
		4_Bridge Assemble Crew:
		LaborType	As-Built	As-Planned	Difference
		(labor)Equipment Operator :	0	0	0
		(labor)Worker:	0	0	0
		(labor)Foreman:	0	0	0
		(equi)Crane:	0	0	0

	Materials:
		Material	As-Built	As-Planned	Difference
		bridge decking:	0	0	0
--------------------------------------------------------------

The rate for 2_Cutting Members is 0.0
New Rate is: 0.0

*************************
HistoryTimeID is: 6975.
*************************

2_Cutting Members

Activity 5_Load Test: Week 58 As-Planned Start: 13 As-Planned End: 14
	As-Built	As-Planned	Difference
Material:	$0.00	$0.00	$0.00
Labor:	$0.00	$0.00	$0.00
Indirect:	$0.00	$0.00	$0.00


Activity 3_Assemble Trusses: Week 58 As-Planned Start: 6 As-Planned End: 10
	As-Built	As-Planned	Difference
Material:	$0.00	$0.00	$0.00
Labor:	$0.00	$0.00	$0.00
Indirect:	$0.00	$0.00	$0.00


Activity 2_Cutting Members: Week 58 As-Planned Start: 3 As-Planned End: 6
	As-Built	As-Planned	Difference
Material:	$0.00	$0.00	$0.00
Labor:	$2539.12	$0.00	$2539.12
Indirect:	$2700.00	$0.00	$2700.00


Activity 4_Assemble Bridge: Week 58 As-Planned Start: 10 As-Planned End: 13
	As-Built	As-Planned	Difference
Material:	$0.00	$0.00	$0.00
Labor:	$0.00	$0.00	$0.00
Indirect:	$0.00	$0.00	$0.00

Stock Value:
	$0.00	$0.00

Totals
	As-Built	As-Planned	Difference
Material:	$55000.00	$0.00	$55000.00
Labor:	$103966.40	$0.00	$103966.40
Indirect:	$152700.01	$0.00	$152700.01


Resource Usage -----------------------------------------------

Activity 5 - 5_Load Test: Week 58 As-Planned Start: 13 As-Planned End: 14
	Labor:
		5_Load Test Crew:
		LaborType	As-Built	As-Planned	Difference
		(labor)Equipment Operator :	0	0	0
		(labor)Worker:	0	0	0
		(labor)Foreman:	0	0	0
		(equi)Load Testing Machine:	0	0	0

	Materials:
		Material	As-Built	As-Planned	Difference
		test:	0	0	0

Activity 3 - 3_Assemble Trusses: Week 58 As-Planned Start: 6 As-Planned End: 10
	Labor:
		3_Trusses Assemble Crew:
		LaborType	As-Built	As-Planned	Difference
		(labor)Worker:	0	0	0
		(labor)Foreman:	0	0	0

	Materials:
		Material	As-Built	As-Planned	Difference
		truss connections:	0	0	0

Activity 2 - 2_Cutting Members: Week 58 As-Planned Start: 3 As-Planned End: 6
	Labor:
		2_Cutting Crew:
		LaborType	As-Built	As-Planned	Difference
		(labor)Equipment Operator :	1	0	1
		(labor)Worker:	3	0	3
		(labor)Foreman:	1	0	1
		(equi)Cutting Machine:	1	0	1

	Materials:
		Material	As-Built	As-Planned	Difference
		cutting members:	0	0	0

Activity 4 - 4_Assemble Bridge: Week 58 As-Planned Start: 10 As-Planned End: 13
	Labor:
		4_Bridge Assemble Crew:
		LaborType	As-Built	As-Planned	Difference
		(labor)Equipment Operator :	0	0	0
		(labor)Worker:	0	0	0
		(labor)Foreman:	0	0	0
		(equi)Crane:	0	0	0

	Materials:
		Material	As-Built	As-Planned	Difference
		bridge decking:	0	0	0
--------------------------------------------------------------


=======================================================================>
Bad weather, productivities reduce to 50%! 
Bad weather, productivities reduce to 50%! 
(Rule Bad weather)
=======================================================================>

The rate for 2_Cutting Members is 0.0
New Rate is: 0.0

*************************
HistoryTimeID is: 6976.
*************************

2_Cutting Members

Activity 5_Load Test: Week 59 As-Planned Start: 13 As-Planned End: 14
	As-Built	As-Planned	Difference
Material:	$0.00	$0.00	$0.00
Labor:	$0.00	$0.00	$0.00
Indirect:	$0.00	$0.00	$0.00


Activity 3_Assemble Trusses: Week 59 As-Planned Start: 6 As-Planned End: 10
	As-Built	As-Planned	Difference
Material:	$0.00	$0.00	$0.00
Labor:	$0.00	$0.00	$0.00
Indirect:	$0.00	$0.00	$0.00


Activity 2_Cutting Members: Week 59 As-Planned Start: 3 As-Planned End: 6
	As-Built	As-Planned	Difference
Material:	$0.00	$0.00	$0.00
Labor:	$2539.12	$0.00	$2539.12
Indirect:	$2700.00	$0.00	$2700.00


Activity 4_Assemble Bridge: Week 59 As-Planned Start: 10 As-Planned End: 13
	As-Built	As-Planned	Difference
Material:	$0.00	$0.00	$0.00
Labor:	$0.00	$0.00	$0.00
Indirect:	$0.00	$0.00	$0.00

Stock Value:
	$0.00	$0.00

Totals
	As-Built	As-Planned	Difference
Material:	$55000.00	$0.00	$55000.00
Labor:	$106505.52	$0.00	$106505.52
Indirect:	$155400.01	$0.00	$155400.01


Resource Usage -----------------------------------------------

Activity 5 - 5_Load Test: Week 59 As-Planned Start: 13 As-Planned End: 14
	Labor:
		5_Load Test Crew:
		LaborType	As-Built	As-Planned	Difference
		(labor)Equipment Operator :	0	0	0
		(labor)Worker:	0	0	0
		(labor)Foreman:	0	0	0
		(equi)Load Testing Machine:	0	0	0

	Materials:
		Material	As-Built	As-Planned	Difference
		test:	0	0	0

Activity 3 - 3_Assemble Trusses: Week 59 As-Planned Start: 6 As-Planned End: 10
	Labor:
		3_Trusses Assemble Crew:
		LaborType	As-Built	As-Planned	Difference
		(labor)Worker:	0	0	0
		(labor)Foreman:	0	0	0

	Materials:
		Material	As-Built	As-Planned	Difference
		truss connections:	0	0	0

Activity 2 - 2_Cutting Members: Week 59 As-Planned Start: 3 As-Planned End: 6
	Labor:
		2_Cutting Crew:
		LaborType	As-Built	As-Planned	Difference
		(labor)Equipment Operator :	1	0	1
		(labor)Worker:	3	0	3
		(labor)Foreman:	1	0	1
		(equi)Cutting Machine:	1	0	1

	Materials:
		Material	As-Built	As-Planned	Difference
		cutting members:	0	0	0

Activity 4 - 4_Assemble Bridge: Week 59 As-Planned Start: 10 As-Planned End: 13
	Labor:
		4_Bridge Assemble Crew:
		LaborType	As-Built	As-Planned	Difference
		(labor)Equipment Operator :	0	0	0
		(labor)Worker:	0	0	0
		(labor)Foreman:	0	0	0
		(equi)Crane:	0	0	0

	Materials:
		Material	As-Built	As-Planned	Difference
		bridge decking:	0	0	0
--------------------------------------------------------------

The rate for 2_Cutting Members is 0.0
New Rate is: 0.0

*************************
HistoryTimeID is: 6977.
*************************

2_Cutting Members

Activity 5_Load Test: Week 60 As-Planned Start: 13 As-Planned End: 14
	As-Built	As-Planned	Difference
Material:	$0.00	$0.00	$0.00
Labor:	$0.00	$0.00	$0.00
Indirect:	$0.00	$0.00	$0.00


Activity 3_Assemble Trusses: Week 60 As-Planned Start: 6 As-Planned End: 10
	As-Built	As-Planned	Difference
Material:	$0.00	$0.00	$0.00
Labor:	$0.00	$0.00	$0.00
Indirect:	$0.00	$0.00	$0.00


Activity 2_Cutting Members: Week 60 As-Planned Start: 3 As-Planned End: 6
	As-Built	As-Planned	Difference
Material:	$0.00	$0.00	$0.00
Labor:	$2539.12	$0.00	$2539.12
Indirect:	$2700.00	$0.00	$2700.00


Activity 4_Assemble Bridge: Week 60 As-Planned Start: 10 As-Planned End: 13
	As-Built	As-Planned	Difference
Material:	$0.00	$0.00	$0.00
Labor:	$0.00	$0.00	$0.00
Indirect:	$0.00	$0.00	$0.00

Stock Value:
	$0.00	$0.00

Totals
	As-Built	As-Planned	Difference
Material:	$55000.00	$0.00	$55000.00
Labor:	$109044.64	$0.00	$109044.64
Indirect:	$158100.01	$0.00	$158100.01


Resource Usage -----------------------------------------------

Activity 5 - 5_Load Test: Week 60 As-Planned Start: 13 As-Planned End: 14
	Labor:
		5_Load Test Crew:
		LaborType	As-Built	As-Planned	Difference
		(labor)Equipment Operator :	0	0	0
		(labor)Worker:	0	0	0
		(labor)Foreman:	0	0	0
		(equi)Load Testing Machine:	0	0	0

	Materials:
		Material	As-Built	As-Planned	Difference
		test:	0	0	0

Activity 3 - 3_Assemble Trusses: Week 60 As-Planned Start: 6 As-Planned End: 10
	Labor:
		3_Trusses Assemble Crew:
		LaborType	As-Built	As-Planned	Difference
		(labor)Worker:	0	0	0
		(labor)Foreman:	0	0	0

	Materials:
		Material	As-Built	As-Planned	Difference
		truss connections:	0	0	0

Activity 2 - 2_Cutting Members: Week 60 As-Planned Start: 3 As-Planned End: 6
	Labor:
		2_Cutting Crew:
		LaborType	As-Built	As-Planned	Difference
		(labor)Equipment Operator :	1	0	1
		(labor)Worker:	3	0	3
		(labor)Foreman:	1	0	1
		(equi)Cutting Machine:	1	0	1

	Materials:
		Material	As-Built	As-Planned	Difference
		cutting members:	0	0	0

Activity 4 - 4_Assemble Bridge: Week 60 As-Planned Start: 10 As-Planned End: 13
	Labor:
		4_Bridge Assemble Crew:
		LaborType	As-Built	As-Planned	Difference
		(labor)Equipment Operator :	0	0	0
		(labor)Worker:	0	0	0
		(labor)Foreman:	0	0	0
		(equi)Crane:	0	0	0

	Materials:
		Material	As-Built	As-Planned	Difference
		bridge decking:	0	0	0
--------------------------------------------------------------

The rate for 2_Cutting Members is 0.0
New Rate is: 0.0

*************************
HistoryTimeID is: 6978.
*************************

2_Cutting Members

Activity 5_Load Test: Week 61 As-Planned Start: 13 As-Planned End: 14
	As-Built	As-Planned	Difference
Material:	$0.00	$0.00	$0.00
Labor:	$0.00	$0.00	$0.00
Indirect:	$0.00	$0.00	$0.00


Activity 3_Assemble Trusses: Week 61 As-Planned Start: 6 As-Planned End: 10
	As-Built	As-Planned	Difference
Material:	$0.00	$0.00	$0.00
Labor:	$0.00	$0.00	$0.00
Indirect:	$0.00	$0.00	$0.00


Activity 2_Cutting Members: Week 61 As-Planned Start: 3 As-Planned End: 6
	As-Built	As-Planned	Difference
Material:	$0.00	$0.00	$0.00
Labor:	$2539.12	$0.00	$2539.12
Indirect:	$2700.00	$0.00	$2700.00


Activity 4_Assemble Bridge: Week 61 As-Planned Start: 10 As-Planned End: 13
	As-Built	As-Planned	Difference
Material:	$0.00	$0.00	$0.00
Labor:	$0.00	$0.00	$0.00
Indirect:	$0.00	$0.00	$0.00

Stock Value:
	$0.00	$0.00

Totals
	As-Built	As-Planned	Difference
Material:	$55000.00	$0.00	$55000.00
Labor:	$111583.76	$0.00	$111583.76
Indirect:	$160800.01	$0.00	$160800.01


Resource Usage -----------------------------------------------

Activity 5 - 5_Load Test: Week 61 As-Planned Start: 13 As-Planned End: 14
	Labor:
		5_Load Test Crew:
		LaborType	As-Built	As-Planned	Difference
		(labor)Equipment Operator :	0	0	0
		(labor)Worker:	0	0	0
		(labor)Foreman:	0	0	0
		(equi)Load Testing Machine:	0	0	0

	Materials:
		Material	As-Built	As-Planned	Difference
		test:	0	0	0

Activity 3 - 3_Assemble Trusses: Week 61 As-Planned Start: 6 As-Planned End: 10
	Labor:
		3_Trusses Assemble Crew:
		LaborType	As-Built	As-Planned	Difference
		(labor)Worker:	0	0	0
		(labor)Foreman:	0	0	0

	Materials:
		Material	As-Built	As-Planned	Difference
		truss connections:	0	0	0

Activity 2 - 2_Cutting Members: Week 61 As-Planned Start: 3 As-Planned End: 6
	Labor:
		2_Cutting Crew:
		LaborType	As-Built	As-Planned	Difference
		(labor)Equipment Operator :	1	0	1
		(labor)Worker:	3	0	3
		(labor)Foreman:	1	0	1
		(equi)Cutting Machine:	1	0	1

	Materials:
		Material	As-Built	As-Planned	Difference
		cutting members:	0	0	0

Activity 4 - 4_Assemble Bridge: Week 61 As-Planned Start: 10 As-Planned End: 13
	Labor:
		4_Bridge Assemble Crew:
		LaborType	As-Built	As-Planned	Difference
		(labor)Equipment Operator :	0	0	0
		(labor)Worker:	0	0	0
		(labor)Foreman:	0	0	0
		(equi)Crane:	0	0	0

	Materials:
		Material	As-Built	As-Planned	Difference
		bridge decking:	0	0	0
--------------------------------------------------------------

The rate for 2_Cutting Members is 0.0
New Rate is: 0.0

*************************
HistoryTimeID is: 6979.
*************************

2_Cutting Members

Activity 5_Load Test: Week 62 As-Planned Start: 13 As-Planned End: 14
	As-Built	As-Planned	Difference
Material:	$0.00	$0.00	$0.00
Labor:	$0.00	$0.00	$0.00
Indirect:	$0.00	$0.00	$0.00


Activity 3_Assemble Trusses: Week 62 As-Planned Start: 6 As-Planned End: 10
	As-Built	As-Planned	Difference
Material:	$0.00	$0.00	$0.00
Labor:	$0.00	$0.00	$0.00
Indirect:	$0.00	$0.00	$0.00


Activity 2_Cutting Members: Week 62 As-Planned Start: 3 As-Planned End: 6
	As-Built	As-Planned	Difference
Material:	$0.00	$0.00	$0.00
Labor:	$0.00	$0.00	$0.00
Indirect:	$2700.00	$0.00	$2700.00


Activity 4_Assemble Bridge: Week 62 As-Planned Start: 10 As-Planned End: 13
	As-Built	As-Planned	Difference
Material:	$0.00	$0.00	$0.00
Labor:	$0.00	$0.00	$0.00
Indirect:	$0.00	$0.00	$0.00

Stock Value:
	$0.00	$0.00

Totals
	As-Built	As-Planned	Difference
Material:	$55000.00	$0.00	$55000.00
Labor:	$111583.76	$0.00	$111583.76
Indirect:	$163500.01	$0.00	$163500.01


Resource Usage -----------------------------------------------

Activity 5 - 5_Load Test: Week 62 As-Planned Start: 13 As-Planned End: 14
	Labor:
		5_Load Test Crew:
		LaborType	As-Built	As-Planned	Difference
		(labor)Equipment Operator :	0	0	0
		(labor)Worker:	0	0	0
		(labor)Foreman:	0	0	0
		(equi)Load Testing Machine:	0	0	0

	Materials:
		Material	As-Built	As-Planned	Difference
		test:	0	0	0

Activity 3 - 3_Assemble Trusses: Week 62 As-Planned Start: 6 As-Planned End: 10
	Labor:
		3_Trusses Assemble Crew:
		LaborType	As-Built	As-Planned	Difference
		(labor)Worker:	0	0	0
		(labor)Foreman:	0	0	0

	Materials:
		Material	As-Built	As-Planned	Difference
		truss connections:	0	0	0

Activity 2 - 2_Cutting Members: Week 62 As-Planned Start: 3 As-Planned End: 6
	Labor:
		2_Cutting Crew:
		LaborType	As-Built	As-Planned	Difference
		(labor)Equipment Operator :	1	0	1
		(labor)Worker:	3	0	3
		(labor)Foreman:	1	0	1
		(equi)Cutting Machine:	1	0	1

	Materials:
		Material	As-Built	As-Planned	Difference
		cutting members:	0	0	0

Activity 4 - 4_Assemble Bridge: Week 62 As-Planned Start: 10 As-Planned End: 13
	Labor:
		4_Bridge Assemble Crew:
		LaborType	As-Built	As-Planned	Difference
		(labor)Equipment Operator :	0	0	0
		(labor)Worker:	0	0	0
		(labor)Foreman:	0	0	0
		(equi)Crane:	0	0	0

	Materials:
		Material	As-Built	As-Planned	Difference
		bridge decking:	0	0	0
--------------------------------------------------------------

The rate for 2_Cutting Members is 0.0
New Rate is: 0.0

*************************
HistoryTimeID is: 6980.
*************************

2_Cutting Members

Activity 5_Load Test: Week 63 As-Planned Start: 13 As-Planned End: 14
	As-Built	As-Planned	Difference
Material:	$0.00	$0.00	$0.00
Labor:	$0.00	$0.00	$0.00
Indirect:	$0.00	$0.00	$0.00


Activity 3_Assemble Trusses: Week 63 As-Planned Start: 6 As-Planned End: 10
	As-Built	As-Planned	Difference
Material:	$0.00	$0.00	$0.00
Labor:	$0.00	$0.00	$0.00
Indirect:	$0.00	$0.00	$0.00


Activity 2_Cutting Members: Week 63 As-Planned Start: 3 As-Planned End: 6
	As-Built	As-Planned	Difference
Material:	$0.00	$0.00	$0.00
Labor:	$0.00	$0.00	$0.00
Indirect:	$2700.00	$0.00	$2700.00


Activity 4_Assemble Bridge: Week 63 As-Planned Start: 10 As-Planned End: 13
	As-Built	As-Planned	Difference
Material:	$0.00	$0.00	$0.00
Labor:	$0.00	$0.00	$0.00
Indirect:	$0.00	$0.00	$0.00

Stock Value:
	$0.00	$0.00

Totals
	As-Built	As-Planned	Difference
Material:	$55000.00	$0.00	$55000.00
Labor:	$111583.76	$0.00	$111583.76
Indirect:	$166200.01	$0.00	$166200.01


Resource Usage -----------------------------------------------

Activity 5 - 5_Load Test: Week 63 As-Planned Start: 13 As-Planned End: 14
	Labor:
		5_Load Test Crew:
		LaborType	As-Built	As-Planned	Difference
		(labor)Equipment Operator :	0	0	0
		(labor)Worker:	0	0	0
		(labor)Foreman:	0	0	0
		(equi)Load Testing Machine:	0	0	0

	Materials:
		Material	As-Built	As-Planned	Difference
		test:	0	0	0

Activity 3 - 3_Assemble Trusses: Week 63 As-Planned Start: 6 As-Planned End: 10
	Labor:
		3_Trusses Assemble Crew:
		LaborType	As-Built	As-Planned	Difference
		(labor)Worker:	0	0	0
		(labor)Foreman:	0	0	0

	Materials:
		Material	As-Built	As-Planned	Difference
		truss connections:	0	0	0

Activity 2 - 2_Cutting Members: Week 63 As-Planned Start: 3 As-Planned End: 6
	Labor:
		2_Cutting Crew:
		LaborType	As-Built	As-Planned	Difference
		(labor)Equipment Operator :	1	0	1
		(labor)Worker:	3	0	3
		(labor)Foreman:	1	0	1
		(equi)Cutting Machine:	1	0	1

	Materials:
		Material	As-Built	As-Planned	Difference
		cutting members:	0	0	0

Activity 4 - 4_Assemble Bridge: Week 63 As-Planned Start: 10 As-Planned End: 13
	Labor:
		4_Bridge Assemble Crew:
		LaborType	As-Built	As-Planned	Difference
		(labor)Equipment Operator :	0	0	0
		(labor)Worker:	0	0	0
		(labor)Foreman:	0	0	0
		(equi)Crane:	0	0	0

	Materials:
		Material	As-Built	As-Planned	Difference
		bridge decking:	0	0	0
--------------------------------------------------------------

The rate for 2_Cutting Members is 0.0
New Rate is: 0.0

*************************
HistoryTimeID is: 6981.
*************************

2_Cutting Members

Activity 5_Load Test: Week 64 As-Planned Start: 13 As-Planned End: 14
	As-Built	As-Planned	Difference
Material:	$0.00	$0.00	$0.00
Labor:	$0.00	$0.00	$0.00
Indirect:	$0.00	$0.00	$0.00


Activity 3_Assemble Trusses: Week 64 As-Planned Start: 6 As-Planned End: 10
	As-Built	As-Planned	Difference
Material:	$0.00	$0.00	$0.00
Labor:	$0.00	$0.00	$0.00
Indirect:	$0.00	$0.00	$0.00


Activity 2_Cutting Members: Week 64 As-Planned Start: 3 As-Planned End: 6
	As-Built	As-Planned	Difference
Material:	$0.00	$0.00	$0.00
Labor:	$2539.12	$0.00	$2539.12
Indirect:	$2700.00	$0.00	$2700.00


Activity 4_Assemble Bridge: Week 64 As-Planned Start: 10 As-Planned End: 13
	As-Built	As-Planned	Difference
Material:	$0.00	$0.00	$0.00
Labor:	$0.00	$0.00	$0.00
Indirect:	$0.00	$0.00	$0.00

Stock Value:
	$0.00	$0.00

Totals
	As-Built	As-Planned	Difference
Material:	$55000.00	$0.00	$55000.00
Labor:	$114122.88	$0.00	$114122.88
Indirect:	$168900.01	$0.00	$168900.01


Resource Usage -----------------------------------------------

Activity 5 - 5_Load Test: Week 64 As-Planned Start: 13 As-Planned End: 14
	Labor:
		5_Load Test Crew:
		LaborType	As-Built	As-Planned	Difference
		(labor)Equipment Operator :	0	0	0
		(labor)Worker:	0	0	0
		(labor)Foreman:	0	0	0
		(equi)Load Testing Machine:	0	0	0

	Materials:
		Material	As-Built	As-Planned	Difference
		test:	0	0	0

Activity 3 - 3_Assemble Trusses: Week 64 As-Planned Start: 6 As-Planned End: 10
	Labor:
		3_Trusses Assemble Crew:
		LaborType	As-Built	As-Planned	Difference
		(labor)Worker:	0	0	0
		(labor)Foreman:	0	0	0

	Materials:
		Material	As-Built	As-Planned	Difference
		truss connections:	0	0	0

Activity 2 - 2_Cutting Members: Week 64 As-Planned Start: 3 As-Planned End: 6
	Labor:
		2_Cutting Crew:
		LaborType	As-Built	As-Planned	Difference
		(labor)Equipment Operator :	1	0	1
		(labor)Worker:	3	0	3
		(labor)Foreman:	1	0	1
		(equi)Cutting Machine:	1	0	1

	Materials:
		Material	As-Built	As-Planned	Difference
		cutting members:	0	0	0

Activity 4 - 4_Assemble Bridge: Week 64 As-Planned Start: 10 As-Planned End: 13
	Labor:
		4_Bridge Assemble Crew:
		LaborType	As-Built	As-Planned	Difference
		(labor)Equipment Operator :	0	0	0
		(labor)Worker:	0	0	0
		(labor)Foreman:	0	0	0
		(equi)Crane:	0	0	0

	Materials:
		Material	As-Built	As-Planned	Difference
		bridge decking:	0	0	0
--------------------------------------------------------------

The rate for 2_Cutting Members is 0.0
New Rate is: 0.0

*************************
HistoryTimeID is: 6982.
*************************

2_Cutting Members

Activity 5_Load Test: Week 65 As-Planned Start: 13 As-Planned End: 14
	As-Built	As-Planned	Difference
Material:	$0.00	$0.00	$0.00
Labor:	$0.00	$0.00	$0.00
Indirect:	$0.00	$0.00	$0.00


Activity 3_Assemble Trusses: Week 65 As-Planned Start: 6 As-Planned End: 10
	As-Built	As-Planned	Difference
Material:	$0.00	$0.00	$0.00
Labor:	$0.00	$0.00	$0.00
Indirect:	$0.00	$0.00	$0.00


Activity 2_Cutting Members: Week 65 As-Planned Start: 3 As-Planned End: 6
	As-Built	As-Planned	Difference
Material:	$0.00	$0.00	$0.00
Labor:	$2539.12	$0.00	$2539.12
Indirect:	$2700.00	$0.00	$2700.00


Activity 4_Assemble Bridge: Week 65 As-Planned Start: 10 As-Planned End: 13
	As-Built	As-Planned	Difference
Material:	$0.00	$0.00	$0.00
Labor:	$0.00	$0.00	$0.00
Indirect:	$0.00	$0.00	$0.00

Stock Value:
	$0.00	$0.00

Totals
	As-Built	As-Planned	Difference
Material:	$55000.00	$0.00	$55000.00
Labor:	$116662.00	$0.00	$116662.00
Indirect:	$171600.01	$0.00	$171600.01


Resource Usage -----------------------------------------------

Activity 5 - 5_Load Test: Week 65 As-Planned Start: 13 As-Planned End: 14
	Labor:
		5_Load Test Crew:
		LaborType	As-Built	As-Planned	Difference
		(labor)Equipment Operator :	0	0	0
		(labor)Worker:	0	0	0
		(labor)Foreman:	0	0	0
		(equi)Load Testing Machine:	0	0	0

	Materials:
		Material	As-Built	As-Planned	Difference
		test:	0	0	0

Activity 3 - 3_Assemble Trusses: Week 65 As-Planned Start: 6 As-Planned End: 10
	Labor:
		3_Trusses Assemble Crew:
		LaborType	As-Built	As-Planned	Difference
		(labor)Worker:	0	0	0
		(labor)Foreman:	0	0	0

	Materials:
		Material	As-Built	As-Planned	Difference
		truss connections:	0	0	0

Activity 2 - 2_Cutting Members: Week 65 As-Planned Start: 3 As-Planned End: 6
	Labor:
		2_Cutting Crew:
		LaborType	As-Built	As-Planned	Difference
		(labor)Equipment Operator :	1	0	1
		(labor)Worker:	3	0	3
		(labor)Foreman:	1	0	1
		(equi)Cutting Machine:	1	0	1

	Materials:
		Material	As-Built	As-Planned	Difference
		cutting members:	0	0	0

Activity 4 - 4_Assemble Bridge: Week 65 As-Planned Start: 10 As-Planned End: 13
	Labor:
		4_Bridge Assemble Crew:
		LaborType	As-Built	As-Planned	Difference
		(labor)Equipment Operator :	0	0	0
		(labor)Worker:	0	0	0
		(labor)Foreman:	0	0	0
		(equi)Crane:	0	0	0

	Materials:
		Material	As-Built	As-Planned	Difference
		bridge decking:	0	0	0
--------------------------------------------------------------

The rate for 2_Cutting Members is 0.0
New Rate is: 0.0

*************************
HistoryTimeID is: 6983.
*************************

2_Cutting Members

Activity 5_Load Test: Week 66 As-Planned Start: 13 As-Planned End: 14
	As-Built	As-Planned	Difference
Material:	$0.00	$0.00	$0.00
Labor:	$0.00	$0.00	$0.00
Indirect:	$0.00	$0.00	$0.00


Activity 3_Assemble Trusses: Week 66 As-Planned Start: 6 As-Planned End: 10
	As-Built	As-Planned	Difference
Material:	$0.00	$0.00	$0.00
Labor:	$0.00	$0.00	$0.00
Indirect:	$0.00	$0.00	$0.00


Activity 2_Cutting Members: Week 66 As-Planned Start: 3 As-Planned End: 6
	As-Built	As-Planned	Difference
Material:	$0.00	$0.00	$0.00
Labor:	$2539.12	$0.00	$2539.12
Indirect:	$2700.00	$0.00	$2700.00


Activity 4_Assemble Bridge: Week 66 As-Planned Start: 10 As-Planned End: 13
	As-Built	As-Planned	Difference
Material:	$0.00	$0.00	$0.00
Labor:	$0.00	$0.00	$0.00
Indirect:	$0.00	$0.00	$0.00

Stock Value:
	$0.00	$0.00

Totals
	As-Built	As-Planned	Difference
Material:	$55000.00	$0.00	$55000.00
Labor:	$119201.12	$0.00	$119201.12
Indirect:	$174300.01	$0.00	$174300.01


Resource Usage -----------------------------------------------

Activity 5 - 5_Load Test: Week 66 As-Planned Start: 13 As-Planned End: 14
	Labor:
		5_Load Test Crew:
		LaborType	As-Built	As-Planned	Difference
		(labor)Equipment Operator :	0	0	0
		(labor)Worker:	0	0	0
		(labor)Foreman:	0	0	0
		(equi)Load Testing Machine:	0	0	0

	Materials:
		Material	As-Built	As-Planned	Difference
		test:	0	0	0

Activity 3 - 3_Assemble Trusses: Week 66 As-Planned Start: 6 As-Planned End: 10
	Labor:
		3_Trusses Assemble Crew:
		LaborType	As-Built	As-Planned	Difference
		(labor)Worker:	0	0	0
		(labor)Foreman:	0	0	0

	Materials:
		Material	As-Built	As-Planned	Difference
		truss connections:	0	0	0

Activity 2 - 2_Cutting Members: Week 66 As-Planned Start: 3 As-Planned End: 6
	Labor:
		2_Cutting Crew:
		LaborType	As-Built	As-Planned	Difference
		(labor)Equipment Operator :	1	0	1
		(labor)Worker:	3	0	3
		(labor)Foreman:	1	0	1
		(equi)Cutting Machine:	1	0	1

	Materials:
		Material	As-Built	As-Planned	Difference
		cutting members:	0	0	0

Activity 4 - 4_Assemble Bridge: Week 66 As-Planned Start: 10 As-Planned End: 13
	Labor:
		4_Bridge Assemble Crew:
		LaborType	As-Built	As-Planned	Difference
		(labor)Equipment Operator :	0	0	0
		(labor)Worker:	0	0	0
		(labor)Foreman:	0	0	0
		(equi)Crane:	0	0	0

	Materials:
		Material	As-Built	As-Planned	Difference
		bridge decking:	0	0	0
--------------------------------------------------------------

The rate for 2_Cutting Members is 0.0
New Rate is: 0.0

*************************
HistoryTimeID is: 6984.
*************************

2_Cutting Members

Activity 5_Load Test: Week 67 As-Planned Start: 13 As-Planned End: 14
	As-Built	As-Planned	Difference
Material:	$0.00	$0.00	$0.00
Labor:	$0.00	$0.00	$0.00
Indirect:	$0.00	$0.00	$0.00


Activity 3_Assemble Trusses: Week 67 As-Planned Start: 6 As-Planned End: 10
	As-Built	As-Planned	Difference
Material:	$0.00	$0.00	$0.00
Labor:	$0.00	$0.00	$0.00
Indirect:	$0.00	$0.00	$0.00


Activity 2_Cutting Members: Week 67 As-Planned Start: 3 As-Planned End: 6
	As-Built	As-Planned	Difference
Material:	$0.00	$0.00	$0.00
Labor:	$2539.12	$0.00	$2539.12
Indirect:	$2700.00	$0.00	$2700.00


Activity 4_Assemble Bridge: Week 67 As-Planned Start: 10 As-Planned End: 13
	As-Built	As-Planned	Difference
Material:	$0.00	$0.00	$0.00
Labor:	$0.00	$0.00	$0.00
Indirect:	$0.00	$0.00	$0.00

Stock Value:
	$0.00	$0.00

Totals
	As-Built	As-Planned	Difference
Material:	$55000.00	$0.00	$55000.00
Labor:	$121740.24	$0.00	$121740.24
Indirect:	$177000.01	$0.00	$177000.01


Resource Usage -----------------------------------------------

Activity 5 - 5_Load Test: Week 67 As-Planned Start: 13 As-Planned End: 14
	Labor:
		5_Load Test Crew:
		LaborType	As-Built	As-Planned	Difference
		(labor)Equipment Operator :	0	0	0
		(labor)Worker:	0	0	0
		(labor)Foreman:	0	0	0
		(equi)Load Testing Machine:	0	0	0

	Materials:
		Material	As-Built	As-Planned	Difference
		test:	0	0	0

Activity 3 - 3_Assemble Trusses: Week 67 As-Planned Start: 6 As-Planned End: 10
	Labor:
		3_Trusses Assemble Crew:
		LaborType	As-Built	As-Planned	Difference
		(labor)Worker:	0	0	0
		(labor)Foreman:	0	0	0

	Materials:
		Material	As-Built	As-Planned	Difference
		truss connections:	0	0	0

Activity 2 - 2_Cutting Members: Week 67 As-Planned Start: 3 As-Planned End: 6
	Labor:
		2_Cutting Crew:
		LaborType	As-Built	As-Planned	Difference
		(labor)Equipment Operator :	1	0	1
		(labor)Worker:	3	0	3
		(labor)Foreman:	1	0	1
		(equi)Cutting Machine:	1	0	1

	Materials:
		Material	As-Built	As-Planned	Difference
		cutting members:	0	0	0

Activity 4 - 4_Assemble Bridge: Week 67 As-Planned Start: 10 As-Planned End: 13
	Labor:
		4_Bridge Assemble Crew:
		LaborType	As-Built	As-Planned	Difference
		(labor)Equipment Operator :	0	0	0
		(labor)Worker:	0	0	0
		(labor)Foreman:	0	0	0
		(equi)Crane:	0	0	0

	Materials:
		Material	As-Built	As-Planned	Difference
		bridge decking:	0	0	0
--------------------------------------------------------------

The rate for 2_Cutting Members is 0.0
New Rate is: 0.0

*************************
HistoryTimeID is: 6985.
*************************

2_Cutting Members

Activity 5_Load Test: Week 68 As-Planned Start: 13 As-Planned End: 14
	As-Built	As-Planned	Difference
Material:	$0.00	$0.00	$0.00
Labor:	$0.00	$0.00	$0.00
Indirect:	$0.00	$0.00	$0.00


Activity 3_Assemble Trusses: Week 68 As-Planned Start: 6 As-Planned End: 10
	As-Built	As-Planned	Difference
Material:	$0.00	$0.00	$0.00
Labor:	$0.00	$0.00	$0.00
Indirect:	$0.00	$0.00	$0.00


Activity 2_Cutting Members: Week 68 As-Planned Start: 3 As-Planned End: 6
	As-Built	As-Planned	Difference
Material:	$0.00	$0.00	$0.00
Labor:	$2539.12	$0.00	$2539.12
Indirect:	$2700.00	$0.00	$2700.00


Activity 4_Assemble Bridge: Week 68 As-Planned Start: 10 As-Planned End: 13
	As-Built	As-Planned	Difference
Material:	$0.00	$0.00	$0.00
Labor:	$0.00	$0.00	$0.00
Indirect:	$0.00	$0.00	$0.00

Stock Value:
	$0.00	$0.00

Totals
	As-Built	As-Planned	Difference
Material:	$55000.00	$0.00	$55000.00
Labor:	$124279.36	$0.00	$124279.36
Indirect:	$179700.01	$0.00	$179700.01


Resource Usage -----------------------------------------------

Activity 5 - 5_Load Test: Week 68 As-Planned Start: 13 As-Planned End: 14
	Labor:
		5_Load Test Crew:
		LaborType	As-Built	As-Planned	Difference
		(labor)Equipment Operator :	0	0	0
		(labor)Worker:	0	0	0
		(labor)Foreman:	0	0	0
		(equi)Load Testing Machine:	0	0	0

	Materials:
		Material	As-Built	As-Planned	Difference
		test:	0	0	0

Activity 3 - 3_Assemble Trusses: Week 68 As-Planned Start: 6 As-Planned End: 10
	Labor:
		3_Trusses Assemble Crew:
		LaborType	As-Built	As-Planned	Difference
		(labor)Worker:	0	0	0
		(labor)Foreman:	0	0	0

	Materials:
		Material	As-Built	As-Planned	Difference
		truss connections:	0	0	0

Activity 2 - 2_Cutting Members: Week 68 As-Planned Start: 3 As-Planned End: 6
	Labor:
		2_Cutting Crew:
		LaborType	As-Built	As-Planned	Difference
		(labor)Equipment Operator :	1	0	1
		(labor)Worker:	3	0	3
		(labor)Foreman:	1	0	1
		(equi)Cutting Machine:	1	0	1

	Materials:
		Material	As-Built	As-Planned	Difference
		cutting members:	0	0	0

Activity 4 - 4_Assemble Bridge: Week 68 As-Planned Start: 10 As-Planned End: 13
	Labor:
		4_Bridge Assemble Crew:
		LaborType	As-Built	As-Planned	Difference
		(labor)Equipment Operator :	0	0	0
		(labor)Worker:	0	0	0
		(labor)Foreman:	0	0	0
		(equi)Crane:	0	0	0

	Materials:
		Material	As-Built	As-Planned	Difference
		bridge decking:	0	0	0
--------------------------------------------------------------


=======================================================================>
Bad weather, productivities reduce to 50%! 
Bad weather, productivities reduce to 50%! 
(Rule Bad weather)
=======================================================================>

The rate for 2_Cutting Members is 0.0
New Rate is: 0.0

*************************
HistoryTimeID is: 6986.
*************************

2_Cutting Members

Activity 5_Load Test: Week 69 As-Planned Start: 13 As-Planned End: 14
	As-Built	As-Planned	Difference
Material:	$0.00	$0.00	$0.00
Labor:	$0.00	$0.00	$0.00
Indirect:	$0.00	$0.00	$0.00


Activity 3_Assemble Trusses: Week 69 As-Planned Start: 6 As-Planned End: 10
	As-Built	As-Planned	Difference
Material:	$0.00	$0.00	$0.00
Labor:	$0.00	$0.00	$0.00
Indirect:	$0.00	$0.00	$0.00


Activity 2_Cutting Members: Week 69 As-Planned Start: 3 As-Planned End: 6
	As-Built	As-Planned	Difference
Material:	$0.00	$0.00	$0.00
Labor:	$0.00	$0.00	$0.00
Indirect:	$2700.00	$0.00	$2700.00


Activity 4_Assemble Bridge: Week 69 As-Planned Start: 10 As-Planned End: 13
	As-Built	As-Planned	Difference
Material:	$0.00	$0.00	$0.00
Labor:	$0.00	$0.00	$0.00
Indirect:	$0.00	$0.00	$0.00

Stock Value:
	$0.00	$0.00

Totals
	As-Built	As-Planned	Difference
Material:	$55000.00	$0.00	$55000.00
Labor:	$124279.36	$0.00	$124279.36
Indirect:	$182400.01	$0.00	$182400.01


Resource Usage -----------------------------------------------

Activity 5 - 5_Load Test: Week 69 As-Planned Start: 13 As-Planned End: 14
	Labor:
		5_Load Test Crew:
		LaborType	As-Built	As-Planned	Difference
		(labor)Equipment Operator :	0	0	0
		(labor)Worker:	0	0	0
		(labor)Foreman:	0	0	0
		(equi)Load Testing Machine:	0	0	0

	Materials:
		Material	As-Built	As-Planned	Difference
		test:	0	0	0

Activity 3 - 3_Assemble Trusses: Week 69 As-Planned Start: 6 As-Planned End: 10
	Labor:
		3_Trusses Assemble Crew:
		LaborType	As-Built	As-Planned	Difference
		(labor)Worker:	0	0	0
		(labor)Foreman:	0	0	0

	Materials:
		Material	As-Built	As-Planned	Difference
		truss connections:	0	0	0

Activity 2 - 2_Cutting Members: Week 69 As-Planned Start: 3 As-Planned End: 6
	Labor:
		2_Cutting Crew:
		LaborType	As-Built	As-Planned	Difference
		(labor)Equipment Operator :	1	0	1
		(labor)Worker:	3	0	3
		(labor)Foreman:	1	0	1
		(equi)Cutting Machine:	1	0	1

	Materials:
		Material	As-Built	As-Planned	Difference
		cutting members:	0	0	0

Activity 4 - 4_Assemble Bridge: Week 69 As-Planned Start: 10 As-Planned End: 13
	Labor:
		4_Bridge Assemble Crew:
		LaborType	As-Built	As-Planned	Difference
		(labor)Equipment Operator :	0	0	0
		(labor)Worker:	0	0	0
		(labor)Foreman:	0	0	0
		(equi)Crane:	0	0	0

	Materials:
		Material	As-Built	As-Planned	Difference
		bridge decking:	0	0	0
--------------------------------------------------------------

The rate for 2_Cutting Members is 0.0
New Rate is: 0.0

*************************
HistoryTimeID is: 6987.
*************************

2_Cutting Members

Activity 5_Load Test: Week 70 As-Planned Start: 13 As-Planned End: 14
	As-Built	As-Planned	Difference
Material:	$0.00	$0.00	$0.00
Labor:	$0.00	$0.00	$0.00
Indirect:	$0.00	$0.00	$0.00


Activity 3_Assemble Trusses: Week 70 As-Planned Start: 6 As-Planned End: 10
	As-Built	As-Planned	Difference
Material:	$0.00	$0.00	$0.00
Labor:	$0.00	$0.00	$0.00
Indirect:	$0.00	$0.00	$0.00


Activity 2_Cutting Members: Week 70 As-Planned Start: 3 As-Planned End: 6
	As-Built	As-Planned	Difference
Material:	$0.00	$0.00	$0.00
Labor:	$0.00	$0.00	$0.00
Indirect:	$2700.00	$0.00	$2700.00


Activity 4_Assemble Bridge: Week 70 As-Planned Start: 10 As-Planned End: 13
	As-Built	As-Planned	Difference
Material:	$0.00	$0.00	$0.00
Labor:	$0.00	$0.00	$0.00
Indirect:	$0.00	$0.00	$0.00

Stock Value:
	$0.00	$0.00

Totals
	As-Built	As-Planned	Difference
Material:	$55000.00	$0.00	$55000.00
Labor:	$124279.36	$0.00	$124279.36
Indirect:	$185100.01	$0.00	$185100.01


Resource Usage -----------------------------------------------

Activity 5 - 5_Load Test: Week 70 As-Planned Start: 13 As-Planned End: 14
	Labor:
		5_Load Test Crew:
		LaborType	As-Built	As-Planned	Difference
		(labor)Equipment Operator :	0	0	0
		(labor)Worker:	0	0	0
		(labor)Foreman:	0	0	0
		(equi)Load Testing Machine:	0	0	0

	Materials:
		Material	As-Built	As-Planned	Difference
		test:	0	0	0

Activity 3 - 3_Assemble Trusses: Week 70 As-Planned Start: 6 As-Planned End: 10
	Labor:
		3_Trusses Assemble Crew:
		LaborType	As-Built	As-Planned	Difference
		(labor)Worker:	0	0	0
		(labor)Foreman:	0	0	0

	Materials:
		Material	As-Built	As-Planned	Difference
		truss connections:	0	0	0

Activity 2 - 2_Cutting Members: Week 70 As-Planned Start: 3 As-Planned End: 6
	Labor:
		2_Cutting Crew:
		LaborType	As-Built	As-Planned	Difference
		(labor)Equipment Operator :	1	0	1
		(labor)Worker:	3	0	3
		(labor)Foreman:	1	0	1
		(equi)Cutting Machine:	1	0	1

	Materials:
		Material	As-Built	As-Planned	Difference
		cutting members:	0	0	0

Activity 4 - 4_Assemble Bridge: Week 70 As-Planned Start: 10 As-Planned End: 13
	Labor:
		4_Bridge Assemble Crew:
		LaborType	As-Built	As-Planned	Difference
		(labor)Equipment Operator :	0	0	0
		(labor)Worker:	0	0	0
		(labor)Foreman:	0	0	0
		(equi)Crane:	0	0	0

	Materials:
		Material	As-Built	As-Planned	Difference
		bridge decking:	0	0	0
--------------------------------------------------------------

The rate for 2_Cutting Members is 0.0
New Rate is: 0.0

*************************
HistoryTimeID is: 6988.
*************************

2_Cutting Members

Activity 5_Load Test: Week 71 As-Planned Start: 13 As-Planned End: 14
	As-Built	As-Planned	Difference
Material:	$0.00	$0.00	$0.00
Labor:	$0.00	$0.00	$0.00
Indirect:	$0.00	$0.00	$0.00


Activity 3_Assemble Trusses: Week 71 As-Planned Start: 6 As-Planned End: 10
	As-Built	As-Planned	Difference
Material:	$0.00	$0.00	$0.00
Labor:	$0.00	$0.00	$0.00
Indirect:	$0.00	$0.00	$0.00


Activity 2_Cutting Members: Week 71 As-Planned Start: 3 As-Planned End: 6
	As-Built	As-Planned	Difference
Material:	$0.00	$0.00	$0.00
Labor:	$2539.12	$0.00	$2539.12
Indirect:	$2700.00	$0.00	$2700.00


Activity 4_Assemble Bridge: Week 71 As-Planned Start: 10 As-Planned End: 13
	As-Built	As-Planned	Difference
Material:	$0.00	$0.00	$0.00
Labor:	$0.00	$0.00	$0.00
Indirect:	$0.00	$0.00	$0.00

Stock Value:
	$0.00	$0.00

Totals
	As-Built	As-Planned	Difference
Material:	$55000.00	$0.00	$55000.00
Labor:	$126818.48	$0.00	$126818.48
Indirect:	$187800.01	$0.00	$187800.01


Resource Usage -----------------------------------------------

Activity 5 - 5_Load Test: Week 71 As-Planned Start: 13 As-Planned End: 14
	Labor:
		5_Load Test Crew:
		LaborType	As-Built	As-Planned	Difference
		(labor)Equipment Operator :	0	0	0
		(labor)Worker:	0	0	0
		(labor)Foreman:	0	0	0
		(equi)Load Testing Machine:	0	0	0

	Materials:
		Material	As-Built	As-Planned	Difference
		test:	0	0	0

Activity 3 - 3_Assemble Trusses: Week 71 As-Planned Start: 6 As-Planned End: 10
	Labor:
		3_Trusses Assemble Crew:
		LaborType	As-Built	As-Planned	Difference
		(labor)Worker:	0	0	0
		(labor)Foreman:	0	0	0

	Materials:
		Material	As-Built	As-Planned	Difference
		truss connections:	0	0	0

Activity 2 - 2_Cutting Members: Week 71 As-Planned Start: 3 As-Planned End: 6
	Labor:
		2_Cutting Crew:
		LaborType	As-Built	As-Planned	Difference
		(labor)Equipment Operator :	1	0	1
		(labor)Worker:	3	0	3
		(labor)Foreman:	1	0	1
		(equi)Cutting Machine:	1	0	1

	Materials:
		Material	As-Built	As-Planned	Difference
		cutting members:	0	0	0

Activity 4 - 4_Assemble Bridge: Week 71 As-Planned Start: 10 As-Planned End: 13
	Labor:
		4_Bridge Assemble Crew:
		LaborType	As-Built	As-Planned	Difference
		(labor)Equipment Operator :	0	0	0
		(labor)Worker:	0	0	0
		(labor)Foreman:	0	0	0
		(equi)Crane:	0	0	0

	Materials:
		Material	As-Built	As-Planned	Difference
		bridge decking:	0	0	0
--------------------------------------------------------------

The rate for 2_Cutting Members is 0.0
New Rate is: 0.0

*************************
HistoryTimeID is: 6989.
*************************

2_Cutting Members

Activity 5_Load Test: Week 72 As-Planned Start: 13 As-Planned End: 14
	As-Built	As-Planned	Difference
Material:	$0.00	$0.00	$0.00
Labor:	$0.00	$0.00	$0.00
Indirect:	$0.00	$0.00	$0.00


Activity 3_Assemble Trusses: Week 72 As-Planned Start: 6 As-Planned End: 10
	As-Built	As-Planned	Difference
Material:	$0.00	$0.00	$0.00
Labor:	$0.00	$0.00	$0.00
Indirect:	$0.00	$0.00	$0.00


Activity 2_Cutting Members: Week 72 As-Planned Start: 3 As-Planned End: 6
	As-Built	As-Planned	Difference
Material:	$0.00	$0.00	$0.00
Labor:	$2539.12	$0.00	$2539.12
Indirect:	$2700.00	$0.00	$2700.00


Activity 4_Assemble Bridge: Week 72 As-Planned Start: 10 As-Planned End: 13
	As-Built	As-Planned	Difference
Material:	$0.00	$0.00	$0.00
Labor:	$0.00	$0.00	$0.00
Indirect:	$0.00	$0.00	$0.00

Stock Value:
	$0.00	$0.00

Totals
	As-Built	As-Planned	Difference
Material:	$55000.00	$0.00	$55000.00
Labor:	$129357.60	$0.00	$129357.60
Indirect:	$190500.01	$0.00	$190500.01


Resource Usage -----------------------------------------------

Activity 5 - 5_Load Test: Week 72 As-Planned Start: 13 As-Planned End: 14
	Labor:
		5_Load Test Crew:
		LaborType	As-Built	As-Planned	Difference
		(labor)Equipment Operator :	0	0	0
		(labor)Worker:	0	0	0
		(labor)Foreman:	0	0	0
		(equi)Load Testing Machine:	0	0	0

	Materials:
		Material	As-Built	As-Planned	Difference
		test:	0	0	0

Activity 3 - 3_Assemble Trusses: Week 72 As-Planned Start: 6 As-Planned End: 10
	Labor:
		3_Trusses Assemble Crew:
		LaborType	As-Built	As-Planned	Difference
		(labor)Worker:	0	0	0
		(labor)Foreman:	0	0	0

	Materials:
		Material	As-Built	As-Planned	Difference
		truss connections:	0	0	0

Activity 2 - 2_Cutting Members: Week 72 As-Planned Start: 3 As-Planned End: 6
	Labor:
		2_Cutting Crew:
		LaborType	As-Built	As-Planned	Difference
		(labor)Equipment Operator :	1	0	1
		(labor)Worker:	3	0	3
		(labor)Foreman:	1	0	1
		(equi)Cutting Machine:	1	0	1

	Materials:
		Material	As-Built	As-Planned	Difference
		cutting members:	0	0	0

Activity 4 - 4_Assemble Bridge: Week 72 As-Planned Start: 10 As-Planned End: 13
	Labor:
		4_Bridge Assemble Crew:
		LaborType	As-Built	As-Planned	Difference
		(labor)Equipment Operator :	0	0	0
		(labor)Worker:	0	0	0
		(labor)Foreman:	0	0	0
		(equi)Crane:	0	0	0

	Materials:
		Material	As-Built	As-Planned	Difference
		bridge decking:	0	0	0
--------------------------------------------------------------

The rate for 2_Cutting Members is 0.0
New Rate is: 0.0

*************************
HistoryTimeID is: 6990.
*************************

2_Cutting Members

Activity 5_Load Test: Week 73 As-Planned Start: 13 As-Planned End: 14
	As-Built	As-Planned	Difference
Material:	$0.00	$0.00	$0.00
Labor:	$0.00	$0.00	$0.00
Indirect:	$0.00	$0.00	$0.00


Activity 3_Assemble Trusses: Week 73 As-Planned Start: 6 As-Planned End: 10
	As-Built	As-Planned	Difference
Material:	$0.00	$0.00	$0.00
Labor:	$0.00	$0.00	$0.00
Indirect:	$0.00	$0.00	$0.00


Activity 2_Cutting Members: Week 73 As-Planned Start: 3 As-Planned End: 6
	As-Built	As-Planned	Difference
Material:	$0.00	$0.00	$0.00
Labor:	$2539.12	$0.00	$2539.12
Indirect:	$2700.00	$0.00	$2700.00


Activity 4_Assemble Bridge: Week 73 As-Planned Start: 10 As-Planned End: 13
	As-Built	As-Planned	Difference
Material:	$0.00	$0.00	$0.00
Labor:	$0.00	$0.00	$0.00
Indirect:	$0.00	$0.00	$0.00

Stock Value:
	$0.00	$0.00

Totals
	As-Built	As-Planned	Difference
Material:	$55000.00	$0.00	$55000.00
Labor:	$131896.72	$0.00	$131896.72
Indirect:	$193200.01	$0.00	$193200.01


Resource Usage -----------------------------------------------

Activity 5 - 5_Load Test: Week 73 As-Planned Start: 13 As-Planned End: 14
	Labor:
		5_Load Test Crew:
		LaborType	As-Built	As-Planned	Difference
		(labor)Equipment Operator :	0	0	0
		(labor)Worker:	0	0	0
		(labor)Foreman:	0	0	0
		(equi)Load Testing Machine:	0	0	0

	Materials:
		Material	As-Built	As-Planned	Difference
		test:	0	0	0

Activity 3 - 3_Assemble Trusses: Week 73 As-Planned Start: 6 As-Planned End: 10
	Labor:
		3_Trusses Assemble Crew:
		LaborType	As-Built	As-Planned	Difference
		(labor)Worker:	0	0	0
		(labor)Foreman:	0	0	0

	Materials:
		Material	As-Built	As-Planned	Difference
		truss connections:	0	0	0

Activity 2 - 2_Cutting Members: Week 73 As-Planned Start: 3 As-Planned End: 6
	Labor:
		2_Cutting Crew:
		LaborType	As-Built	As-Planned	Difference
		(labor)Equipment Operator :	1	0	1
		(labor)Worker:	3	0	3
		(labor)Foreman:	1	0	1
		(equi)Cutting Machine:	1	0	1

	Materials:
		Material	As-Built	As-Planned	Difference
		cutting members:	0	0	0

Activity 4 - 4_Assemble Bridge: Week 73 As-Planned Start: 10 As-Planned End: 13
	Labor:
		4_Bridge Assemble Crew:
		LaborType	As-Built	As-Planned	Difference
		(labor)Equipment Operator :	0	0	0
		(labor)Worker:	0	0	0
		(labor)Foreman:	0	0	0
		(equi)Crane:	0	0	0

	Materials:
		Material	As-Built	As-Planned	Difference
		bridge decking:	0	0	0
--------------------------------------------------------------

The rate for 2_Cutting Members is 0.0
New Rate is: 0.0

*************************
HistoryTimeID is: 6991.
*************************

2_Cutting Members

Activity 5_Load Test: Week 74 As-Planned Start: 13 As-Planned End: 14
	As-Built	As-Planned	Difference
Material:	$0.00	$0.00	$0.00
Labor:	$0.00	$0.00	$0.00
Indirect:	$0.00	$0.00	$0.00


Activity 3_Assemble Trusses: Week 74 As-Planned Start: 6 As-Planned End: 10
	As-Built	As-Planned	Difference
Material:	$0.00	$0.00	$0.00
Labor:	$0.00	$0.00	$0.00
Indirect:	$0.00	$0.00	$0.00


Activity 2_Cutting Members: Week 74 As-Planned Start: 3 As-Planned End: 6
	As-Built	As-Planned	Difference
Material:	$0.00	$0.00	$0.00
Labor:	$2539.12	$0.00	$2539.12
Indirect:	$2700.00	$0.00	$2700.00


Activity 4_Assemble Bridge: Week 74 As-Planned Start: 10 As-Planned End: 13
	As-Built	As-Planned	Difference
Material:	$0.00	$0.00	$0.00
Labor:	$0.00	$0.00	$0.00
Indirect:	$0.00	$0.00	$0.00

Stock Value:
	$0.00	$0.00

Totals
	As-Built	As-Planned	Difference
Material:	$55000.00	$0.00	$55000.00
Labor:	$134435.84	$0.00	$134435.84
Indirect:	$195900.01	$0.00	$195900.01


Resource Usage -----------------------------------------------

Activity 5 - 5_Load Test: Week 74 As-Planned Start: 13 As-Planned End: 14
	Labor:
		5_Load Test Crew:
		LaborType	As-Built	As-Planned	Difference
		(labor)Equipment Operator :	0	0	0
		(labor)Worker:	0	0	0
		(labor)Foreman:	0	0	0
		(equi)Load Testing Machine:	0	0	0

	Materials:
		Material	As-Built	As-Planned	Difference
		test:	0	0	0

Activity 3 - 3_Assemble Trusses: Week 74 As-Planned Start: 6 As-Planned End: 10
	Labor:
		3_Trusses Assemble Crew:
		LaborType	As-Built	As-Planned	Difference
		(labor)Worker:	0	0	0
		(labor)Foreman:	0	0	0

	Materials:
		Material	As-Built	As-Planned	Difference
		truss connections:	0	0	0

Activity 2 - 2_Cutting Members: Week 74 As-Planned Start: 3 As-Planned End: 6
	Labor:
		2_Cutting Crew:
		LaborType	As-Built	As-Planned	Difference
		(labor)Equipment Operator :	1	0	1
		(labor)Worker:	3	0	3
		(labor)Foreman:	1	0	1
		(equi)Cutting Machine:	1	0	1

	Materials:
		Material	As-Built	As-Planned	Difference
		cutting members:	0	0	0

Activity 4 - 4_Assemble Bridge: Week 74 As-Planned Start: 10 As-Planned End: 13
	Labor:
		4_Bridge Assemble Crew:
		LaborType	As-Built	As-Planned	Difference
		(labor)Equipment Operator :	0	0	0
		(labor)Worker:	0	0	0
		(labor)Foreman:	0	0	0
		(equi)Crane:	0	0	0

	Materials:
		Material	As-Built	As-Planned	Difference
		bridge decking:	0	0	0
--------------------------------------------------------------

The rate for 2_Cutting Members is 0.0
New Rate is: 0.0

*************************
HistoryTimeID is: 6992.
*************************

2_Cutting Members

Activity 5_Load Test: Week 75 As-Planned Start: 13 As-Planned End: 14
	As-Built	As-Planned	Difference
Material:	$0.00	$0.00	$0.00
Labor:	$0.00	$0.00	$0.00
Indirect:	$0.00	$0.00	$0.00


Activity 3_Assemble Trusses: Week 75 As-Planned Start: 6 As-Planned End: 10
	As-Built	As-Planned	Difference
Material:	$0.00	$0.00	$0.00
Labor:	$0.00	$0.00	$0.00
Indirect:	$0.00	$0.00	$0.00


Activity 2_Cutting Members: Week 75 As-Planned Start: 3 As-Planned End: 6
	As-Built	As-Planned	Difference
Material:	$0.00	$0.00	$0.00
Labor:	$2539.12	$0.00	$2539.12
Indirect:	$2700.00	$0.00	$2700.00


Activity 4_Assemble Bridge: Week 75 As-Planned Start: 10 As-Planned End: 13
	As-Built	As-Planned	Difference
Material:	$0.00	$0.00	$0.00
Labor:	$0.00	$0.00	$0.00
Indirect:	$0.00	$0.00	$0.00

Stock Value:
	$0.00	$0.00

Totals
	As-Built	As-Planned	Difference
Material:	$55000.00	$0.00	$55000.00
Labor:	$136974.96	$0.00	$136974.96
Indirect:	$198600.01	$0.00	$198600.01


Resource Usage -----------------------------------------------

Activity 5 - 5_Load Test: Week 75 As-Planned Start: 13 As-Planned End: 14
	Labor:
		5_Load Test Crew:
		LaborType	As-Built	As-Planned	Difference
		(labor)Equipment Operator :	0	0	0
		(labor)Worker:	0	0	0
		(labor)Foreman:	0	0	0
		(equi)Load Testing Machine:	0	0	0

	Materials:
		Material	As-Built	As-Planned	Difference
		test:	0	0	0

Activity 3 - 3_Assemble Trusses: Week 75 As-Planned Start: 6 As-Planned End: 10
	Labor:
		3_Trusses Assemble Crew:
		LaborType	As-Built	As-Planned	Difference
		(labor)Worker:	0	0	0
		(labor)Foreman:	0	0	0

	Materials:
		Material	As-Built	As-Planned	Difference
		truss connections:	0	0	0

Activity 2 - 2_Cutting Members: Week 75 As-Planned Start: 3 As-Planned End: 6
	Labor:
		2_Cutting Crew:
		LaborType	As-Built	As-Planned	Difference
		(labor)Equipment Operator :	1	0	1
		(labor)Worker:	3	0	3
		(labor)Foreman:	1	0	1
		(equi)Cutting Machine:	1	0	1

	Materials:
		Material	As-Built	As-Planned	Difference
		cutting members:	0	0	0

Activity 4 - 4_Assemble Bridge: Week 75 As-Planned Start: 10 As-Planned End: 13
	Labor:
		4_Bridge Assemble Crew:
		LaborType	As-Built	As-Planned	Difference
		(labor)Equipment Operator :	0	0	0
		(labor)Worker:	0	0	0
		(labor)Foreman:	0	0	0
		(equi)Crane:	0	0	0

	Materials:
		Material	As-Built	As-Planned	Difference
		bridge decking:	0	0	0
--------------------------------------------------------------

The rate for 2_Cutting Members is 0.0
New Rate is: 0.0

*************************
HistoryTimeID is: 6993.
*************************

2_Cutting Members

Activity 5_Load Test: Week 76 As-Planned Start: 13 As-Planned End: 14
	As-Built	As-Planned	Difference
Material:	$0.00	$0.00	$0.00
Labor:	$0.00	$0.00	$0.00
Indirect:	$0.00	$0.00	$0.00


Activity 3_Assemble Trusses: Week 76 As-Planned Start: 6 As-Planned End: 10
	As-Built	As-Planned	Difference
Material:	$0.00	$0.00	$0.00
Labor:	$0.00	$0.00	$0.00
Indirect:	$0.00	$0.00	$0.00


Activity 2_Cutting Members: Week 76 As-Planned Start: 3 As-Planned End: 6
	As-Built	As-Planned	Difference
Material:	$0.00	$0.00	$0.00
Labor:	$0.00	$0.00	$0.00
Indirect:	$2700.00	$0.00	$2700.00


Activity 4_Assemble Bridge: Week 76 As-Planned Start: 10 As-Planned End: 13
	As-Built	As-Planned	Difference
Material:	$0.00	$0.00	$0.00
Labor:	$0.00	$0.00	$0.00
Indirect:	$0.00	$0.00	$0.00

Stock Value:
	$0.00	$0.00

Totals
	As-Built	As-Planned	Difference
Material:	$55000.00	$0.00	$55000.00
Labor:	$136974.96	$0.00	$136974.96
Indirect:	$201300.01	$0.00	$201300.01


Resource Usage -----------------------------------------------

Activity 5 - 5_Load Test: Week 76 As-Planned Start: 13 As-Planned End: 14
	Labor:
		5_Load Test Crew:
		LaborType	As-Built	As-Planned	Difference
		(labor)Equipment Operator :	0	0	0
		(labor)Worker:	0	0	0
		(labor)Foreman:	0	0	0
		(equi)Load Testing Machine:	0	0	0

	Materials:
		Material	As-Built	As-Planned	Difference
		test:	0	0	0

Activity 3 - 3_Assemble Trusses: Week 76 As-Planned Start: 6 As-Planned End: 10
	Labor:
		3_Trusses Assemble Crew:
		LaborType	As-Built	As-Planned	Difference
		(labor)Worker:	0	0	0
		(labor)Foreman:	0	0	0

	Materials:
		Material	As-Built	As-Planned	Difference
		truss connections:	0	0	0

Activity 2 - 2_Cutting Members: Week 76 As-Planned Start: 3 As-Planned End: 6
	Labor:
		2_Cutting Crew:
		LaborType	As-Built	As-Planned	Difference
		(labor)Equipment Operator :	1	0	1
		(labor)Worker:	3	0	3
		(labor)Foreman:	1	0	1
		(equi)Cutting Machine:	1	0	1

	Materials:
		Material	As-Built	As-Planned	Difference
		cutting members:	0	0	0

Activity 4 - 4_Assemble Bridge: Week 76 As-Planned Start: 10 As-Planned End: 13
	Labor:
		4_Bridge Assemble Crew:
		LaborType	As-Built	As-Planned	Difference
		(labor)Equipment Operator :	0	0	0
		(labor)Worker:	0	0	0
		(labor)Foreman:	0	0	0
		(equi)Crane:	0	0	0

	Materials:
		Material	As-Built	As-Planned	Difference
		bridge decking:	0	0	0
--------------------------------------------------------------

The rate for 2_Cutting Members is 0.0
New Rate is: 0.0

*************************
HistoryTimeID is: 6994.
*************************

2_Cutting Members

Activity 5_Load Test: Week 77 As-Planned Start: 13 As-Planned End: 14
	As-Built	As-Planned	Difference
Material:	$0.00	$0.00	$0.00
Labor:	$0.00	$0.00	$0.00
Indirect:	$0.00	$0.00	$0.00


Activity 3_Assemble Trusses: Week 77 As-Planned Start: 6 As-Planned End: 10
	As-Built	As-Planned	Difference
Material:	$0.00	$0.00	$0.00
Labor:	$0.00	$0.00	$0.00
Indirect:	$0.00	$0.00	$0.00


Activity 2_Cutting Members: Week 77 As-Planned Start: 3 As-Planned End: 6
	As-Built	As-Planned	Difference
Material:	$0.00	$0.00	$0.00
Labor:	$0.00	$0.00	$0.00
Indirect:	$2700.00	$0.00	$2700.00


Activity 4_Assemble Bridge: Week 77 As-Planned Start: 10 As-Planned End: 13
	As-Built	As-Planned	Difference
Material:	$0.00	$0.00	$0.00
Labor:	$0.00	$0.00	$0.00
Indirect:	$0.00	$0.00	$0.00

Stock Value:
	$0.00	$0.00

Totals
	As-Built	As-Planned	Difference
Material:	$55000.00	$0.00	$55000.00
Labor:	$136974.96	$0.00	$136974.96
Indirect:	$204000.01	$0.00	$204000.01


Resource Usage -----------------------------------------------

Activity 5 - 5_Load Test: Week 77 As-Planned Start: 13 As-Planned End: 14
	Labor:
		5_Load Test Crew:
		LaborType	As-Built	As-Planned	Difference
		(labor)Equipment Operator :	0	0	0
		(labor)Worker:	0	0	0
		(labor)Foreman:	0	0	0
		(equi)Load Testing Machine:	0	0	0

	Materials:
		Material	As-Built	As-Planned	Difference
		test:	0	0	0

Activity 3 - 3_Assemble Trusses: Week 77 As-Planned Start: 6 As-Planned End: 10
	Labor:
		3_Trusses Assemble Crew:
		LaborType	As-Built	As-Planned	Difference
		(labor)Worker:	0	0	0
		(labor)Foreman:	0	0	0

	Materials:
		Material	As-Built	As-Planned	Difference
		truss connections:	0	0	0

Activity 2 - 2_Cutting Members: Week 77 As-Planned Start: 3 As-Planned End: 6
	Labor:
		2_Cutting Crew:
		LaborType	As-Built	As-Planned	Difference
		(labor)Equipment Operator :	1	0	1
		(labor)Worker:	3	0	3
		(labor)Foreman:	1	0	1
		(equi)Cutting Machine:	1	0	1

	Materials:
		Material	As-Built	As-Planned	Difference
		cutting members:	0	0	0

Activity 4 - 4_Assemble Bridge: Week 77 As-Planned Start: 10 As-Planned End: 13
	Labor:
		4_Bridge Assemble Crew:
		LaborType	As-Built	As-Planned	Difference
		(labor)Equipment Operator :	0	0	0
		(labor)Worker:	0	0	0
		(labor)Foreman:	0	0	0
		(equi)Crane:	0	0	0

	Materials:
		Material	As-Built	As-Planned	Difference
		bridge decking:	0	0	0
--------------------------------------------------------------

The rate for 2_Cutting Members is 0.0
New Rate is: 0.0

*************************
HistoryTimeID is: 6995.
*************************

2_Cutting Members

Activity 5_Load Test: Week 78 As-Planned Start: 13 As-Planned End: 14
	As-Built	As-Planned	Difference
Material:	$0.00	$0.00	$0.00
Labor:	$0.00	$0.00	$0.00
Indirect:	$0.00	$0.00	$0.00


Activity 3_Assemble Trusses: Week 78 As-Planned Start: 6 As-Planned End: 10
	As-Built	As-Planned	Difference
Material:	$0.00	$0.00	$0.00
Labor:	$0.00	$0.00	$0.00
Indirect:	$0.00	$0.00	$0.00


Activity 2_Cutting Members: Week 78 As-Planned Start: 3 As-Planned End: 6
	As-Built	As-Planned	Difference
Material:	$0.00	$0.00	$0.00
Labor:	$2539.12	$0.00	$2539.12
Indirect:	$2700.00	$0.00	$2700.00


Activity 4_Assemble Bridge: Week 78 As-Planned Start: 10 As-Planned End: 13
	As-Built	As-Planned	Difference
Material:	$0.00	$0.00	$0.00
Labor:	$0.00	$0.00	$0.00
Indirect:	$0.00	$0.00	$0.00

Stock Value:
	$0.00	$0.00

Totals
	As-Built	As-Planned	Difference
Material:	$55000.00	$0.00	$55000.00
Labor:	$139514.08	$0.00	$139514.08
Indirect:	$206700.01	$0.00	$206700.01


Resource Usage -----------------------------------------------

Activity 5 - 5_Load Test: Week 78 As-Planned Start: 13 As-Planned End: 14
	Labor:
		5_Load Test Crew:
		LaborType	As-Built	As-Planned	Difference
		(labor)Equipment Operator :	0	0	0
		(labor)Worker:	0	0	0
		(labor)Foreman:	0	0	0
		(equi)Load Testing Machine:	0	0	0

	Materials:
		Material	As-Built	As-Planned	Difference
		test:	0	0	0

Activity 3 - 3_Assemble Trusses: Week 78 As-Planned Start: 6 As-Planned End: 10
	Labor:
		3_Trusses Assemble Crew:
		LaborType	As-Built	As-Planned	Difference
		(labor)Worker:	0	0	0
		(labor)Foreman:	0	0	0

	Materials:
		Material	As-Built	As-Planned	Difference
		truss connections:	0	0	0

Activity 2 - 2_Cutting Members: Week 78 As-Planned Start: 3 As-Planned End: 6
	Labor:
		2_Cutting Crew:
		LaborType	As-Built	As-Planned	Difference
		(labor)Equipment Operator :	1	0	1
		(labor)Worker:	3	0	3
		(labor)Foreman:	1	0	1
		(equi)Cutting Machine:	1	0	1

	Materials:
		Material	As-Built	As-Planned	Difference
		cutting members:	0	0	0

Activity 4 - 4_Assemble Bridge: Week 78 As-Planned Start: 10 As-Planned End: 13
	Labor:
		4_Bridge Assemble Crew:
		LaborType	As-Built	As-Planned	Difference
		(labor)Equipment Operator :	0	0	0
		(labor)Worker:	0	0	0
		(labor)Foreman:	0	0	0
		(equi)Crane:	0	0	0

	Materials:
		Material	As-Built	As-Planned	Difference
		bridge decking:	0	0	0
--------------------------------------------------------------

The rate for 2_Cutting Members is 0.0
New Rate is: 0.0

*************************
HistoryTimeID is: 6996.
*************************

2_Cutting Members

Activity 5_Load Test: Week 79 As-Planned Start: 13 As-Planned End: 14
	As-Built	As-Planned	Difference
Material:	$0.00	$0.00	$0.00
Labor:	$0.00	$0.00	$0.00
Indirect:	$0.00	$0.00	$0.00


Activity 3_Assemble Trusses: Week 79 As-Planned Start: 6 As-Planned End: 10
	As-Built	As-Planned	Difference
Material:	$0.00	$0.00	$0.00
Labor:	$0.00	$0.00	$0.00
Indirect:	$0.00	$0.00	$0.00


Activity 2_Cutting Members: Week 79 As-Planned Start: 3 As-Planned End: 6
	As-Built	As-Planned	Difference
Material:	$0.00	$0.00	$0.00
Labor:	$2539.12	$0.00	$2539.12
Indirect:	$2700.00	$0.00	$2700.00


Activity 4_Assemble Bridge: Week 79 As-Planned Start: 10 As-Planned End: 13
	As-Built	As-Planned	Difference
Material:	$0.00	$0.00	$0.00
Labor:	$0.00	$0.00	$0.00
Indirect:	$0.00	$0.00	$0.00

Stock Value:
	$0.00	$0.00

Totals
	As-Built	As-Planned	Difference
Material:	$55000.00	$0.00	$55000.00
Labor:	$142053.20	$0.00	$142053.20
Indirect:	$209400.01	$0.00	$209400.01


Resource Usage -----------------------------------------------

Activity 5 - 5_Load Test: Week 79 As-Planned Start: 13 As-Planned End: 14
	Labor:
		5_Load Test Crew:
		LaborType	As-Built	As-Planned	Difference
		(labor)Equipment Operator :	0	0	0
		(labor)Worker:	0	0	0
		(labor)Foreman:	0	0	0
		(equi)Load Testing Machine:	0	0	0

	Materials:
		Material	As-Built	As-Planned	Difference
		test:	0	0	0

Activity 3 - 3_Assemble Trusses: Week 79 As-Planned Start: 6 As-Planned End: 10
	Labor:
		3_Trusses Assemble Crew:
		LaborType	As-Built	As-Planned	Difference
		(labor)Worker:	0	0	0
		(labor)Foreman:	0	0	0

	Materials:
		Material	As-Built	As-Planned	Difference
		truss connections:	0	0	0

Activity 2 - 2_Cutting Members: Week 79 As-Planned Start: 3 As-Planned End: 6
	Labor:
		2_Cutting Crew:
		LaborType	As-Built	As-Planned	Difference
		(labor)Equipment Operator :	1	0	1
		(labor)Worker:	3	0	3
		(labor)Foreman:	1	0	1
		(equi)Cutting Machine:	1	0	1

	Materials:
		Material	As-Built	As-Planned	Difference
		cutting members:	0	0	0

Activity 4 - 4_Assemble Bridge: Week 79 As-Planned Start: 10 As-Planned End: 13
	Labor:
		4_Bridge Assemble Crew:
		LaborType	As-Built	As-Planned	Difference
		(labor)Equipment Operator :	0	0	0
		(labor)Worker:	0	0	0
		(labor)Foreman:	0	0	0
		(equi)Crane:	0	0	0

	Materials:
		Material	As-Built	As-Planned	Difference
		bridge decking:	0	0	0
--------------------------------------------------------------

The rate for 2_Cutting Members is 0.0
New Rate is: 0.0

*************************
HistoryTimeID is: 6997.
*************************

2_Cutting Members

Activity 5_Load Test: Week 80 As-Planned Start: 13 As-Planned End: 14
	As-Built	As-Planned	Difference
Material:	$0.00	$0.00	$0.00
Labor:	$0.00	$0.00	$0.00
Indirect:	$0.00	$0.00	$0.00


Activity 3_Assemble Trusses: Week 80 As-Planned Start: 6 As-Planned End: 10
	As-Built	As-Planned	Difference
Material:	$0.00	$0.00	$0.00
Labor:	$0.00	$0.00	$0.00
Indirect:	$0.00	$0.00	$0.00


Activity 2_Cutting Members: Week 80 As-Planned Start: 3 As-Planned End: 6
	As-Built	As-Planned	Difference
Material:	$0.00	$0.00	$0.00
Labor:	$2539.12	$0.00	$2539.12
Indirect:	$2700.00	$0.00	$2700.00


Activity 4_Assemble Bridge: Week 80 As-Planned Start: 10 As-Planned End: 13
	As-Built	As-Planned	Difference
Material:	$0.00	$0.00	$0.00
Labor:	$0.00	$0.00	$0.00
Indirect:	$0.00	$0.00	$0.00

Stock Value:
	$0.00	$0.00

Totals
	As-Built	As-Planned	Difference
Material:	$55000.00	$0.00	$55000.00
Labor:	$144592.32	$0.00	$144592.32
Indirect:	$212100.01	$0.00	$212100.01


Resource Usage -----------------------------------------------

Activity 5 - 5_Load Test: Week 80 As-Planned Start: 13 As-Planned End: 14
	Labor:
		5_Load Test Crew:
		LaborType	As-Built	As-Planned	Difference
		(labor)Equipment Operator :	0	0	0
		(labor)Worker:	0	0	0
		(labor)Foreman:	0	0	0
		(equi)Load Testing Machine:	0	0	0

	Materials:
		Material	As-Built	As-Planned	Difference
		test:	0	0	0

Activity 3 - 3_Assemble Trusses: Week 80 As-Planned Start: 6 As-Planned End: 10
	Labor:
		3_Trusses Assemble Crew:
		LaborType	As-Built	As-Planned	Difference
		(labor)Worker:	0	0	0
		(labor)Foreman:	0	0	0

	Materials:
		Material	As-Built	As-Planned	Difference
		truss connections:	0	0	0

Activity 2 - 2_Cutting Members: Week 80 As-Planned Start: 3 As-Planned End: 6
	Labor:
		2_Cutting Crew:
		LaborType	As-Built	As-Planned	Difference
		(labor)Equipment Operator :	1	0	1
		(labor)Worker:	3	0	3
		(labor)Foreman:	1	0	1
		(equi)Cutting Machine:	1	0	1

	Materials:
		Material	As-Built	As-Planned	Difference
		cutting members:	0	0	0

Activity 4 - 4_Assemble Bridge: Week 80 As-Planned Start: 10 As-Planned End: 13
	Labor:
		4_Bridge Assemble Crew:
		LaborType	As-Built	As-Planned	Difference
		(labor)Equipment Operator :	0	0	0
		(labor)Worker:	0	0	0
		(labor)Foreman:	0	0	0
		(equi)Crane:	0	0	0

	Materials:
		Material	As-Built	As-Planned	Difference
		bridge decking:	0	0	0
--------------------------------------------------------------

The rate for 2_Cutting Members is 0.0
New Rate is: 0.0

*************************
HistoryTimeID is: 6998.
*************************

2_Cutting Members

Activity 5_Load Test: Week 81 As-Planned Start: 13 As-Planned End: 14
	As-Built	As-Planned	Difference
Material:	$0.00	$0.00	$0.00
Labor:	$0.00	$0.00	$0.00
Indirect:	$0.00	$0.00	$0.00


Activity 3_Assemble Trusses: Week 81 As-Planned Start: 6 As-Planned End: 10
	As-Built	As-Planned	Difference
Material:	$0.00	$0.00	$0.00
Labor:	$0.00	$0.00	$0.00
Indirect:	$0.00	$0.00	$0.00


Activity 2_Cutting Members: Week 81 As-Planned Start: 3 As-Planned End: 6
	As-Built	As-Planned	Difference
Material:	$0.00	$0.00	$0.00
Labor:	$2539.12	$0.00	$2539.12
Indirect:	$2700.00	$0.00	$2700.00


Activity 4_Assemble Bridge: Week 81 As-Planned Start: 10 As-Planned End: 13
	As-Built	As-Planned	Difference
Material:	$0.00	$0.00	$0.00
Labor:	$0.00	$0.00	$0.00
Indirect:	$0.00	$0.00	$0.00

Stock Value:
	$0.00	$0.00

Totals
	As-Built	As-Planned	Difference
Material:	$55000.00	$0.00	$55000.00
Labor:	$147131.44	$0.00	$147131.44
Indirect:	$214800.01	$0.00	$214800.01


Resource Usage -----------------------------------------------

Activity 5 - 5_Load Test: Week 81 As-Planned Start: 13 As-Planned End: 14
	Labor:
		5_Load Test Crew:
		LaborType	As-Built	As-Planned	Difference
		(labor)Equipment Operator :	0	0	0
		(labor)Worker:	0	0	0
		(labor)Foreman:	0	0	0
		(equi)Load Testing Machine:	0	0	0

	Materials:
		Material	As-Built	As-Planned	Difference
		test:	0	0	0

Activity 3 - 3_Assemble Trusses: Week 81 As-Planned Start: 6 As-Planned End: 10
	Labor:
		3_Trusses Assemble Crew:
		LaborType	As-Built	As-Planned	Difference
		(labor)Worker:	0	0	0
		(labor)Foreman:	0	0	0

	Materials:
		Material	As-Built	As-Planned	Difference
		truss connections:	0	0	0

Activity 2 - 2_Cutting Members: Week 81 As-Planned Start: 3 As-Planned End: 6
	Labor:
		2_Cutting Crew:
		LaborType	As-Built	As-Planned	Difference
		(labor)Equipment Operator :	1	0	1
		(labor)Worker:	3	0	3
		(labor)Foreman:	1	0	1
		(equi)Cutting Machine:	1	0	1

	Materials:
		Material	As-Built	As-Planned	Difference
		cutting members:	0	0	0

Activity 4 - 4_Assemble Bridge: Week 81 As-Planned Start: 10 As-Planned End: 13
	Labor:
		4_Bridge Assemble Crew:
		LaborType	As-Built	As-Planned	Difference
		(labor)Equipment Operator :	0	0	0
		(labor)Worker:	0	0	0
		(labor)Foreman:	0	0	0
		(equi)Crane:	0	0	0

	Materials:
		Material	As-Built	As-Planned	Difference
		bridge decking:	0	0	0
--------------------------------------------------------------

The rate for 2_Cutting Members is 0.0
New Rate is: 0.0

*************************
HistoryTimeID is: 6999.
*************************

2_Cutting Members

Activity 5_Load Test: Week 82 As-Planned Start: 13 As-Planned End: 14
	As-Built	As-Planned	Difference
Material:	$0.00	$0.00	$0.00
Labor:	$0.00	$0.00	$0.00
Indirect:	$0.00	$0.00	$0.00


Activity 3_Assemble Trusses: Week 82 As-Planned Start: 6 As-Planned End: 10
	As-Built	As-Planned	Difference
Material:	$0.00	$0.00	$0.00
Labor:	$0.00	$0.00	$0.00
Indirect:	$0.00	$0.00	$0.00


Activity 2_Cutting Members: Week 82 As-Planned Start: 3 As-Planned End: 6
	As-Built	As-Planned	Difference
Material:	$0.00	$0.00	$0.00
Labor:	$2539.12	$0.00	$2539.12
Indirect:	$2700.00	$0.00	$2700.00


Activity 4_Assemble Bridge: Week 82 As-Planned Start: 10 As-Planned End: 13
	As-Built	As-Planned	Difference
Material:	$0.00	$0.00	$0.00
Labor:	$0.00	$0.00	$0.00
Indirect:	$0.00	$0.00	$0.00

Stock Value:
	$0.00	$0.00

Totals
	As-Built	As-Planned	Difference
Material:	$55000.00	$0.00	$55000.00
Labor:	$149670.56	$0.00	$149670.56
Indirect:	$217500.01	$0.00	$217500.01


Resource Usage -----------------------------------------------

Activity 5 - 5_Load Test: Week 82 As-Planned Start: 13 As-Planned End: 14
	Labor:
		5_Load Test Crew:
		LaborType	As-Built	As-Planned	Difference
		(labor)Equipment Operator :	0	0	0
		(labor)Worker:	0	0	0
		(labor)Foreman:	0	0	0
		(equi)Load Testing Machine:	0	0	0

	Materials:
		Material	As-Built	As-Planned	Difference
		test:	0	0	0

Activity 3 - 3_Assemble Trusses: Week 82 As-Planned Start: 6 As-Planned End: 10
	Labor:
		3_Trusses Assemble Crew:
		LaborType	As-Built	As-Planned	Difference
		(labor)Worker:	0	0	0
		(labor)Foreman:	0	0	0

	Materials:
		Material	As-Built	As-Planned	Difference
		truss connections:	0	0	0

Activity 2 - 2_Cutting Members: Week 82 As-Planned Start: 3 As-Planned End: 6
	Labor:
		2_Cutting Crew:
		LaborType	As-Built	As-Planned	Difference
		(labor)Equipment Operator :	1	0	1
		(labor)Worker:	3	0	3
		(labor)Foreman:	1	0	1
		(equi)Cutting Machine:	1	0	1

	Materials:
		Material	As-Built	As-Planned	Difference
		cutting members:	0	0	0

Activity 4 - 4_Assemble Bridge: Week 82 As-Planned Start: 10 As-Planned End: 13
	Labor:
		4_Bridge Assemble Crew:
		LaborType	As-Built	As-Planned	Difference
		(labor)Equipment Operator :	0	0	0
		(labor)Worker:	0	0	0
		(labor)Foreman:	0	0	0
		(equi)Crane:	0	0	0

	Materials:
		Material	As-Built	As-Planned	Difference
		bridge decking:	0	0	0
--------------------------------------------------------------

The rate for 2_Cutting Members is 0.0
New Rate is: 0.0

*************************
HistoryTimeID is: 7000.
*************************

2_Cutting Members

Activity 5_Load Test: Week 83 As-Planned Start: 13 As-Planned End: 14
	As-Built	As-Planned	Difference
Material:	$0.00	$0.00	$0.00
Labor:	$0.00	$0.00	$0.00
Indirect:	$0.00	$0.00	$0.00


Activity 3_Assemble Trusses: Week 83 As-Planned Start: 6 As-Planned End: 10
	As-Built	As-Planned	Difference
Material:	$0.00	$0.00	$0.00
Labor:	$0.00	$0.00	$0.00
Indirect:	$0.00	$0.00	$0.00


Activity 2_Cutting Members: Week 83 As-Planned Start: 3 As-Planned End: 6
	As-Built	As-Planned	Difference
Material:	$0.00	$0.00	$0.00
Labor:	$0.00	$0.00	$0.00
Indirect:	$2700.00	$0.00	$2700.00


Activity 4_Assemble Bridge: Week 83 As-Planned Start: 10 As-Planned End: 13
	As-Built	As-Planned	Difference
Material:	$0.00	$0.00	$0.00
Labor:	$0.00	$0.00	$0.00
Indirect:	$0.00	$0.00	$0.00

Stock Value:
	$0.00	$0.00

Totals
	As-Built	As-Planned	Difference
Material:	$55000.00	$0.00	$55000.00
Labor:	$149670.56	$0.00	$149670.56
Indirect:	$220200.01	$0.00	$220200.01


Resource Usage -----------------------------------------------

Activity 5 - 5_Load Test: Week 83 As-Planned Start: 13 As-Planned End: 14
	Labor:
		5_Load Test Crew:
		LaborType	As-Built	As-Planned	Difference
		(labor)Equipment Operator :	0	0	0
		(labor)Worker:	0	0	0
		(labor)Foreman:	0	0	0
		(equi)Load Testing Machine:	0	0	0

	Materials:
		Material	As-Built	As-Planned	Difference
		test:	0	0	0

Activity 3 - 3_Assemble Trusses: Week 83 As-Planned Start: 6 As-Planned End: 10
	Labor:
		3_Trusses Assemble Crew:
		LaborType	As-Built	As-Planned	Difference
		(labor)Worker:	0	0	0
		(labor)Foreman:	0	0	0

	Materials:
		Material	As-Built	As-Planned	Difference
		truss connections:	0	0	0

Activity 2 - 2_Cutting Members: Week 83 As-Planned Start: 3 As-Planned End: 6
	Labor:
		2_Cutting Crew:
		LaborType	As-Built	As-Planned	Difference
		(labor)Equipment Operator :	1	0	1
		(labor)Worker:	3	0	3
		(labor)Foreman:	1	0	1
		(equi)Cutting Machine:	1	0	1

	Materials:
		Material	As-Built	As-Planned	Difference
		cutting members:	0	0	0

Activity 4 - 4_Assemble Bridge: Week 83 As-Planned Start: 10 As-Planned End: 13
	Labor:
		4_Bridge Assemble Crew:
		LaborType	As-Built	As-Planned	Difference
		(labor)Equipment Operator :	0	0	0
		(labor)Worker:	0	0	0
		(labor)Foreman:	0	0	0
		(equi)Crane:	0	0	0

	Materials:
		Material	As-Built	As-Planned	Difference
		bridge decking:	0	0	0
--------------------------------------------------------------

The rate for 2_Cutting Members is 0.0
New Rate is: 0.0

*************************
HistoryTimeID is: 7001.
*************************

2_Cutting Members

Activity 5_Load Test: Week 84 As-Planned Start: 13 As-Planned End: 14
	As-Built	As-Planned	Difference
Material:	$0.00	$0.00	$0.00
Labor:	$0.00	$0.00	$0.00
Indirect:	$0.00	$0.00	$0.00


Activity 3_Assemble Trusses: Week 84 As-Planned Start: 6 As-Planned End: 10
	As-Built	As-Planned	Difference
Material:	$0.00	$0.00	$0.00
Labor:	$0.00	$0.00	$0.00
Indirect:	$0.00	$0.00	$0.00


Activity 2_Cutting Members: Week 84 As-Planned Start: 3 As-Planned End: 6
	As-Built	As-Planned	Difference
Material:	$0.00	$0.00	$0.00
Labor:	$0.00	$0.00	$0.00
Indirect:	$2700.00	$0.00	$2700.00


Activity 4_Assemble Bridge: Week 84 As-Planned Start: 10 As-Planned End: 13
	As-Built	As-Planned	Difference
Material:	$0.00	$0.00	$0.00
Labor:	$0.00	$0.00	$0.00
Indirect:	$0.00	$0.00	$0.00

Stock Value:
	$0.00	$0.00

Totals
	As-Built	As-Planned	Difference
Material:	$55000.00	$0.00	$55000.00
Labor:	$149670.56	$0.00	$149670.56
Indirect:	$222900.01	$0.00	$222900.01


Resource Usage -----------------------------------------------

Activity 5 - 5_Load Test: Week 84 As-Planned Start: 13 As-Planned End: 14
	Labor:
		5_Load Test Crew:
		LaborType	As-Built	As-Planned	Difference
		(labor)Equipment Operator :	0	0	0
		(labor)Worker:	0	0	0
		(labor)Foreman:	0	0	0
		(equi)Load Testing Machine:	0	0	0

	Materials:
		Material	As-Built	As-Planned	Difference
		test:	0	0	0

Activity 3 - 3_Assemble Trusses: Week 84 As-Planned Start: 6 As-Planned End: 10
	Labor:
		3_Trusses Assemble Crew:
		LaborType	As-Built	As-Planned	Difference
		(labor)Worker:	0	0	0
		(labor)Foreman:	0	0	0

	Materials:
		Material	As-Built	As-Planned	Difference
		truss connections:	0	0	0

Activity 2 - 2_Cutting Members: Week 84 As-Planned Start: 3 As-Planned End: 6
	Labor:
		2_Cutting Crew:
		LaborType	As-Built	As-Planned	Difference
		(labor)Equipment Operator :	1	0	1
		(labor)Worker:	3	0	3
		(labor)Foreman:	1	0	1
		(equi)Cutting Machine:	1	0	1

	Materials:
		Material	As-Built	As-Planned	Difference
		cutting members:	0	0	0

Activity 4 - 4_Assemble Bridge: Week 84 As-Planned Start: 10 As-Planned End: 13
	Labor:
		4_Bridge Assemble Crew:
		LaborType	As-Built	As-Planned	Difference
		(labor)Equipment Operator :	0	0	0
		(labor)Worker:	0	0	0
		(labor)Foreman:	0	0	0
		(equi)Crane:	0	0	0

	Materials:
		Material	As-Built	As-Planned	Difference
		bridge decking:	0	0	0
--------------------------------------------------------------

The rate for 2_Cutting Members is 0.0
New Rate is: 0.0

*************************
HistoryTimeID is: 7002.
*************************

2_Cutting Members

Activity 5_Load Test: Week 85 As-Planned Start: 13 As-Planned End: 14
	As-Built	As-Planned	Difference
Material:	$0.00	$0.00	$0.00
Labor:	$0.00	$0.00	$0.00
Indirect:	$0.00	$0.00	$0.00


Activity 3_Assemble Trusses: Week 85 As-Planned Start: 6 As-Planned End: 10
	As-Built	As-Planned	Difference
Material:	$0.00	$0.00	$0.00
Labor:	$0.00	$0.00	$0.00
Indirect:	$0.00	$0.00	$0.00


Activity 2_Cutting Members: Week 85 As-Planned Start: 3 As-Planned End: 6
	As-Built	As-Planned	Difference
Material:	$0.00	$0.00	$0.00
Labor:	$2539.12	$0.00	$2539.12
Indirect:	$2700.00	$0.00	$2700.00


Activity 4_Assemble Bridge: Week 85 As-Planned Start: 10 As-Planned End: 13
	As-Built	As-Planned	Difference
Material:	$0.00	$0.00	$0.00
Labor:	$0.00	$0.00	$0.00
Indirect:	$0.00	$0.00	$0.00

Stock Value:
	$0.00	$0.00

Totals
	As-Built	As-Planned	Difference
Material:	$55000.00	$0.00	$55000.00
Labor:	$152209.68	$0.00	$152209.68
Indirect:	$225600.01	$0.00	$225600.01


Resource Usage -----------------------------------------------

Activity 5 - 5_Load Test: Week 85 As-Planned Start: 13 As-Planned End: 14
	Labor:
		5_Load Test Crew:
		LaborType	As-Built	As-Planned	Difference
		(labor)Equipment Operator :	0	0	0
		(labor)Worker:	0	0	0
		(labor)Foreman:	0	0	0
		(equi)Load Testing Machine:	0	0	0

	Materials:
		Material	As-Built	As-Planned	Difference
		test:	0	0	0

Activity 3 - 3_Assemble Trusses: Week 85 As-Planned Start: 6 As-Planned End: 10
	Labor:
		3_Trusses Assemble Crew:
		LaborType	As-Built	As-Planned	Difference
		(labor)Worker:	0	0	0
		(labor)Foreman:	0	0	0

	Materials:
		Material	As-Built	As-Planned	Difference
		truss connections:	0	0	0

Activity 2 - 2_Cutting Members: Week 85 As-Planned Start: 3 As-Planned End: 6
	Labor:
		2_Cutting Crew:
		LaborType	As-Built	As-Planned	Difference
		(labor)Equipment Operator :	1	0	1
		(labor)Worker:	3	0	3
		(labor)Foreman:	1	0	1
		(equi)Cutting Machine:	1	0	1

	Materials:
		Material	As-Built	As-Planned	Difference
		cutting members:	0	0	0

Activity 4 - 4_Assemble Bridge: Week 85 As-Planned Start: 10 As-Planned End: 13
	Labor:
		4_Bridge Assemble Crew:
		LaborType	As-Built	As-Planned	Difference
		(labor)Equipment Operator :	0	0	0
		(labor)Worker:	0	0	0
		(labor)Foreman:	0	0	0
		(equi)Crane:	0	0	0

	Materials:
		Material	As-Built	As-Planned	Difference
		bridge decking:	0	0	0
--------------------------------------------------------------

The rate for 2_Cutting Members is 0.0
New Rate is: 0.0

*************************
HistoryTimeID is: 7003.
*************************

2_Cutting Members

Activity 5_Load Test: Week 86 As-Planned Start: 13 As-Planned End: 14
	As-Built	As-Planned	Difference
Material:	$0.00	$0.00	$0.00
Labor:	$0.00	$0.00	$0.00
Indirect:	$0.00	$0.00	$0.00


Activity 3_Assemble Trusses: Week 86 As-Planned Start: 6 As-Planned End: 10
	As-Built	As-Planned	Difference
Material:	$0.00	$0.00	$0.00
Labor:	$0.00	$0.00	$0.00
Indirect:	$0.00	$0.00	$0.00


Activity 2_Cutting Members: Week 86 As-Planned Start: 3 As-Planned End: 6
	As-Built	As-Planned	Difference
Material:	$0.00	$0.00	$0.00
Labor:	$2539.12	$0.00	$2539.12
Indirect:	$2700.00	$0.00	$2700.00


Activity 4_Assemble Bridge: Week 86 As-Planned Start: 10 As-Planned End: 13
	As-Built	As-Planned	Difference
Material:	$0.00	$0.00	$0.00
Labor:	$0.00	$0.00	$0.00
Indirect:	$0.00	$0.00	$0.00

Stock Value:
	$0.00	$0.00

Totals
	As-Built	As-Planned	Difference
Material:	$55000.00	$0.00	$55000.00
Labor:	$154748.80	$0.00	$154748.80
Indirect:	$228300.01	$0.00	$228300.01


Resource Usage -----------------------------------------------

Activity 5 - 5_Load Test: Week 86 As-Planned Start: 13 As-Planned End: 14
	Labor:
		5_Load Test Crew:
		LaborType	As-Built	As-Planned	Difference
		(labor)Equipment Operator :	0	0	0
		(labor)Worker:	0	0	0
		(labor)Foreman:	0	0	0
		(equi)Load Testing Machine:	0	0	0

	Materials:
		Material	As-Built	As-Planned	Difference
		test:	0	0	0

Activity 3 - 3_Assemble Trusses: Week 86 As-Planned Start: 6 As-Planned End: 10
	Labor:
		3_Trusses Assemble Crew:
		LaborType	As-Built	As-Planned	Difference
		(labor)Worker:	0	0	0
		(labor)Foreman:	0	0	0

	Materials:
		Material	As-Built	As-Planned	Difference
		truss connections:	0	0	0

Activity 2 - 2_Cutting Members: Week 86 As-Planned Start: 3 As-Planned End: 6
	Labor:
		2_Cutting Crew:
		LaborType	As-Built	As-Planned	Difference
		(labor)Equipment Operator :	1	0	1
		(labor)Worker:	3	0	3
		(labor)Foreman:	1	0	1
		(equi)Cutting Machine:	1	0	1

	Materials:
		Material	As-Built	As-Planned	Difference
		cutting members:	0	0	0

Activity 4 - 4_Assemble Bridge: Week 86 As-Planned Start: 10 As-Planned End: 13
	Labor:
		4_Bridge Assemble Crew:
		LaborType	As-Built	As-Planned	Difference
		(labor)Equipment Operator :	0	0	0
		(labor)Worker:	0	0	0
		(labor)Foreman:	0	0	0
		(equi)Crane:	0	0	0

	Materials:
		Material	As-Built	As-Planned	Difference
		bridge decking:	0	0	0
--------------------------------------------------------------

The rate for 2_Cutting Members is 0.0
New Rate is: 0.0

*************************
HistoryTimeID is: 7004.
*************************

2_Cutting Members

Activity 5_Load Test: Week 87 As-Planned Start: 13 As-Planned End: 14
	As-Built	As-Planned	Difference
Material:	$0.00	$0.00	$0.00
Labor:	$0.00	$0.00	$0.00
Indirect:	$0.00	$0.00	$0.00


Activity 3_Assemble Trusses: Week 87 As-Planned Start: 6 As-Planned End: 10
	As-Built	As-Planned	Difference
Material:	$0.00	$0.00	$0.00
Labor:	$0.00	$0.00	$0.00
Indirect:	$0.00	$0.00	$0.00


Activity 2_Cutting Members: Week 87 As-Planned Start: 3 As-Planned End: 6
	As-Built	As-Planned	Difference
Material:	$0.00	$0.00	$0.00
Labor:	$2539.12	$0.00	$2539.12
Indirect:	$2700.00	$0.00	$2700.00


Activity 4_Assemble Bridge: Week 87 As-Planned Start: 10 As-Planned End: 13
	As-Built	As-Planned	Difference
Material:	$0.00	$0.00	$0.00
Labor:	$0.00	$0.00	$0.00
Indirect:	$0.00	$0.00	$0.00

Stock Value:
	$0.00	$0.00

Totals
	As-Built	As-Planned	Difference
Material:	$55000.00	$0.00	$55000.00
Labor:	$157287.92	$0.00	$157287.92
Indirect:	$231000.01	$0.00	$231000.01


Resource Usage -----------------------------------------------

Activity 5 - 5_Load Test: Week 87 As-Planned Start: 13 As-Planned End: 14
	Labor:
		5_Load Test Crew:
		LaborType	As-Built	As-Planned	Difference
		(labor)Equipment Operator :	0	0	0
		(labor)Worker:	0	0	0
		(labor)Foreman:	0	0	0
		(equi)Load Testing Machine:	0	0	0

	Materials:
		Material	As-Built	As-Planned	Difference
		test:	0	0	0

Activity 3 - 3_Assemble Trusses: Week 87 As-Planned Start: 6 As-Planned End: 10
	Labor:
		3_Trusses Assemble Crew:
		LaborType	As-Built	As-Planned	Difference
		(labor)Worker:	0	0	0
		(labor)Foreman:	0	0	0

	Materials:
		Material	As-Built	As-Planned	Difference
		truss connections:	0	0	0

Activity 2 - 2_Cutting Members: Week 87 As-Planned Start: 3 As-Planned End: 6
	Labor:
		2_Cutting Crew:
		LaborType	As-Built	As-Planned	Difference
		(labor)Equipment Operator :	1	0	1
		(labor)Worker:	3	0	3
		(labor)Foreman:	1	0	1
		(equi)Cutting Machine:	1	0	1

	Materials:
		Material	As-Built	As-Planned	Difference
		cutting members:	0	0	0

Activity 4 - 4_Assemble Bridge: Week 87 As-Planned Start: 10 As-Planned End: 13
	Labor:
		4_Bridge Assemble Crew:
		LaborType	As-Built	As-Planned	Difference
		(labor)Equipment Operator :	0	0	0
		(labor)Worker:	0	0	0
		(labor)Foreman:	0	0	0
		(equi)Crane:	0	0	0

	Materials:
		Material	As-Built	As-Planned	Difference
		bridge decking:	0	0	0
--------------------------------------------------------------

The rate for 2_Cutting Members is 0.0
New Rate is: 0.0

*************************
HistoryTimeID is: 7005.
*************************

2_Cutting Members

Activity 5_Load Test: Week 88 As-Planned Start: 13 As-Planned End: 14
	As-Built	As-Planned	Difference
Material:	$0.00	$0.00	$0.00
Labor:	$0.00	$0.00	$0.00
Indirect:	$0.00	$0.00	$0.00


Activity 3_Assemble Trusses: Week 88 As-Planned Start: 6 As-Planned End: 10
	As-Built	As-Planned	Difference
Material:	$0.00	$0.00	$0.00
Labor:	$0.00	$0.00	$0.00
Indirect:	$0.00	$0.00	$0.00


Activity 2_Cutting Members: Week 88 As-Planned Start: 3 As-Planned End: 6
	As-Built	As-Planned	Difference
Material:	$0.00	$0.00	$0.00
Labor:	$2539.12	$0.00	$2539.12
Indirect:	$2700.00	$0.00	$2700.00


Activity 4_Assemble Bridge: Week 88 As-Planned Start: 10 As-Planned End: 13
	As-Built	As-Planned	Difference
Material:	$0.00	$0.00	$0.00
Labor:	$0.00	$0.00	$0.00
Indirect:	$0.00	$0.00	$0.00

Stock Value:
	$0.00	$0.00

Totals
	As-Built	As-Planned	Difference
Material:	$55000.00	$0.00	$55000.00
Labor:	$159827.04	$0.00	$159827.04
Indirect:	$233700.01	$0.00	$233700.01


Resource Usage -----------------------------------------------

Activity 5 - 5_Load Test: Week 88 As-Planned Start: 13 As-Planned End: 14
	Labor:
		5_Load Test Crew:
		LaborType	As-Built	As-Planned	Difference
		(labor)Equipment Operator :	0	0	0
		(labor)Worker:	0	0	0
		(labor)Foreman:	0	0	0
		(equi)Load Testing Machine:	0	0	0

	Materials:
		Material	As-Built	As-Planned	Difference
		test:	0	0	0

Activity 3 - 3_Assemble Trusses: Week 88 As-Planned Start: 6 As-Planned End: 10
	Labor:
		3_Trusses Assemble Crew:
		LaborType	As-Built	As-Planned	Difference
		(labor)Worker:	0	0	0
		(labor)Foreman:	0	0	0

	Materials:
		Material	As-Built	As-Planned	Difference
		truss connections:	0	0	0

Activity 2 - 2_Cutting Members: Week 88 As-Planned Start: 3 As-Planned End: 6
	Labor:
		2_Cutting Crew:
		LaborType	As-Built	As-Planned	Difference
		(labor)Equipment Operator :	1	0	1
		(labor)Worker:	3	0	3
		(labor)Foreman:	1	0	1
		(equi)Cutting Machine:	1	0	1

	Materials:
		Material	As-Built	As-Planned	Difference
		cutting members:	0	0	0

Activity 4 - 4_Assemble Bridge: Week 88 As-Planned Start: 10 As-Planned End: 13
	Labor:
		4_Bridge Assemble Crew:
		LaborType	As-Built	As-Planned	Difference
		(labor)Equipment Operator :	0	0	0
		(labor)Worker:	0	0	0
		(labor)Foreman:	0	0	0
		(equi)Crane:	0	0	0

	Materials:
		Material	As-Built	As-Planned	Difference
		bridge decking:	0	0	0
--------------------------------------------------------------

The rate for 2_Cutting Members is 0.0
New Rate is: 0.0

*************************
HistoryTimeID is: 7006.
*************************

2_Cutting Members

Activity 5_Load Test: Week 89 As-Planned Start: 13 As-Planned End: 14
	As-Built	As-Planned	Difference
Material:	$0.00	$0.00	$0.00
Labor:	$0.00	$0.00	$0.00
Indirect:	$0.00	$0.00	$0.00


Activity 3_Assemble Trusses: Week 89 As-Planned Start: 6 As-Planned End: 10
	As-Built	As-Planned	Difference
Material:	$0.00	$0.00	$0.00
Labor:	$0.00	$0.00	$0.00
Indirect:	$0.00	$0.00	$0.00


Activity 2_Cutting Members: Week 89 As-Planned Start: 3 As-Planned End: 6
	As-Built	As-Planned	Difference
Material:	$0.00	$0.00	$0.00
Labor:	$2539.12	$0.00	$2539.12
Indirect:	$2700.00	$0.00	$2700.00


Activity 4_Assemble Bridge: Week 89 As-Planned Start: 10 As-Planned End: 13
	As-Built	As-Planned	Difference
Material:	$0.00	$0.00	$0.00
Labor:	$0.00	$0.00	$0.00
Indirect:	$0.00	$0.00	$0.00

Stock Value:
	$0.00	$0.00

Totals
	As-Built	As-Planned	Difference
Material:	$55000.00	$0.00	$55000.00
Labor:	$162366.16	$0.00	$162366.16
Indirect:	$236400.01	$0.00	$236400.01


Resource Usage -----------------------------------------------

Activity 5 - 5_Load Test: Week 89 As-Planned Start: 13 As-Planned End: 14
	Labor:
		5_Load Test Crew:
		LaborType	As-Built	As-Planned	Difference
		(labor)Equipment Operator :	0	0	0
		(labor)Worker:	0	0	0
		(labor)Foreman:	0	0	0
		(equi)Load Testing Machine:	0	0	0

	Materials:
		Material	As-Built	As-Planned	Difference
		test:	0	0	0

Activity 3 - 3_Assemble Trusses: Week 89 As-Planned Start: 6 As-Planned End: 10
	Labor:
		3_Trusses Assemble Crew:
		LaborType	As-Built	As-Planned	Difference
		(labor)Worker:	0	0	0
		(labor)Foreman:	0	0	0

	Materials:
		Material	As-Built	As-Planned	Difference
		truss connections:	0	0	0

Activity 2 - 2_Cutting Members: Week 89 As-Planned Start: 3 As-Planned End: 6
	Labor:
		2_Cutting Crew:
		LaborType	As-Built	As-Planned	Difference
		(labor)Equipment Operator :	1	0	1
		(labor)Worker:	3	0	3
		(labor)Foreman:	1	0	1
		(equi)Cutting Machine:	1	0	1

	Materials:
		Material	As-Built	As-Planned	Difference
		cutting members:	0	0	0

Activity 4 - 4_Assemble Bridge: Week 89 As-Planned Start: 10 As-Planned End: 13
	Labor:
		4_Bridge Assemble Crew:
		LaborType	As-Built	As-Planned	Difference
		(labor)Equipment Operator :	0	0	0
		(labor)Worker:	0	0	0
		(labor)Foreman:	0	0	0
		(equi)Crane:	0	0	0

	Materials:
		Material	As-Built	As-Planned	Difference
		bridge decking:	0	0	0
--------------------------------------------------------------

The rate for 2_Cutting Members is 0.0
New Rate is: 0.0

*************************
HistoryTimeID is: 7007.
*************************

2_Cutting Members

Activity 5_Load Test: Week 90 As-Planned Start: 13 As-Planned End: 14
	As-Built	As-Planned	Difference
Material:	$0.00	$0.00	$0.00
Labor:	$0.00	$0.00	$0.00
Indirect:	$0.00	$0.00	$0.00


Activity 3_Assemble Trusses: Week 90 As-Planned Start: 6 As-Planned End: 10
	As-Built	As-Planned	Difference
Material:	$0.00	$0.00	$0.00
Labor:	$0.00	$0.00	$0.00
Indirect:	$0.00	$0.00	$0.00


Activity 2_Cutting Members: Week 90 As-Planned Start: 3 As-Planned End: 6
	As-Built	As-Planned	Difference
Material:	$0.00	$0.00	$0.00
Labor:	$0.00	$0.00	$0.00
Indirect:	$2700.00	$0.00	$2700.00


Activity 4_Assemble Bridge: Week 90 As-Planned Start: 10 As-Planned End: 13
	As-Built	As-Planned	Difference
Material:	$0.00	$0.00	$0.00
Labor:	$0.00	$0.00	$0.00
Indirect:	$0.00	$0.00	$0.00

Stock Value:
	$0.00	$0.00

Totals
	As-Built	As-Planned	Difference
Material:	$55000.00	$0.00	$55000.00
Labor:	$162366.16	$0.00	$162366.16
Indirect:	$239100.01	$0.00	$239100.01


Resource Usage -----------------------------------------------

Activity 5 - 5_Load Test: Week 90 As-Planned Start: 13 As-Planned End: 14
	Labor:
		5_Load Test Crew:
		LaborType	As-Built	As-Planned	Difference
		(labor)Equipment Operator :	0	0	0
		(labor)Worker:	0	0	0
		(labor)Foreman:	0	0	0
		(equi)Load Testing Machine:	0	0	0

	Materials:
		Material	As-Built	As-Planned	Difference
		test:	0	0	0

Activity 3 - 3_Assemble Trusses: Week 90 As-Planned Start: 6 As-Planned End: 10
	Labor:
		3_Trusses Assemble Crew:
		LaborType	As-Built	As-Planned	Difference
		(labor)Worker:	0	0	0
		(labor)Foreman:	0	0	0

	Materials:
		Material	As-Built	As-Planned	Difference
		truss connections:	0	0	0

Activity 2 - 2_Cutting Members: Week 90 As-Planned Start: 3 As-Planned End: 6
	Labor:
		2_Cutting Crew:
		LaborType	As-Built	As-Planned	Difference
		(labor)Equipment Operator :	1	0	1
		(labor)Worker:	3	0	3
		(labor)Foreman:	1	0	1
		(equi)Cutting Machine:	1	0	1

	Materials:
		Material	As-Built	As-Planned	Difference
		cutting members:	0	0	0

Activity 4 - 4_Assemble Bridge: Week 90 As-Planned Start: 10 As-Planned End: 13
	Labor:
		4_Bridge Assemble Crew:
		LaborType	As-Built	As-Planned	Difference
		(labor)Equipment Operator :	0	0	0
		(labor)Worker:	0	0	0
		(labor)Foreman:	0	0	0
		(equi)Crane:	0	0	0

	Materials:
		Material	As-Built	As-Planned	Difference
		bridge decking:	0	0	0
--------------------------------------------------------------

The rate for 2_Cutting Members is 0.0
New Rate is: 0.0

*************************
HistoryTimeID is: 7008.
*************************

2_Cutting Members

Activity 5_Load Test: Week 91 As-Planned Start: 13 As-Planned End: 14
	As-Built	As-Planned	Difference
Material:	$0.00	$0.00	$0.00
Labor:	$0.00	$0.00	$0.00
Indirect:	$0.00	$0.00	$0.00


Activity 3_Assemble Trusses: Week 91 As-Planned Start: 6 As-Planned End: 10
	As-Built	As-Planned	Difference
Material:	$0.00	$0.00	$0.00
Labor:	$0.00	$0.00	$0.00
Indirect:	$0.00	$0.00	$0.00


Activity 2_Cutting Members: Week 91 As-Planned Start: 3 As-Planned End: 6
	As-Built	As-Planned	Difference
Material:	$0.00	$0.00	$0.00
Labor:	$0.00	$0.00	$0.00
Indirect:	$2700.00	$0.00	$2700.00


Activity 4_Assemble Bridge: Week 91 As-Planned Start: 10 As-Planned End: 13
	As-Built	As-Planned	Difference
Material:	$0.00	$0.00	$0.00
Labor:	$0.00	$0.00	$0.00
Indirect:	$0.00	$0.00	$0.00

Stock Value:
	$0.00	$0.00

Totals
	As-Built	As-Planned	Difference
Material:	$55000.00	$0.00	$55000.00
Labor:	$162366.16	$0.00	$162366.16
Indirect:	$241800.01	$0.00	$241800.01


Resource Usage -----------------------------------------------

Activity 5 - 5_Load Test: Week 91 As-Planned Start: 13 As-Planned End: 14
	Labor:
		5_Load Test Crew:
		LaborType	As-Built	As-Planned	Difference
		(labor)Equipment Operator :	0	0	0
		(labor)Worker:	0	0	0
		(labor)Foreman:	0	0	0
		(equi)Load Testing Machine:	0	0	0

	Materials:
		Material	As-Built	As-Planned	Difference
		test:	0	0	0

Activity 3 - 3_Assemble Trusses: Week 91 As-Planned Start: 6 As-Planned End: 10
	Labor:
		3_Trusses Assemble Crew:
		LaborType	As-Built	As-Planned	Difference
		(labor)Worker:	0	0	0
		(labor)Foreman:	0	0	0

	Materials:
		Material	As-Built	As-Planned	Difference
		truss connections:	0	0	0

Activity 2 - 2_Cutting Members: Week 91 As-Planned Start: 3 As-Planned End: 6
	Labor:
		2_Cutting Crew:
		LaborType	As-Built	As-Planned	Difference
		(labor)Equipment Operator :	1	0	1
		(labor)Worker:	3	0	3
		(labor)Foreman:	1	0	1
		(equi)Cutting Machine:	1	0	1

	Materials:
		Material	As-Built	As-Planned	Difference
		cutting members:	0	0	0

Activity 4 - 4_Assemble Bridge: Week 91 As-Planned Start: 10 As-Planned End: 13
	Labor:
		4_Bridge Assemble Crew:
		LaborType	As-Built	As-Planned	Difference
		(labor)Equipment Operator :	0	0	0
		(labor)Worker:	0	0	0
		(labor)Foreman:	0	0	0
		(equi)Crane:	0	0	0

	Materials:
		Material	As-Built	As-Planned	Difference
		bridge decking:	0	0	0
--------------------------------------------------------------

The rate for 2_Cutting Members is 0.0
New Rate is: 0.0

*************************
HistoryTimeID is: 7009.
*************************

2_Cutting Members

Activity 5_Load Test: Week 92 As-Planned Start: 13 As-Planned End: 14
	As-Built	As-Planned	Difference
Material:	$0.00	$0.00	$0.00
Labor:	$0.00	$0.00	$0.00
Indirect:	$0.00	$0.00	$0.00


Activity 3_Assemble Trusses: Week 92 As-Planned Start: 6 As-Planned End: 10
	As-Built	As-Planned	Difference
Material:	$0.00	$0.00	$0.00
Labor:	$0.00	$0.00	$0.00
Indirect:	$0.00	$0.00	$0.00


Activity 2_Cutting Members: Week 92 As-Planned Start: 3 As-Planned End: 6
	As-Built	As-Planned	Difference
Material:	$0.00	$0.00	$0.00
Labor:	$2539.12	$0.00	$2539.12
Indirect:	$2700.00	$0.00	$2700.00


Activity 4_Assemble Bridge: Week 92 As-Planned Start: 10 As-Planned End: 13
	As-Built	As-Planned	Difference
Material:	$0.00	$0.00	$0.00
Labor:	$0.00	$0.00	$0.00
Indirect:	$0.00	$0.00	$0.00

Stock Value:
	$0.00	$0.00

Totals
	As-Built	As-Planned	Difference
Material:	$55000.00	$0.00	$55000.00
Labor:	$164905.28	$0.00	$164905.28
Indirect:	$244500.01	$0.00	$244500.01


Resource Usage -----------------------------------------------

Activity 5 - 5_Load Test: Week 92 As-Planned Start: 13 As-Planned End: 14
	Labor:
		5_Load Test Crew:
		LaborType	As-Built	As-Planned	Difference
		(labor)Equipment Operator :	0	0	0
		(labor)Worker:	0	0	0
		(labor)Foreman:	0	0	0
		(equi)Load Testing Machine:	0	0	0

	Materials:
		Material	As-Built	As-Planned	Difference
		test:	0	0	0

Activity 3 - 3_Assemble Trusses: Week 92 As-Planned Start: 6 As-Planned End: 10
	Labor:
		3_Trusses Assemble Crew:
		LaborType	As-Built	As-Planned	Difference
		(labor)Worker:	0	0	0
		(labor)Foreman:	0	0	0

	Materials:
		Material	As-Built	As-Planned	Difference
		truss connections:	0	0	0

Activity 2 - 2_Cutting Members: Week 92 As-Planned Start: 3 As-Planned End: 6
	Labor:
		2_Cutting Crew:
		LaborType	As-Built	As-Planned	Difference
		(labor)Equipment Operator :	1	0	1
		(labor)Worker:	3	0	3
		(labor)Foreman:	1	0	1
		(equi)Cutting Machine:	1	0	1

	Materials:
		Material	As-Built	As-Planned	Difference
		cutting members:	0	0	0

Activity 4 - 4_Assemble Bridge: Week 92 As-Planned Start: 10 As-Planned End: 13
	Labor:
		4_Bridge Assemble Crew:
		LaborType	As-Built	As-Planned	Difference
		(labor)Equipment Operator :	0	0	0
		(labor)Worker:	0	0	0
		(labor)Foreman:	0	0	0
		(equi)Crane:	0	0	0

	Materials:
		Material	As-Built	As-Planned	Difference
		bridge decking:	0	0	0
--------------------------------------------------------------

The rate for 2_Cutting Members is 0.0
New Rate is: 0.0

*************************
HistoryTimeID is: 7010.
*************************

2_Cutting Members

Activity 5_Load Test: Week 93 As-Planned Start: 13 As-Planned End: 14
	As-Built	As-Planned	Difference
Material:	$0.00	$0.00	$0.00
Labor:	$0.00	$0.00	$0.00
Indirect:	$0.00	$0.00	$0.00


Activity 3_Assemble Trusses: Week 93 As-Planned Start: 6 As-Planned End: 10
	As-Built	As-Planned	Difference
Material:	$0.00	$0.00	$0.00
Labor:	$0.00	$0.00	$0.00
Indirect:	$0.00	$0.00	$0.00


Activity 2_Cutting Members: Week 93 As-Planned Start: 3 As-Planned End: 6
	As-Built	As-Planned	Difference
Material:	$0.00	$0.00	$0.00
Labor:	$2539.12	$0.00	$2539.12
Indirect:	$2700.00	$0.00	$2700.00


Activity 4_Assemble Bridge: Week 93 As-Planned Start: 10 As-Planned End: 13
	As-Built	As-Planned	Difference
Material:	$0.00	$0.00	$0.00
Labor:	$0.00	$0.00	$0.00
Indirect:	$0.00	$0.00	$0.00

Stock Value:
	$0.00	$0.00

Totals
	As-Built	As-Planned	Difference
Material:	$55000.00	$0.00	$55000.00
Labor:	$167444.40	$0.00	$167444.40
Indirect:	$247200.01	$0.00	$247200.01


Resource Usage -----------------------------------------------

Activity 5 - 5_Load Test: Week 93 As-Planned Start: 13 As-Planned End: 14
	Labor:
		5_Load Test Crew:
		LaborType	As-Built	As-Planned	Difference
		(labor)Equipment Operator :	0	0	0
		(labor)Worker:	0	0	0
		(labor)Foreman:	0	0	0
		(equi)Load Testing Machine:	0	0	0

	Materials:
		Material	As-Built	As-Planned	Difference
		test:	0	0	0

Activity 3 - 3_Assemble Trusses: Week 93 As-Planned Start: 6 As-Planned End: 10
	Labor:
		3_Trusses Assemble Crew:
		LaborType	As-Built	As-Planned	Difference
		(labor)Worker:	0	0	0
		(labor)Foreman:	0	0	0

	Materials:
		Material	As-Built	As-Planned	Difference
		truss connections:	0	0	0

Activity 2 - 2_Cutting Members: Week 93 As-Planned Start: 3 As-Planned End: 6
	Labor:
		2_Cutting Crew:
		LaborType	As-Built	As-Planned	Difference
		(labor)Equipment Operator :	1	0	1
		(labor)Worker:	3	0	3
		(labor)Foreman:	1	0	1
		(equi)Cutting Machine:	1	0	1

	Materials:
		Material	As-Built	As-Planned	Difference
		cutting members:	0	0	0

Activity 4 - 4_Assemble Bridge: Week 93 As-Planned Start: 10 As-Planned End: 13
	Labor:
		4_Bridge Assemble Crew:
		LaborType	As-Built	As-Planned	Difference
		(labor)Equipment Operator :	0	0	0
		(labor)Worker:	0	0	0
		(labor)Foreman:	0	0	0
		(equi)Crane:	0	0	0

	Materials:
		Material	As-Built	As-Planned	Difference
		bridge decking:	0	0	0
--------------------------------------------------------------

The rate for 2_Cutting Members is 0.0
New Rate is: 0.0

*************************
HistoryTimeID is: 7011.
*************************

2_Cutting Members

Activity 5_Load Test: Week 94 As-Planned Start: 13 As-Planned End: 14
	As-Built	As-Planned	Difference
Material:	$0.00	$0.00	$0.00
Labor:	$0.00	$0.00	$0.00
Indirect:	$0.00	$0.00	$0.00


Activity 3_Assemble Trusses: Week 94 As-Planned Start: 6 As-Planned End: 10
	As-Built	As-Planned	Difference
Material:	$0.00	$0.00	$0.00
Labor:	$0.00	$0.00	$0.00
Indirect:	$0.00	$0.00	$0.00


Activity 2_Cutting Members: Week 94 As-Planned Start: 3 As-Planned End: 6
	As-Built	As-Planned	Difference
Material:	$0.00	$0.00	$0.00
Labor:	$2539.12	$0.00	$2539.12
Indirect:	$2700.00	$0.00	$2700.00


Activity 4_Assemble Bridge: Week 94 As-Planned Start: 10 As-Planned End: 13
	As-Built	As-Planned	Difference
Material:	$0.00	$0.00	$0.00
Labor:	$0.00	$0.00	$0.00
Indirect:	$0.00	$0.00	$0.00

Stock Value:
	$0.00	$0.00

Totals
	As-Built	As-Planned	Difference
Material:	$55000.00	$0.00	$55000.00
Labor:	$169983.52	$0.00	$169983.52
Indirect:	$249900.01	$0.00	$249900.01


Resource Usage -----------------------------------------------

Activity 5 - 5_Load Test: Week 94 As-Planned Start: 13 As-Planned End: 14
	Labor:
		5_Load Test Crew:
		LaborType	As-Built	As-Planned	Difference
		(labor)Equipment Operator :	0	0	0
		(labor)Worker:	0	0	0
		(labor)Foreman:	0	0	0
		(equi)Load Testing Machine:	0	0	0

	Materials:
		Material	As-Built	As-Planned	Difference
		test:	0	0	0

Activity 3 - 3_Assemble Trusses: Week 94 As-Planned Start: 6 As-Planned End: 10
	Labor:
		3_Trusses Assemble Crew:
		LaborType	As-Built	As-Planned	Difference
		(labor)Worker:	0	0	0
		(labor)Foreman:	0	0	0

	Materials:
		Material	As-Built	As-Planned	Difference
		truss connections:	0	0	0

Activity 2 - 2_Cutting Members: Week 94 As-Planned Start: 3 As-Planned End: 6
	Labor:
		2_Cutting Crew:
		LaborType	As-Built	As-Planned	Difference
		(labor)Equipment Operator :	1	0	1
		(labor)Worker:	3	0	3
		(labor)Foreman:	1	0	1
		(equi)Cutting Machine:	1	0	1

	Materials:
		Material	As-Built	As-Planned	Difference
		cutting members:	0	0	0

Activity 4 - 4_Assemble Bridge: Week 94 As-Planned Start: 10 As-Planned End: 13
	Labor:
		4_Bridge Assemble Crew:
		LaborType	As-Built	As-Planned	Difference
		(labor)Equipment Operator :	0	0	0
		(labor)Worker:	0	0	0
		(labor)Foreman:	0	0	0
		(equi)Crane:	0	0	0

	Materials:
		Material	As-Built	As-Planned	Difference
		bridge decking:	0	0	0
--------------------------------------------------------------

The rate for 2_Cutting Members is 0.0
New Rate is: 0.0

*************************
HistoryTimeID is: 7012.
*************************

2_Cutting Members

Activity 5_Load Test: Week 95 As-Planned Start: 13 As-Planned End: 14
	As-Built	As-Planned	Difference
Material:	$0.00	$0.00	$0.00
Labor:	$0.00	$0.00	$0.00
Indirect:	$0.00	$0.00	$0.00


Activity 3_Assemble Trusses: Week 95 As-Planned Start: 6 As-Planned End: 10
	As-Built	As-Planned	Difference
Material:	$0.00	$0.00	$0.00
Labor:	$0.00	$0.00	$0.00
Indirect:	$0.00	$0.00	$0.00


Activity 2_Cutting Members: Week 95 As-Planned Start: 3 As-Planned End: 6
	As-Built	As-Planned	Difference
Material:	$0.00	$0.00	$0.00
Labor:	$2539.12	$0.00	$2539.12
Indirect:	$2700.00	$0.00	$2700.00


Activity 4_Assemble Bridge: Week 95 As-Planned Start: 10 As-Planned End: 13
	As-Built	As-Planned	Difference
Material:	$0.00	$0.00	$0.00
Labor:	$0.00	$0.00	$0.00
Indirect:	$0.00	$0.00	$0.00

Stock Value:
	$0.00	$0.00

Totals
	As-Built	As-Planned	Difference
Material:	$55000.00	$0.00	$55000.00
Labor:	$172522.64	$0.00	$172522.64
Indirect:	$252600.01	$0.00	$252600.01


Resource Usage -----------------------------------------------

Activity 5 - 5_Load Test: Week 95 As-Planned Start: 13 As-Planned End: 14
	Labor:
		5_Load Test Crew:
		LaborType	As-Built	As-Planned	Difference
		(labor)Equipment Operator :	0	0	0
		(labor)Worker:	0	0	0
		(labor)Foreman:	0	0	0
		(equi)Load Testing Machine:	0	0	0

	Materials:
		Material	As-Built	As-Planned	Difference
		test:	0	0	0

Activity 3 - 3_Assemble Trusses: Week 95 As-Planned Start: 6 As-Planned End: 10
	Labor:
		3_Trusses Assemble Crew:
		LaborType	As-Built	As-Planned	Difference
		(labor)Worker:	0	0	0
		(labor)Foreman:	0	0	0

	Materials:
		Material	As-Built	As-Planned	Difference
		truss connections:	0	0	0

Activity 2 - 2_Cutting Members: Week 95 As-Planned Start: 3 As-Planned End: 6
	Labor:
		2_Cutting Crew:
		LaborType	As-Built	As-Planned	Difference
		(labor)Equipment Operator :	1	0	1
		(labor)Worker:	3	0	3
		(labor)Foreman:	1	0	1
		(equi)Cutting Machine:	1	0	1

	Materials:
		Material	As-Built	As-Planned	Difference
		cutting members:	0	0	0

Activity 4 - 4_Assemble Bridge: Week 95 As-Planned Start: 10 As-Planned End: 13
	Labor:
		4_Bridge Assemble Crew:
		LaborType	As-Built	As-Planned	Difference
		(labor)Equipment Operator :	0	0	0
		(labor)Worker:	0	0	0
		(labor)Foreman:	0	0	0
		(equi)Crane:	0	0	0

	Materials:
		Material	As-Built	As-Planned	Difference
		bridge decking:	0	0	0
--------------------------------------------------------------

The rate for 2_Cutting Members is 0.0
New Rate is: 0.0

*************************
HistoryTimeID is: 7013.
*************************

2_Cutting Members

Activity 5_Load Test: Week 96 As-Planned Start: 13 As-Planned End: 14
	As-Built	As-Planned	Difference
Material:	$0.00	$0.00	$0.00
Labor:	$0.00	$0.00	$0.00
Indirect:	$0.00	$0.00	$0.00


Activity 3_Assemble Trusses: Week 96 As-Planned Start: 6 As-Planned End: 10
	As-Built	As-Planned	Difference
Material:	$0.00	$0.00	$0.00
Labor:	$0.00	$0.00	$0.00
Indirect:	$0.00	$0.00	$0.00


Activity 2_Cutting Members: Week 96 As-Planned Start: 3 As-Planned End: 6
	As-Built	As-Planned	Difference
Material:	$0.00	$0.00	$0.00
Labor:	$2539.12	$0.00	$2539.12
Indirect:	$2700.00	$0.00	$2700.00


Activity 4_Assemble Bridge: Week 96 As-Planned Start: 10 As-Planned End: 13
	As-Built	As-Planned	Difference
Material:	$0.00	$0.00	$0.00
Labor:	$0.00	$0.00	$0.00
Indirect:	$0.00	$0.00	$0.00

Stock Value:
	$0.00	$0.00

Totals
	As-Built	As-Planned	Difference
Material:	$55000.00	$0.00	$55000.00
Labor:	$175061.76	$0.00	$175061.76
Indirect:	$255300.01	$0.00	$255300.01


Resource Usage -----------------------------------------------

Activity 5 - 5_Load Test: Week 96 As-Planned Start: 13 As-Planned End: 14
	Labor:
		5_Load Test Crew:
		LaborType	As-Built	As-Planned	Difference
		(labor)Equipment Operator :	0	0	0
		(labor)Worker:	0	0	0
		(labor)Foreman:	0	0	0
		(equi)Load Testing Machine:	0	0	0

	Materials:
		Material	As-Built	As-Planned	Difference
		test:	0	0	0

Activity 3 - 3_Assemble Trusses: Week 96 As-Planned Start: 6 As-Planned End: 10
	Labor:
		3_Trusses Assemble Crew:
		LaborType	As-Built	As-Planned	Difference
		(labor)Worker:	0	0	0
		(labor)Foreman:	0	0	0

	Materials:
		Material	As-Built	As-Planned	Difference
		truss connections:	0	0	0

Activity 2 - 2_Cutting Members: Week 96 As-Planned Start: 3 As-Planned End: 6
	Labor:
		2_Cutting Crew:
		LaborType	As-Built	As-Planned	Difference
		(labor)Equipment Operator :	1	0	1
		(labor)Worker:	3	0	3
		(labor)Foreman:	1	0	1
		(equi)Cutting Machine:	1	0	1

	Materials:
		Material	As-Built	As-Planned	Difference
		cutting members:	0	0	0

Activity 4 - 4_Assemble Bridge: Week 96 As-Planned Start: 10 As-Planned End: 13
	Labor:
		4_Bridge Assemble Crew:
		LaborType	As-Built	As-Planned	Difference
		(labor)Equipment Operator :	0	0	0
		(labor)Worker:	0	0	0
		(labor)Foreman:	0	0	0
		(equi)Crane:	0	0	0

	Materials:
		Material	As-Built	As-Planned	Difference
		bridge decking:	0	0	0
--------------------------------------------------------------

The rate for 2_Cutting Members is 0.0
New Rate is: 0.0

*************************
HistoryTimeID is: 7014.
*************************

2_Cutting Members

Activity 5_Load Test: Week 97 As-Planned Start: 13 As-Planned End: 14
	As-Built	As-Planned	Difference
Material:	$0.00	$0.00	$0.00
Labor:	$0.00	$0.00	$0.00
Indirect:	$0.00	$0.00	$0.00


Activity 3_Assemble Trusses: Week 97 As-Planned Start: 6 As-Planned End: 10
	As-Built	As-Planned	Difference
Material:	$0.00	$0.00	$0.00
Labor:	$0.00	$0.00	$0.00
Indirect:	$0.00	$0.00	$0.00


Activity 2_Cutting Members: Week 97 As-Planned Start: 3 As-Planned End: 6
	As-Built	As-Planned	Difference
Material:	$0.00	$0.00	$0.00
Labor:	$0.00	$0.00	$0.00
Indirect:	$2700.00	$0.00	$2700.00


Activity 4_Assemble Bridge: Week 97 As-Planned Start: 10 As-Planned End: 13
	As-Built	As-Planned	Difference
Material:	$0.00	$0.00	$0.00
Labor:	$0.00	$0.00	$0.00
Indirect:	$0.00	$0.00	$0.00

Stock Value:
	$0.00	$0.00

Totals
	As-Built	As-Planned	Difference
Material:	$55000.00	$0.00	$55000.00
Labor:	$175061.76	$0.00	$175061.76
Indirect:	$258000.01	$0.00	$258000.01


Resource Usage -----------------------------------------------

Activity 5 - 5_Load Test: Week 97 As-Planned Start: 13 As-Planned End: 14
	Labor:
		5_Load Test Crew:
		LaborType	As-Built	As-Planned	Difference
		(labor)Equipment Operator :	0	0	0
		(labor)Worker:	0	0	0
		(labor)Foreman:	0	0	0
		(equi)Load Testing Machine:	0	0	0

	Materials:
		Material	As-Built	As-Planned	Difference
		test:	0	0	0

Activity 3 - 3_Assemble Trusses: Week 97 As-Planned Start: 6 As-Planned End: 10
	Labor:
		3_Trusses Assemble Crew:
		LaborType	As-Built	As-Planned	Difference
		(labor)Worker:	0	0	0
		(labor)Foreman:	0	0	0

	Materials:
		Material	As-Built	As-Planned	Difference
		truss connections:	0	0	0

Activity 2 - 2_Cutting Members: Week 97 As-Planned Start: 3 As-Planned End: 6
	Labor:
		2_Cutting Crew:
		LaborType	As-Built	As-Planned	Difference
		(labor)Equipment Operator :	1	0	1
		(labor)Worker:	3	0	3
		(labor)Foreman:	1	0	1
		(equi)Cutting Machine:	1	0	1

	Materials:
		Material	As-Built	As-Planned	Difference
		cutting members:	0	0	0

Activity 4 - 4_Assemble Bridge: Week 97 As-Planned Start: 10 As-Planned End: 13
	Labor:
		4_Bridge Assemble Crew:
		LaborType	As-Built	As-Planned	Difference
		(labor)Equipment Operator :	0	0	0
		(labor)Worker:	0	0	0
		(labor)Foreman:	0	0	0
		(equi)Crane:	0	0	0

	Materials:
		Material	As-Built	As-Planned	Difference
		bridge decking:	0	0	0
--------------------------------------------------------------

The rate for 2_Cutting Members is 0.0
New Rate is: 0.0

*************************
HistoryTimeID is: 7015.
*************************

2_Cutting Members

Activity 5_Load Test: Week 98 As-Planned Start: 13 As-Planned End: 14
	As-Built	As-Planned	Difference
Material:	$0.00	$0.00	$0.00
Labor:	$0.00	$0.00	$0.00
Indirect:	$0.00	$0.00	$0.00


Activity 3_Assemble Trusses: Week 98 As-Planned Start: 6 As-Planned End: 10
	As-Built	As-Planned	Difference
Material:	$0.00	$0.00	$0.00
Labor:	$0.00	$0.00	$0.00
Indirect:	$0.00	$0.00	$0.00


Activity 2_Cutting Members: Week 98 As-Planned Start: 3 As-Planned End: 6
	As-Built	As-Planned	Difference
Material:	$0.00	$0.00	$0.00
Labor:	$0.00	$0.00	$0.00
Indirect:	$2700.00	$0.00	$2700.00


Activity 4_Assemble Bridge: Week 98 As-Planned Start: 10 As-Planned End: 13
	As-Built	As-Planned	Difference
Material:	$0.00	$0.00	$0.00
Labor:	$0.00	$0.00	$0.00
Indirect:	$0.00	$0.00	$0.00

Stock Value:
	$0.00	$0.00

Totals
	As-Built	As-Planned	Difference
Material:	$55000.00	$0.00	$55000.00
Labor:	$175061.76	$0.00	$175061.76
Indirect:	$260700.01	$0.00	$260700.01


Resource Usage -----------------------------------------------

Activity 5 - 5_Load Test: Week 98 As-Planned Start: 13 As-Planned End: 14
	Labor:
		5_Load Test Crew:
		LaborType	As-Built	As-Planned	Difference
		(labor)Equipment Operator :	0	0	0
		(labor)Worker:	0	0	0
		(labor)Foreman:	0	0	0
		(equi)Load Testing Machine:	0	0	0

	Materials:
		Material	As-Built	As-Planned	Difference
		test:	0	0	0

Activity 3 - 3_Assemble Trusses: Week 98 As-Planned Start: 6 As-Planned End: 10
	Labor:
		3_Trusses Assemble Crew:
		LaborType	As-Built	As-Planned	Difference
		(labor)Worker:	0	0	0
		(labor)Foreman:	0	0	0

	Materials:
		Material	As-Built	As-Planned	Difference
		truss connections:	0	0	0

Activity 2 - 2_Cutting Members: Week 98 As-Planned Start: 3 As-Planned End: 6
	Labor:
		2_Cutting Crew:
		LaborType	As-Built	As-Planned	Difference
		(labor)Equipment Operator :	1	0	1
		(labor)Worker:	3	0	3
		(labor)Foreman:	1	0	1
		(equi)Cutting Machine:	1	0	1

	Materials:
		Material	As-Built	As-Planned	Difference
		cutting members:	0	0	0

Activity 4 - 4_Assemble Bridge: Week 98 As-Planned Start: 10 As-Planned End: 13
	Labor:
		4_Bridge Assemble Crew:
		LaborType	As-Built	As-Planned	Difference
		(labor)Equipment Operator :	0	0	0
		(labor)Worker:	0	0	0
		(labor)Foreman:	0	0	0
		(equi)Crane:	0	0	0

	Materials:
		Material	As-Built	As-Planned	Difference
		bridge decking:	0	0	0
--------------------------------------------------------------

The rate for 2_Cutting Members is 0.0
New Rate is: 0.0

*************************
HistoryTimeID is: 7016.
*************************

2_Cutting Members

Activity 5_Load Test: Week 99 As-Planned Start: 13 As-Planned End: 14
	As-Built	As-Planned	Difference
Material:	$0.00	$0.00	$0.00
Labor:	$0.00	$0.00	$0.00
Indirect:	$0.00	$0.00	$0.00


Activity 3_Assemble Trusses: Week 99 As-Planned Start: 6 As-Planned End: 10
	As-Built	As-Planned	Difference
Material:	$0.00	$0.00	$0.00
Labor:	$0.00	$0.00	$0.00
Indirect:	$0.00	$0.00	$0.00


Activity 2_Cutting Members: Week 99 As-Planned Start: 3 As-Planned End: 6
	As-Built	As-Planned	Difference
Material:	$0.00	$0.00	$0.00
Labor:	$2539.12	$0.00	$2539.12
Indirect:	$2700.00	$0.00	$2700.00


Activity 4_Assemble Bridge: Week 99 As-Planned Start: 10 As-Planned End: 13
	As-Built	As-Planned	Difference
Material:	$0.00	$0.00	$0.00
Labor:	$0.00	$0.00	$0.00
Indirect:	$0.00	$0.00	$0.00

Stock Value:
	$0.00	$0.00

Totals
	As-Built	As-Planned	Difference
Material:	$55000.00	$0.00	$55000.00
Labor:	$177600.88	$0.00	$177600.88
Indirect:	$263400.01	$0.00	$263400.01


Resource Usage -----------------------------------------------

Activity 5 - 5_Load Test: Week 99 As-Planned Start: 13 As-Planned End: 14
	Labor:
		5_Load Test Crew:
		LaborType	As-Built	As-Planned	Difference
		(labor)Equipment Operator :	0	0	0
		(labor)Worker:	0	0	0
		(labor)Foreman:	0	0	0
		(equi)Load Testing Machine:	0	0	0

	Materials:
		Material	As-Built	As-Planned	Difference
		test:	0	0	0

Activity 3 - 3_Assemble Trusses: Week 99 As-Planned Start: 6 As-Planned End: 10
	Labor:
		3_Trusses Assemble Crew:
		LaborType	As-Built	As-Planned	Difference
		(labor)Worker:	0	0	0
		(labor)Foreman:	0	0	0

	Materials:
		Material	As-Built	As-Planned	Difference
		truss connections:	0	0	0

Activity 2 - 2_Cutting Members: Week 99 As-Planned Start: 3 As-Planned End: 6
	Labor:
		2_Cutting Crew:
		LaborType	As-Built	As-Planned	Difference
		(labor)Equipment Operator :	1	0	1
		(labor)Worker:	3	0	3
		(labor)Foreman:	1	0	1
		(equi)Cutting Machine:	1	0	1

	Materials:
		Material	As-Built	As-Planned	Difference
		cutting members:	0	0	0

Activity 4 - 4_Assemble Bridge: Week 99 As-Planned Start: 10 As-Planned End: 13
	Labor:
		4_Bridge Assemble Crew:
		LaborType	As-Built	As-Planned	Difference
		(labor)Equipment Operator :	0	0	0
		(labor)Worker:	0	0	0
		(labor)Foreman:	0	0	0
		(equi)Crane:	0	0	0

	Materials:
		Material	As-Built	As-Planned	Difference
		bridge decking:	0	0	0
--------------------------------------------------------------

The rate for 2_Cutting Members is 0.0
New Rate is: 0.0

*************************
HistoryTimeID is: 7017.
*************************

2_Cutting Members

Activity 5_Load Test: Week 100 As-Planned Start: 13 As-Planned End: 14
	As-Built	As-Planned	Difference
Material:	$0.00	$0.00	$0.00
Labor:	$0.00	$0.00	$0.00
Indirect:	$0.00	$0.00	$0.00


Activity 3_Assemble Trusses: Week 100 As-Planned Start: 6 As-Planned End: 10
	As-Built	As-Planned	Difference
Material:	$0.00	$0.00	$0.00
Labor:	$0.00	$0.00	$0.00
Indirect:	$0.00	$0.00	$0.00


Activity 2_Cutting Members: Week 100 As-Planned Start: 3 As-Planned End: 6
	As-Built	As-Planned	Difference
Material:	$0.00	$0.00	$0.00
Labor:	$2539.12	$0.00	$2539.12
Indirect:	$2700.00	$0.00	$2700.00


Activity 4_Assemble Bridge: Week 100 As-Planned Start: 10 As-Planned End: 13
	As-Built	As-Planned	Difference
Material:	$0.00	$0.00	$0.00
Labor:	$0.00	$0.00	$0.00
Indirect:	$0.00	$0.00	$0.00

Stock Value:
	$0.00	$0.00

Totals
	As-Built	As-Planned	Difference
Material:	$55000.00	$0.00	$55000.00
Labor:	$180140.00	$0.00	$180140.00
Indirect:	$266100.01	$0.00	$266100.01


Resource Usage -----------------------------------------------

Activity 5 - 5_Load Test: Week 100 As-Planned Start: 13 As-Planned End: 14
	Labor:
		5_Load Test Crew:
		LaborType	As-Built	As-Planned	Difference
		(labor)Equipment Operator :	0	0	0
		(labor)Worker:	0	0	0
		(labor)Foreman:	0	0	0
		(equi)Load Testing Machine:	0	0	0

	Materials:
		Material	As-Built	As-Planned	Difference
		test:	0	0	0

Activity 3 - 3_Assemble Trusses: Week 100 As-Planned Start: 6 As-Planned End: 10
	Labor:
		3_Trusses Assemble Crew:
		LaborType	As-Built	As-Planned	Difference
		(labor)Worker:	0	0	0
		(labor)Foreman:	0	0	0

	Materials:
		Material	As-Built	As-Planned	Difference
		truss connections:	0	0	0

Activity 2 - 2_Cutting Members: Week 100 As-Planned Start: 3 As-Planned End: 6
	Labor:
		2_Cutting Crew:
		LaborType	As-Built	As-Planned	Difference
		(labor)Equipment Operator :	1	0	1
		(labor)Worker:	3	0	3
		(labor)Foreman:	1	0	1
		(equi)Cutting Machine:	1	0	1

	Materials:
		Material	As-Built	As-Planned	Difference
		cutting members:	0	0	0

Activity 4 - 4_Assemble Bridge: Week 100 As-Planned Start: 10 As-Planned End: 13
	Labor:
		4_Bridge Assemble Crew:
		LaborType	As-Built	As-Planned	Difference
		(labor)Equipment Operator :	0	0	0
		(labor)Worker:	0	0	0
		(labor)Foreman:	0	0	0
		(equi)Crane:	0	0	0

	Materials:
		Material	As-Built	As-Planned	Difference
		bridge decking:	0	0	0
--------------------------------------------------------------

The rate for 2_Cutting Members is 0.0
New Rate is: 0.0

*************************
HistoryTimeID is: 7018.
*************************

2_Cutting Members

Activity 5_Load Test: Week 101 As-Planned Start: 13 As-Planned End: 14
	As-Built	As-Planned	Difference
Material:	$0.00	$0.00	$0.00
Labor:	$0.00	$0.00	$0.00
Indirect:	$0.00	$0.00	$0.00


Activity 3_Assemble Trusses: Week 101 As-Planned Start: 6 As-Planned End: 10
	As-Built	As-Planned	Difference
Material:	$0.00	$0.00	$0.00
Labor:	$0.00	$0.00	$0.00
Indirect:	$0.00	$0.00	$0.00


Activity 2_Cutting Members: Week 101 As-Planned Start: 3 As-Planned End: 6
	As-Built	As-Planned	Difference
Material:	$0.00	$0.00	$0.00
Labor:	$2539.12	$0.00	$2539.12
Indirect:	$2700.00	$0.00	$2700.00


Activity 4_Assemble Bridge: Week 101 As-Planned Start: 10 As-Planned End: 13
	As-Built	As-Planned	Difference
Material:	$0.00	$0.00	$0.00
Labor:	$0.00	$0.00	$0.00
Indirect:	$0.00	$0.00	$0.00

Stock Value:
	$0.00	$0.00

Totals
	As-Built	As-Planned	Difference
Material:	$55000.00	$0.00	$55000.00
Labor:	$182679.12	$0.00	$182679.12
Indirect:	$268800.01	$0.00	$268800.01


Resource Usage -----------------------------------------------

Activity 5 - 5_Load Test: Week 101 As-Planned Start: 13 As-Planned End: 14
	Labor:
		5_Load Test Crew:
		LaborType	As-Built	As-Planned	Difference
		(labor)Equipment Operator :	0	0	0
		(labor)Worker:	0	0	0
		(labor)Foreman:	0	0	0
		(equi)Load Testing Machine:	0	0	0

	Materials:
		Material	As-Built	As-Planned	Difference
		test:	0	0	0

Activity 3 - 3_Assemble Trusses: Week 101 As-Planned Start: 6 As-Planned End: 10
	Labor:
		3_Trusses Assemble Crew:
		LaborType	As-Built	As-Planned	Difference
		(labor)Worker:	0	0	0
		(labor)Foreman:	0	0	0

	Materials:
		Material	As-Built	As-Planned	Difference
		truss connections:	0	0	0

Activity 2 - 2_Cutting Members: Week 101 As-Planned Start: 3 As-Planned End: 6
	Labor:
		2_Cutting Crew:
		LaborType	As-Built	As-Planned	Difference
		(labor)Equipment Operator :	1	0	1
		(labor)Worker:	3	0	3
		(labor)Foreman:	1	0	1
		(equi)Cutting Machine:	1	0	1

	Materials:
		Material	As-Built	As-Planned	Difference
		cutting members:	0	0	0

Activity 4 - 4_Assemble Bridge: Week 101 As-Planned Start: 10 As-Planned End: 13
	Labor:
		4_Bridge Assemble Crew:
		LaborType	As-Built	As-Planned	Difference
		(labor)Equipment Operator :	0	0	0
		(labor)Worker:	0	0	0
		(labor)Foreman:	0	0	0
		(equi)Crane:	0	0	0

	Materials:
		Material	As-Built	As-Planned	Difference
		bridge decking:	0	0	0
--------------------------------------------------------------

The rate for 2_Cutting Members is 0.0
New Rate is: 0.0

*************************
HistoryTimeID is: 7019.
*************************

2_Cutting Members

Activity 5_Load Test: Week 102 As-Planned Start: 13 As-Planned End: 14
	As-Built	As-Planned	Difference
Material:	$0.00	$0.00	$0.00
Labor:	$0.00	$0.00	$0.00
Indirect:	$0.00	$0.00	$0.00


Activity 3_Assemble Trusses: Week 102 As-Planned Start: 6 As-Planned End: 10
	As-Built	As-Planned	Difference
Material:	$0.00	$0.00	$0.00
Labor:	$0.00	$0.00	$0.00
Indirect:	$0.00	$0.00	$0.00


Activity 2_Cutting Members: Week 102 As-Planned Start: 3 As-Planned End: 6
	As-Built	As-Planned	Difference
Material:	$0.00	$0.00	$0.00
Labor:	$2539.12	$0.00	$2539.12
Indirect:	$2700.00	$0.00	$2700.00


Activity 4_Assemble Bridge: Week 102 As-Planned Start: 10 As-Planned End: 13
	As-Built	As-Planned	Difference
Material:	$0.00	$0.00	$0.00
Labor:	$0.00	$0.00	$0.00
Indirect:	$0.00	$0.00	$0.00

Stock Value:
	$0.00	$0.00

Totals
	As-Built	As-Planned	Difference
Material:	$55000.00	$0.00	$55000.00
Labor:	$185218.24	$0.00	$185218.24
Indirect:	$271500.01	$0.00	$271500.01


Resource Usage -----------------------------------------------

Activity 5 - 5_Load Test: Week 102 As-Planned Start: 13 As-Planned End: 14
	Labor:
		5_Load Test Crew:
		LaborType	As-Built	As-Planned	Difference
		(labor)Equipment Operator :	0	0	0
		(labor)Worker:	0	0	0
		(labor)Foreman:	0	0	0
		(equi)Load Testing Machine:	0	0	0

	Materials:
		Material	As-Built	As-Planned	Difference
		test:	0	0	0

Activity 3 - 3_Assemble Trusses: Week 102 As-Planned Start: 6 As-Planned End: 10
	Labor:
		3_Trusses Assemble Crew:
		LaborType	As-Built	As-Planned	Difference
		(labor)Worker:	0	0	0
		(labor)Foreman:	0	0	0

	Materials:
		Material	As-Built	As-Planned	Difference
		truss connections:	0	0	0

Activity 2 - 2_Cutting Members: Week 102 As-Planned Start: 3 As-Planned End: 6
	Labor:
		2_Cutting Crew:
		LaborType	As-Built	As-Planned	Difference
		(labor)Equipment Operator :	1	0	1
		(labor)Worker:	3	0	3
		(labor)Foreman:	1	0	1
		(equi)Cutting Machine:	1	0	1

	Materials:
		Material	As-Built	As-Planned	Difference
		cutting members:	0	0	0

Activity 4 - 4_Assemble Bridge: Week 102 As-Planned Start: 10 As-Planned End: 13
	Labor:
		4_Bridge Assemble Crew:
		LaborType	As-Built	As-Planned	Difference
		(labor)Equipment Operator :	0	0	0
		(labor)Worker:	0	0	0
		(labor)Foreman:	0	0	0
		(equi)Crane:	0	0	0

	Materials:
		Material	As-Built	As-Planned	Difference
		bridge decking:	0	0	0
--------------------------------------------------------------

The rate for 2_Cutting Members is 0.0
New Rate is: 0.0

*************************
HistoryTimeID is: 7020.
*************************

2_Cutting Members

Activity 5_Load Test: Week 103 As-Planned Start: 13 As-Planned End: 14
	As-Built	As-Planned	Difference
Material:	$0.00	$0.00	$0.00
Labor:	$0.00	$0.00	$0.00
Indirect:	$0.00	$0.00	$0.00


Activity 3_Assemble Trusses: Week 103 As-Planned Start: 6 As-Planned End: 10
	As-Built	As-Planned	Difference
Material:	$0.00	$0.00	$0.00
Labor:	$0.00	$0.00	$0.00
Indirect:	$0.00	$0.00	$0.00


Activity 2_Cutting Members: Week 103 As-Planned Start: 3 As-Planned End: 6
	As-Built	As-Planned	Difference
Material:	$0.00	$0.00	$0.00
Labor:	$2539.12	$0.00	$2539.12
Indirect:	$2700.00	$0.00	$2700.00


Activity 4_Assemble Bridge: Week 103 As-Planned Start: 10 As-Planned End: 13
	As-Built	As-Planned	Difference
Material:	$0.00	$0.00	$0.00
Labor:	$0.00	$0.00	$0.00
Indirect:	$0.00	$0.00	$0.00

Stock Value:
	$0.00	$0.00

Totals
	As-Built	As-Planned	Difference
Material:	$55000.00	$0.00	$55000.00
Labor:	$187757.36	$0.00	$187757.36
Indirect:	$274200.01	$0.00	$274200.01


Resource Usage -----------------------------------------------

Activity 5 - 5_Load Test: Week 103 As-Planned Start: 13 As-Planned End: 14
	Labor:
		5_Load Test Crew:
		LaborType	As-Built	As-Planned	Difference
		(labor)Equipment Operator :	0	0	0
		(labor)Worker:	0	0	0
		(labor)Foreman:	0	0	0
		(equi)Load Testing Machine:	0	0	0

	Materials:
		Material	As-Built	As-Planned	Difference
		test:	0	0	0

Activity 3 - 3_Assemble Trusses: Week 103 As-Planned Start: 6 As-Planned End: 10
	Labor:
		3_Trusses Assemble Crew:
		LaborType	As-Built	As-Planned	Difference
		(labor)Worker:	0	0	0
		(labor)Foreman:	0	0	0

	Materials:
		Material	As-Built	As-Planned	Difference
		truss connections:	0	0	0

Activity 2 - 2_Cutting Members: Week 103 As-Planned Start: 3 As-Planned End: 6
	Labor:
		2_Cutting Crew:
		LaborType	As-Built	As-Planned	Difference
		(labor)Equipment Operator :	1	0	1
		(labor)Worker:	3	0	3
		(labor)Foreman:	1	0	1
		(equi)Cutting Machine:	1	0	1

	Materials:
		Material	As-Built	As-Planned	Difference
		cutting members:	0	0	0

Activity 4 - 4_Assemble Bridge: Week 103 As-Planned Start: 10 As-Planned End: 13
	Labor:
		4_Bridge Assemble Crew:
		LaborType	As-Built	As-Planned	Difference
		(labor)Equipment Operator :	0	0	0
		(labor)Worker:	0	0	0
		(labor)Foreman:	0	0	0
		(equi)Crane:	0	0	0

	Materials:
		Material	As-Built	As-Planned	Difference
		bridge decking:	0	0	0
--------------------------------------------------------------

The rate for 2_Cutting Members is 0.0
New Rate is: 0.0

*************************
HistoryTimeID is: 7021.
*************************

2_Cutting Members

Activity 5_Load Test: Week 104 As-Planned Start: 13 As-Planned End: 14
	As-Built	As-Planned	Difference
Material:	$0.00	$0.00	$0.00
Labor:	$0.00	$0.00	$0.00
Indirect:	$0.00	$0.00	$0.00


Activity 3_Assemble Trusses: Week 104 As-Planned Start: 6 As-Planned End: 10
	As-Built	As-Planned	Difference
Material:	$0.00	$0.00	$0.00
Labor:	$0.00	$0.00	$0.00
Indirect:	$0.00	$0.00	$0.00


Activity 2_Cutting Members: Week 104 As-Planned Start: 3 As-Planned End: 6
	As-Built	As-Planned	Difference
Material:	$0.00	$0.00	$0.00
Labor:	$0.00	$0.00	$0.00
Indirect:	$2700.00	$0.00	$2700.00


Activity 4_Assemble Bridge: Week 104 As-Planned Start: 10 As-Planned End: 13
	As-Built	As-Planned	Difference
Material:	$0.00	$0.00	$0.00
Labor:	$0.00	$0.00	$0.00
Indirect:	$0.00	$0.00	$0.00

Stock Value:
	$0.00	$0.00

Totals
	As-Built	As-Planned	Difference
Material:	$55000.00	$0.00	$55000.00
Labor:	$187757.36	$0.00	$187757.36
Indirect:	$276900.01	$0.00	$276900.01


Resource Usage -----------------------------------------------

Activity 5 - 5_Load Test: Week 104 As-Planned Start: 13 As-Planned End: 14
	Labor:
		5_Load Test Crew:
		LaborType	As-Built	As-Planned	Difference
		(labor)Equipment Operator :	0	0	0
		(labor)Worker:	0	0	0
		(labor)Foreman:	0	0	0
		(equi)Load Testing Machine:	0	0	0

	Materials:
		Material	As-Built	As-Planned	Difference
		test:	0	0	0

Activity 3 - 3_Assemble Trusses: Week 104 As-Planned Start: 6 As-Planned End: 10
	Labor:
		3_Trusses Assemble Crew:
		LaborType	As-Built	As-Planned	Difference
		(labor)Worker:	0	0	0
		(labor)Foreman:	0	0	0

	Materials:
		Material	As-Built	As-Planned	Difference
		truss connections:	0	0	0

Activity 2 - 2_Cutting Members: Week 104 As-Planned Start: 3 As-Planned End: 6
	Labor:
		2_Cutting Crew:
		LaborType	As-Built	As-Planned	Difference
		(labor)Equipment Operator :	1	0	1
		(labor)Worker:	3	0	3
		(labor)Foreman:	1	0	1
		(equi)Cutting Machine:	1	0	1

	Materials:
		Material	As-Built	As-Planned	Difference
		cutting members:	0	0	0

Activity 4 - 4_Assemble Bridge: Week 104 As-Planned Start: 10 As-Planned End: 13
	Labor:
		4_Bridge Assemble Crew:
		LaborType	As-Built	As-Planned	Difference
		(labor)Equipment Operator :	0	0	0
		(labor)Worker:	0	0	0
		(labor)Foreman:	0	0	0
		(equi)Crane:	0	0	0

	Materials:
		Material	As-Built	As-Planned	Difference
		bridge decking:	0	0	0
--------------------------------------------------------------

The rate for 2_Cutting Members is 0.0
New Rate is: 0.0

*************************
HistoryTimeID is: 7022.
*************************

2_Cutting Members

Activity 5_Load Test: Week 105 As-Planned Start: 13 As-Planned End: 14
	As-Built	As-Planned	Difference
Material:	$0.00	$0.00	$0.00
Labor:	$0.00	$0.00	$0.00
Indirect:	$0.00	$0.00	$0.00


Activity 3_Assemble Trusses: Week 105 As-Planned Start: 6 As-Planned End: 10
	As-Built	As-Planned	Difference
Material:	$0.00	$0.00	$0.00
Labor:	$0.00	$0.00	$0.00
Indirect:	$0.00	$0.00	$0.00


Activity 2_Cutting Members: Week 105 As-Planned Start: 3 As-Planned End: 6
	As-Built	As-Planned	Difference
Material:	$0.00	$0.00	$0.00
Labor:	$0.00	$0.00	$0.00
Indirect:	$2700.00	$0.00	$2700.00


Activity 4_Assemble Bridge: Week 105 As-Planned Start: 10 As-Planned End: 13
	As-Built	As-Planned	Difference
Material:	$0.00	$0.00	$0.00
Labor:	$0.00	$0.00	$0.00
Indirect:	$0.00	$0.00	$0.00

Stock Value:
	$0.00	$0.00

Totals
	As-Built	As-Planned	Difference
Material:	$55000.00	$0.00	$55000.00
Labor:	$187757.36	$0.00	$187757.36
Indirect:	$279600.01	$0.00	$279600.01


Resource Usage -----------------------------------------------

Activity 5 - 5_Load Test: Week 105 As-Planned Start: 13 As-Planned End: 14
	Labor:
		5_Load Test Crew:
		LaborType	As-Built	As-Planned	Difference
		(labor)Equipment Operator :	0	0	0
		(labor)Worker:	0	0	0
		(labor)Foreman:	0	0	0
		(equi)Load Testing Machine:	0	0	0

	Materials:
		Material	As-Built	As-Planned	Difference
		test:	0	0	0

Activity 3 - 3_Assemble Trusses: Week 105 As-Planned Start: 6 As-Planned End: 10
	Labor:
		3_Trusses Assemble Crew:
		LaborType	As-Built	As-Planned	Difference
		(labor)Worker:	0	0	0
		(labor)Foreman:	0	0	0

	Materials:
		Material	As-Built	As-Planned	Difference
		truss connections:	0	0	0

Activity 2 - 2_Cutting Members: Week 105 As-Planned Start: 3 As-Planned End: 6
	Labor:
		2_Cutting Crew:
		LaborType	As-Built	As-Planned	Difference
		(labor)Equipment Operator :	1	0	1
		(labor)Worker:	3	0	3
		(labor)Foreman:	1	0	1
		(equi)Cutting Machine:	1	0	1

	Materials:
		Material	As-Built	As-Planned	Difference
		cutting members:	0	0	0

Activity 4 - 4_Assemble Bridge: Week 105 As-Planned Start: 10 As-Planned End: 13
	Labor:
		4_Bridge Assemble Crew:
		LaborType	As-Built	As-Planned	Difference
		(labor)Equipment Operator :	0	0	0
		(labor)Worker:	0	0	0
		(labor)Foreman:	0	0	0
		(equi)Crane:	0	0	0

	Materials:
		Material	As-Built	As-Planned	Difference
		bridge decking:	0	0	0
--------------------------------------------------------------

The rate for 2_Cutting Members is 0.0
New Rate is: 0.0

*************************
HistoryTimeID is: 7023.
*************************

2_Cutting Members

Activity 5_Load Test: Week 106 As-Planned Start: 13 As-Planned End: 14
	As-Built	As-Planned	Difference
Material:	$0.00	$0.00	$0.00
Labor:	$0.00	$0.00	$0.00
Indirect:	$0.00	$0.00	$0.00


Activity 3_Assemble Trusses: Week 106 As-Planned Start: 6 As-Planned End: 10
	As-Built	As-Planned	Difference
Material:	$0.00	$0.00	$0.00
Labor:	$0.00	$0.00	$0.00
Indirect:	$0.00	$0.00	$0.00


Activity 2_Cutting Members: Week 106 As-Planned Start: 3 As-Planned End: 6
	As-Built	As-Planned	Difference
Material:	$0.00	$0.00	$0.00
Labor:	$2539.12	$0.00	$2539.12
Indirect:	$2700.00	$0.00	$2700.00


Activity 4_Assemble Bridge: Week 106 As-Planned Start: 10 As-Planned End: 13
	As-Built	As-Planned	Difference
Material:	$0.00	$0.00	$0.00
Labor:	$0.00	$0.00	$0.00
Indirect:	$0.00	$0.00	$0.00

Stock Value:
	$0.00	$0.00

Totals
	As-Built	As-Planned	Difference
Material:	$55000.00	$0.00	$55000.00
Labor:	$190296.48	$0.00	$190296.48
Indirect:	$282300.01	$0.00	$282300.01


Resource Usage -----------------------------------------------

Activity 5 - 5_Load Test: Week 106 As-Planned Start: 13 As-Planned End: 14
	Labor:
		5_Load Test Crew:
		LaborType	As-Built	As-Planned	Difference
		(labor)Equipment Operator :	0	0	0
		(labor)Worker:	0	0	0
		(labor)Foreman:	0	0	0
		(equi)Load Testing Machine:	0	0	0

	Materials:
		Material	As-Built	As-Planned	Difference
		test:	0	0	0

Activity 3 - 3_Assemble Trusses: Week 106 As-Planned Start: 6 As-Planned End: 10
	Labor:
		3_Trusses Assemble Crew:
		LaborType	As-Built	As-Planned	Difference
		(labor)Worker:	0	0	0
		(labor)Foreman:	0	0	0

	Materials:
		Material	As-Built	As-Planned	Difference
		truss connections:	0	0	0

Activity 2 - 2_Cutting Members: Week 106 As-Planned Start: 3 As-Planned End: 6
	Labor:
		2_Cutting Crew:
		LaborType	As-Built	As-Planned	Difference
		(labor)Equipment Operator :	1	0	1
		(labor)Worker:	3	0	3
		(labor)Foreman:	1	0	1
		(equi)Cutting Machine:	1	0	1

	Materials:
		Material	As-Built	As-Planned	Difference
		cutting members:	0	0	0

Activity 4 - 4_Assemble Bridge: Week 106 As-Planned Start: 10 As-Planned End: 13
	Labor:
		4_Bridge Assemble Crew:
		LaborType	As-Built	As-Planned	Difference
		(labor)Equipment Operator :	0	0	0
		(labor)Worker:	0	0	0
		(labor)Foreman:	0	0	0
		(equi)Crane:	0	0	0

	Materials:
		Material	As-Built	As-Planned	Difference
		bridge decking:	0	0	0
--------------------------------------------------------------

The rate for 2_Cutting Members is 0.0
New Rate is: 0.0

*************************
HistoryTimeID is: 7024.
*************************

2_Cutting Members

Activity 5_Load Test: Week 107 As-Planned Start: 13 As-Planned End: 14
	As-Built	As-Planned	Difference
Material:	$0.00	$0.00	$0.00
Labor:	$0.00	$0.00	$0.00
Indirect:	$0.00	$0.00	$0.00


Activity 3_Assemble Trusses: Week 107 As-Planned Start: 6 As-Planned End: 10
	As-Built	As-Planned	Difference
Material:	$0.00	$0.00	$0.00
Labor:	$0.00	$0.00	$0.00
Indirect:	$0.00	$0.00	$0.00


Activity 2_Cutting Members: Week 107 As-Planned Start: 3 As-Planned End: 6
	As-Built	As-Planned	Difference
Material:	$0.00	$0.00	$0.00
Labor:	$2539.12	$0.00	$2539.12
Indirect:	$2700.00	$0.00	$2700.00


Activity 4_Assemble Bridge: Week 107 As-Planned Start: 10 As-Planned End: 13
	As-Built	As-Planned	Difference
Material:	$0.00	$0.00	$0.00
Labor:	$0.00	$0.00	$0.00
Indirect:	$0.00	$0.00	$0.00

Stock Value:
	$0.00	$0.00

Totals
	As-Built	As-Planned	Difference
Material:	$55000.00	$0.00	$55000.00
Labor:	$192835.60	$0.00	$192835.60
Indirect:	$285000.01	$0.00	$285000.01


Resource Usage -----------------------------------------------

Activity 5 - 5_Load Test: Week 107 As-Planned Start: 13 As-Planned End: 14
	Labor:
		5_Load Test Crew:
		LaborType	As-Built	As-Planned	Difference
		(labor)Equipment Operator :	0	0	0
		(labor)Worker:	0	0	0
		(labor)Foreman:	0	0	0
		(equi)Load Testing Machine:	0	0	0

	Materials:
		Material	As-Built	As-Planned	Difference
		test:	0	0	0

Activity 3 - 3_Assemble Trusses: Week 107 As-Planned Start: 6 As-Planned End: 10
	Labor:
		3_Trusses Assemble Crew:
		LaborType	As-Built	As-Planned	Difference
		(labor)Worker:	0	0	0
		(labor)Foreman:	0	0	0

	Materials:
		Material	As-Built	As-Planned	Difference
		truss connections:	0	0	0

Activity 2 - 2_Cutting Members: Week 107 As-Planned Start: 3 As-Planned End: 6
	Labor:
		2_Cutting Crew:
		LaborType	As-Built	As-Planned	Difference
		(labor)Equipment Operator :	1	0	1
		(labor)Worker:	3	0	3
		(labor)Foreman:	1	0	1
		(equi)Cutting Machine:	1	0	1

	Materials:
		Material	As-Built	As-Planned	Difference
		cutting members:	0	0	0

Activity 4 - 4_Assemble Bridge: Week 107 As-Planned Start: 10 As-Planned End: 13
	Labor:
		4_Bridge Assemble Crew:
		LaborType	As-Built	As-Planned	Difference
		(labor)Equipment Operator :	0	0	0
		(labor)Worker:	0	0	0
		(labor)Foreman:	0	0	0
		(equi)Crane:	0	0	0

	Materials:
		Material	As-Built	As-Planned	Difference
		bridge decking:	0	0	0
--------------------------------------------------------------

The rate for 2_Cutting Members is 0.0
New Rate is: 0.0

*************************
HistoryTimeID is: 7025.
*************************

2_Cutting Members

Activity 5_Load Test: Week 108 As-Planned Start: 13 As-Planned End: 14
	As-Built	As-Planned	Difference
Material:	$0.00	$0.00	$0.00
Labor:	$0.00	$0.00	$0.00
Indirect:	$0.00	$0.00	$0.00


Activity 3_Assemble Trusses: Week 108 As-Planned Start: 6 As-Planned End: 10
	As-Built	As-Planned	Difference
Material:	$0.00	$0.00	$0.00
Labor:	$0.00	$0.00	$0.00
Indirect:	$0.00	$0.00	$0.00


Activity 2_Cutting Members: Week 108 As-Planned Start: 3 As-Planned End: 6
	As-Built	As-Planned	Difference
Material:	$0.00	$0.00	$0.00
Labor:	$2539.12	$0.00	$2539.12
Indirect:	$2700.00	$0.00	$2700.00


Activity 4_Assemble Bridge: Week 108 As-Planned Start: 10 As-Planned End: 13
	As-Built	As-Planned	Difference
Material:	$0.00	$0.00	$0.00
Labor:	$0.00	$0.00	$0.00
Indirect:	$0.00	$0.00	$0.00

Stock Value:
	$0.00	$0.00

Totals
	As-Built	As-Planned	Difference
Material:	$55000.00	$0.00	$55000.00
Labor:	$195374.72	$0.00	$195374.72
Indirect:	$287700.01	$0.00	$287700.01


Resource Usage -----------------------------------------------

Activity 5 - 5_Load Test: Week 108 As-Planned Start: 13 As-Planned End: 14
	Labor:
		5_Load Test Crew:
		LaborType	As-Built	As-Planned	Difference
		(labor)Equipment Operator :	0	0	0
		(labor)Worker:	0	0	0
		(labor)Foreman:	0	0	0
		(equi)Load Testing Machine:	0	0	0

	Materials:
		Material	As-Built	As-Planned	Difference
		test:	0	0	0

Activity 3 - 3_Assemble Trusses: Week 108 As-Planned Start: 6 As-Planned End: 10
	Labor:
		3_Trusses Assemble Crew:
		LaborType	As-Built	As-Planned	Difference
		(labor)Worker:	0	0	0
		(labor)Foreman:	0	0	0

	Materials:
		Material	As-Built	As-Planned	Difference
		truss connections:	0	0	0

Activity 2 - 2_Cutting Members: Week 108 As-Planned Start: 3 As-Planned End: 6
	Labor:
		2_Cutting Crew:
		LaborType	As-Built	As-Planned	Difference
		(labor)Equipment Operator :	1	0	1
		(labor)Worker:	3	0	3
		(labor)Foreman:	1	0	1
		(equi)Cutting Machine:	1	0	1

	Materials:
		Material	As-Built	As-Planned	Difference
		cutting members:	0	0	0

Activity 4 - 4_Assemble Bridge: Week 108 As-Planned Start: 10 As-Planned End: 13
	Labor:
		4_Bridge Assemble Crew:
		LaborType	As-Built	As-Planned	Difference
		(labor)Equipment Operator :	0	0	0
		(labor)Worker:	0	0	0
		(labor)Foreman:	0	0	0
		(equi)Crane:	0	0	0

	Materials:
		Material	As-Built	As-Planned	Difference
		bridge decking:	0	0	0
--------------------------------------------------------------

The rate for 2_Cutting Members is 0.0
New Rate is: 0.0

*************************
HistoryTimeID is: 7026.
*************************

2_Cutting Members

Activity 5_Load Test: Week 109 As-Planned Start: 13 As-Planned End: 14
	As-Built	As-Planned	Difference
Material:	$0.00	$0.00	$0.00
Labor:	$0.00	$0.00	$0.00
Indirect:	$0.00	$0.00	$0.00


Activity 3_Assemble Trusses: Week 109 As-Planned Start: 6 As-Planned End: 10
	As-Built	As-Planned	Difference
Material:	$0.00	$0.00	$0.00
Labor:	$0.00	$0.00	$0.00
Indirect:	$0.00	$0.00	$0.00


Activity 2_Cutting Members: Week 109 As-Planned Start: 3 As-Planned End: 6
	As-Built	As-Planned	Difference
Material:	$0.00	$0.00	$0.00
Labor:	$2539.12	$0.00	$2539.12
Indirect:	$2700.00	$0.00	$2700.00


Activity 4_Assemble Bridge: Week 109 As-Planned Start: 10 As-Planned End: 13
	As-Built	As-Planned	Difference
Material:	$0.00	$0.00	$0.00
Labor:	$0.00	$0.00	$0.00
Indirect:	$0.00	$0.00	$0.00

Stock Value:
	$0.00	$0.00

Totals
	As-Built	As-Planned	Difference
Material:	$55000.00	$0.00	$55000.00
Labor:	$197913.84	$0.00	$197913.84
Indirect:	$290400.01	$0.00	$290400.01


Resource Usage -----------------------------------------------

Activity 5 - 5_Load Test: Week 109 As-Planned Start: 13 As-Planned End: 14
	Labor:
		5_Load Test Crew:
		LaborType	As-Built	As-Planned	Difference
		(labor)Equipment Operator :	0	0	0
		(labor)Worker:	0	0	0
		(labor)Foreman:	0	0	0
		(equi)Load Testing Machine:	0	0	0

	Materials:
		Material	As-Built	As-Planned	Difference
		test:	0	0	0

Activity 3 - 3_Assemble Trusses: Week 109 As-Planned Start: 6 As-Planned End: 10
	Labor:
		3_Trusses Assemble Crew:
		LaborType	As-Built	As-Planned	Difference
		(labor)Worker:	0	0	0
		(labor)Foreman:	0	0	0

	Materials:
		Material	As-Built	As-Planned	Difference
		truss connections:	0	0	0

Activity 2 - 2_Cutting Members: Week 109 As-Planned Start: 3 As-Planned End: 6
	Labor:
		2_Cutting Crew:
		LaborType	As-Built	As-Planned	Difference
		(labor)Equipment Operator :	1	0	1
		(labor)Worker:	3	0	3
		(labor)Foreman:	1	0	1
		(equi)Cutting Machine:	1	0	1

	Materials:
		Material	As-Built	As-Planned	Difference
		cutting members:	0	0	0

Activity 4 - 4_Assemble Bridge: Week 109 As-Planned Start: 10 As-Planned End: 13
	Labor:
		4_Bridge Assemble Crew:
		LaborType	As-Built	As-Planned	Difference
		(labor)Equipment Operator :	0	0	0
		(labor)Worker:	0	0	0
		(labor)Foreman:	0	0	0
		(equi)Crane:	0	0	0

	Materials:
		Material	As-Built	As-Planned	Difference
		bridge decking:	0	0	0
--------------------------------------------------------------

The rate for 2_Cutting Members is 0.0
New Rate is: 0.0

*************************
HistoryTimeID is: 7027.
*************************

2_Cutting Members

Activity 5_Load Test: Week 110 As-Planned Start: 13 As-Planned End: 14
	As-Built	As-Planned	Difference
Material:	$0.00	$0.00	$0.00
Labor:	$0.00	$0.00	$0.00
Indirect:	$0.00	$0.00	$0.00


Activity 3_Assemble Trusses: Week 110 As-Planned Start: 6 As-Planned End: 10
	As-Built	As-Planned	Difference
Material:	$0.00	$0.00	$0.00
Labor:	$0.00	$0.00	$0.00
Indirect:	$0.00	$0.00	$0.00


Activity 2_Cutting Members: Week 110 As-Planned Start: 3 As-Planned End: 6
	As-Built	As-Planned	Difference
Material:	$0.00	$0.00	$0.00
Labor:	$2539.12	$0.00	$2539.12
Indirect:	$2700.00	$0.00	$2700.00


Activity 4_Assemble Bridge: Week 110 As-Planned Start: 10 As-Planned End: 13
	As-Built	As-Planned	Difference
Material:	$0.00	$0.00	$0.00
Labor:	$0.00	$0.00	$0.00
Indirect:	$0.00	$0.00	$0.00

Stock Value:
	$0.00	$0.00

Totals
	As-Built	As-Planned	Difference
Material:	$55000.00	$0.00	$55000.00
Labor:	$200452.96	$0.00	$200452.96
Indirect:	$293100.01	$0.00	$293100.01


Resource Usage -----------------------------------------------

Activity 5 - 5_Load Test: Week 110 As-Planned Start: 13 As-Planned End: 14
	Labor:
		5_Load Test Crew:
		LaborType	As-Built	As-Planned	Difference
		(labor)Equipment Operator :	0	0	0
		(labor)Worker:	0	0	0
		(labor)Foreman:	0	0	0
		(equi)Load Testing Machine:	0	0	0

	Materials:
		Material	As-Built	As-Planned	Difference
		test:	0	0	0

Activity 3 - 3_Assemble Trusses: Week 110 As-Planned Start: 6 As-Planned End: 10
	Labor:
		3_Trusses Assemble Crew:
		LaborType	As-Built	As-Planned	Difference
		(labor)Worker:	0	0	0
		(labor)Foreman:	0	0	0

	Materials:
		Material	As-Built	As-Planned	Difference
		truss connections:	0	0	0

Activity 2 - 2_Cutting Members: Week 110 As-Planned Start: 3 As-Planned End: 6
	Labor:
		2_Cutting Crew:
		LaborType	As-Built	As-Planned	Difference
		(labor)Equipment Operator :	1	0	1
		(labor)Worker:	3	0	3
		(labor)Foreman:	1	0	1
		(equi)Cutting Machine:	1	0	1

	Materials:
		Material	As-Built	As-Planned	Difference
		cutting members:	0	0	0

Activity 4 - 4_Assemble Bridge: Week 110 As-Planned Start: 10 As-Planned End: 13
	Labor:
		4_Bridge Assemble Crew:
		LaborType	As-Built	As-Planned	Difference
		(labor)Equipment Operator :	0	0	0
		(labor)Worker:	0	0	0
		(labor)Foreman:	0	0	0
		(equi)Crane:	0	0	0

	Materials:
		Material	As-Built	As-Planned	Difference
		bridge decking:	0	0	0
--------------------------------------------------------------

The rate for 2_Cutting Members is 0.0
New Rate is: 0.0

*************************
HistoryTimeID is: 7028.
*************************

2_Cutting Members

Activity 5_Load Test: Week 111 As-Planned Start: 13 As-Planned End: 14
	As-Built	As-Planned	Difference
Material:	$0.00	$0.00	$0.00
Labor:	$0.00	$0.00	$0.00
Indirect:	$0.00	$0.00	$0.00


Activity 3_Assemble Trusses: Week 111 As-Planned Start: 6 As-Planned End: 10
	As-Built	As-Planned	Difference
Material:	$0.00	$0.00	$0.00
Labor:	$0.00	$0.00	$0.00
Indirect:	$0.00	$0.00	$0.00


Activity 2_Cutting Members: Week 111 As-Planned Start: 3 As-Planned End: 6
	As-Built	As-Planned	Difference
Material:	$0.00	$0.00	$0.00
Labor:	$0.00	$0.00	$0.00
Indirect:	$2700.00	$0.00	$2700.00


Activity 4_Assemble Bridge: Week 111 As-Planned Start: 10 As-Planned End: 13
	As-Built	As-Planned	Difference
Material:	$0.00	$0.00	$0.00
Labor:	$0.00	$0.00	$0.00
Indirect:	$0.00	$0.00	$0.00

Stock Value:
	$0.00	$0.00

Totals
	As-Built	As-Planned	Difference
Material:	$55000.00	$0.00	$55000.00
Labor:	$200452.96	$0.00	$200452.96
Indirect:	$295800.01	$0.00	$295800.01


Resource Usage -----------------------------------------------

Activity 5 - 5_Load Test: Week 111 As-Planned Start: 13 As-Planned End: 14
	Labor:
		5_Load Test Crew:
		LaborType	As-Built	As-Planned	Difference
		(labor)Equipment Operator :	0	0	0
		(labor)Worker:	0	0	0
		(labor)Foreman:	0	0	0
		(equi)Load Testing Machine:	0	0	0

	Materials:
		Material	As-Built	As-Planned	Difference
		test:	0	0	0

Activity 3 - 3_Assemble Trusses: Week 111 As-Planned Start: 6 As-Planned End: 10
	Labor:
		3_Trusses Assemble Crew:
		LaborType	As-Built	As-Planned	Difference
		(labor)Worker:	0	0	0
		(labor)Foreman:	0	0	0

	Materials:
		Material	As-Built	As-Planned	Difference
		truss connections:	0	0	0

Activity 2 - 2_Cutting Members: Week 111 As-Planned Start: 3 As-Planned End: 6
	Labor:
		2_Cutting Crew:
		LaborType	As-Built	As-Planned	Difference
		(labor)Equipment Operator :	1	0	1
		(labor)Worker:	3	0	3
		(labor)Foreman:	1	0	1
		(equi)Cutting Machine:	1	0	1

	Materials:
		Material	As-Built	As-Planned	Difference
		cutting members:	0	0	0

Activity 4 - 4_Assemble Bridge: Week 111 As-Planned Start: 10 As-Planned End: 13
	Labor:
		4_Bridge Assemble Crew:
		LaborType	As-Built	As-Planned	Difference
		(labor)Equipment Operator :	0	0	0
		(labor)Worker:	0	0	0
		(labor)Foreman:	0	0	0
		(equi)Crane:	0	0	0

	Materials:
		Material	As-Built	As-Planned	Difference
		bridge decking:	0	0	0
--------------------------------------------------------------

The rate for 2_Cutting Members is 0.0
New Rate is: 0.0

*************************
HistoryTimeID is: 7029.
*************************

2_Cutting Members

Activity 5_Load Test: Week 112 As-Planned Start: 13 As-Planned End: 14
	As-Built	As-Planned	Difference
Material:	$0.00	$0.00	$0.00
Labor:	$0.00	$0.00	$0.00
Indirect:	$0.00	$0.00	$0.00


Activity 3_Assemble Trusses: Week 112 As-Planned Start: 6 As-Planned End: 10
	As-Built	As-Planned	Difference
Material:	$0.00	$0.00	$0.00
Labor:	$0.00	$0.00	$0.00
Indirect:	$0.00	$0.00	$0.00


Activity 2_Cutting Members: Week 112 As-Planned Start: 3 As-Planned End: 6
	As-Built	As-Planned	Difference
Material:	$0.00	$0.00	$0.00
Labor:	$0.00	$0.00	$0.00
Indirect:	$2700.00	$0.00	$2700.00


Activity 4_Assemble Bridge: Week 112 As-Planned Start: 10 As-Planned End: 13
	As-Built	As-Planned	Difference
Material:	$0.00	$0.00	$0.00
Labor:	$0.00	$0.00	$0.00
Indirect:	$0.00	$0.00	$0.00

Stock Value:
	$0.00	$0.00

Totals
	As-Built	As-Planned	Difference
Material:	$55000.00	$0.00	$55000.00
Labor:	$200452.96	$0.00	$200452.96
Indirect:	$298500.01	$0.00	$298500.01


Resource Usage -----------------------------------------------

Activity 5 - 5_Load Test: Week 112 As-Planned Start: 13 As-Planned End: 14
	Labor:
		5_Load Test Crew:
		LaborType	As-Built	As-Planned	Difference
		(labor)Equipment Operator :	0	0	0
		(labor)Worker:	0	0	0
		(labor)Foreman:	0	0	0
		(equi)Load Testing Machine:	0	0	0

	Materials:
		Material	As-Built	As-Planned	Difference
		test:	0	0	0

Activity 3 - 3_Assemble Trusses: Week 112 As-Planned Start: 6 As-Planned End: 10
	Labor:
		3_Trusses Assemble Crew:
		LaborType	As-Built	As-Planned	Difference
		(labor)Worker:	0	0	0
		(labor)Foreman:	0	0	0

	Materials:
		Material	As-Built	As-Planned	Difference
		truss connections:	0	0	0

Activity 2 - 2_Cutting Members: Week 112 As-Planned Start: 3 As-Planned End: 6
	Labor:
		2_Cutting Crew:
		LaborType	As-Built	As-Planned	Difference
		(labor)Equipment Operator :	1	0	1
		(labor)Worker:	3	0	3
		(labor)Foreman:	1	0	1
		(equi)Cutting Machine:	1	0	1

	Materials:
		Material	As-Built	As-Planned	Difference
		cutting members:	0	0	0

Activity 4 - 4_Assemble Bridge: Week 112 As-Planned Start: 10 As-Planned End: 13
	Labor:
		4_Bridge Assemble Crew:
		LaborType	As-Built	As-Planned	Difference
		(labor)Equipment Operator :	0	0	0
		(labor)Worker:	0	0	0
		(labor)Foreman:	0	0	0
		(equi)Crane:	0	0	0

	Materials:
		Material	As-Built	As-Planned	Difference
		bridge decking:	0	0	0
--------------------------------------------------------------

The rate for 2_Cutting Members is 0.0
New Rate is: 0.0

*************************
HistoryTimeID is: 7030.
*************************

2_Cutting Members

Activity 5_Load Test: Week 113 As-Planned Start: 13 As-Planned End: 14
	As-Built	As-Planned	Difference
Material:	$0.00	$0.00	$0.00
Labor:	$0.00	$0.00	$0.00
Indirect:	$0.00	$0.00	$0.00


Activity 3_Assemble Trusses: Week 113 As-Planned Start: 6 As-Planned End: 10
	As-Built	As-Planned	Difference
Material:	$0.00	$0.00	$0.00
Labor:	$0.00	$0.00	$0.00
Indirect:	$0.00	$0.00	$0.00


Activity 2_Cutting Members: Week 113 As-Planned Start: 3 As-Planned End: 6
	As-Built	As-Planned	Difference
Material:	$0.00	$0.00	$0.00
Labor:	$2539.12	$0.00	$2539.12
Indirect:	$2700.00	$0.00	$2700.00


Activity 4_Assemble Bridge: Week 113 As-Planned Start: 10 As-Planned End: 13
	As-Built	As-Planned	Difference
Material:	$0.00	$0.00	$0.00
Labor:	$0.00	$0.00	$0.00
Indirect:	$0.00	$0.00	$0.00

Stock Value:
	$0.00	$0.00

Totals
	As-Built	As-Planned	Difference
Material:	$55000.00	$0.00	$55000.00
Labor:	$202992.08	$0.00	$202992.08
Indirect:	$301200.01	$0.00	$301200.01


Resource Usage -----------------------------------------------

Activity 5 - 5_Load Test: Week 113 As-Planned Start: 13 As-Planned End: 14
	Labor:
		5_Load Test Crew:
		LaborType	As-Built	As-Planned	Difference
		(labor)Equipment Operator :	0	0	0
		(labor)Worker:	0	0	0
		(labor)Foreman:	0	0	0
		(equi)Load Testing Machine:	0	0	0

	Materials:
		Material	As-Built	As-Planned	Difference
		test:	0	0	0

Activity 3 - 3_Assemble Trusses: Week 113 As-Planned Start: 6 As-Planned End: 10
	Labor:
		3_Trusses Assemble Crew:
		LaborType	As-Built	As-Planned	Difference
		(labor)Worker:	0	0	0
		(labor)Foreman:	0	0	0

	Materials:
		Material	As-Built	As-Planned	Difference
		truss connections:	0	0	0

Activity 2 - 2_Cutting Members: Week 113 As-Planned Start: 3 As-Planned End: 6
	Labor:
		2_Cutting Crew:
		LaborType	As-Built	As-Planned	Difference
		(labor)Equipment Operator :	1	0	1
		(labor)Worker:	3	0	3
		(labor)Foreman:	1	0	1
		(equi)Cutting Machine:	1	0	1

	Materials:
		Material	As-Built	As-Planned	Difference
		cutting members:	0	0	0

Activity 4 - 4_Assemble Bridge: Week 113 As-Planned Start: 10 As-Planned End: 13
	Labor:
		4_Bridge Assemble Crew:
		LaborType	As-Built	As-Planned	Difference
		(labor)Equipment Operator :	0	0	0
		(labor)Worker:	0	0	0
		(labor)Foreman:	0	0	0
		(equi)Crane:	0	0	0

	Materials:
		Material	As-Built	As-Planned	Difference
		bridge decking:	0	0	0
--------------------------------------------------------------

The rate for 2_Cutting Members is 0.0
New Rate is: 0.0

*************************
HistoryTimeID is: 7031.
*************************

2_Cutting Members

Activity 5_Load Test: Week 114 As-Planned Start: 13 As-Planned End: 14
	As-Built	As-Planned	Difference
Material:	$0.00	$0.00	$0.00
Labor:	$0.00	$0.00	$0.00
Indirect:	$0.00	$0.00	$0.00


Activity 3_Assemble Trusses: Week 114 As-Planned Start: 6 As-Planned End: 10
	As-Built	As-Planned	Difference
Material:	$0.00	$0.00	$0.00
Labor:	$0.00	$0.00	$0.00
Indirect:	$0.00	$0.00	$0.00


Activity 2_Cutting Members: Week 114 As-Planned Start: 3 As-Planned End: 6
	As-Built	As-Planned	Difference
Material:	$0.00	$0.00	$0.00
Labor:	$2539.12	$0.00	$2539.12
Indirect:	$2700.00	$0.00	$2700.00


Activity 4_Assemble Bridge: Week 114 As-Planned Start: 10 As-Planned End: 13
	As-Built	As-Planned	Difference
Material:	$0.00	$0.00	$0.00
Labor:	$0.00	$0.00	$0.00
Indirect:	$0.00	$0.00	$0.00

Stock Value:
	$0.00	$0.00

Totals
	As-Built	As-Planned	Difference
Material:	$55000.00	$0.00	$55000.00
Labor:	$205531.20	$0.00	$205531.20
Indirect:	$303900.01	$0.00	$303900.01


Resource Usage -----------------------------------------------

Activity 5 - 5_Load Test: Week 114 As-Planned Start: 13 As-Planned End: 14
	Labor:
		5_Load Test Crew:
		LaborType	As-Built	As-Planned	Difference
		(labor)Equipment Operator :	0	0	0
		(labor)Worker:	0	0	0
		(labor)Foreman:	0	0	0
		(equi)Load Testing Machine:	0	0	0

	Materials:
		Material	As-Built	As-Planned	Difference
		test:	0	0	0

Activity 3 - 3_Assemble Trusses: Week 114 As-Planned Start: 6 As-Planned End: 10
	Labor:
		3_Trusses Assemble Crew:
		LaborType	As-Built	As-Planned	Difference
		(labor)Worker:	0	0	0
		(labor)Foreman:	0	0	0

	Materials:
		Material	As-Built	As-Planned	Difference
		truss connections:	0	0	0

Activity 2 - 2_Cutting Members: Week 114 As-Planned Start: 3 As-Planned End: 6
	Labor:
		2_Cutting Crew:
		LaborType	As-Built	As-Planned	Difference
		(labor)Equipment Operator :	1	0	1
		(labor)Worker:	3	0	3
		(labor)Foreman:	1	0	1
		(equi)Cutting Machine:	1	0	1

	Materials:
		Material	As-Built	As-Planned	Difference
		cutting members:	0	0	0

Activity 4 - 4_Assemble Bridge: Week 114 As-Planned Start: 10 As-Planned End: 13
	Labor:
		4_Bridge Assemble Crew:
		LaborType	As-Built	As-Planned	Difference
		(labor)Equipment Operator :	0	0	0
		(labor)Worker:	0	0	0
		(labor)Foreman:	0	0	0
		(equi)Crane:	0	0	0

	Materials:
		Material	As-Built	As-Planned	Difference
		bridge decking:	0	0	0
--------------------------------------------------------------

The rate for 2_Cutting Members is 0.0
New Rate is: 0.0

*************************
HistoryTimeID is: 7032.
*************************

2_Cutting Members

Activity 5_Load Test: Week 115 As-Planned Start: 13 As-Planned End: 14
	As-Built	As-Planned	Difference
Material:	$0.00	$0.00	$0.00
Labor:	$0.00	$0.00	$0.00
Indirect:	$0.00	$0.00	$0.00


Activity 3_Assemble Trusses: Week 115 As-Planned Start: 6 As-Planned End: 10
	As-Built	As-Planned	Difference
Material:	$0.00	$0.00	$0.00
Labor:	$0.00	$0.00	$0.00
Indirect:	$0.00	$0.00	$0.00


Activity 2_Cutting Members: Week 115 As-Planned Start: 3 As-Planned End: 6
	As-Built	As-Planned	Difference
Material:	$0.00	$0.00	$0.00
Labor:	$2539.12	$0.00	$2539.12
Indirect:	$2700.00	$0.00	$2700.00


Activity 4_Assemble Bridge: Week 115 As-Planned Start: 10 As-Planned End: 13
	As-Built	As-Planned	Difference
Material:	$0.00	$0.00	$0.00
Labor:	$0.00	$0.00	$0.00
Indirect:	$0.00	$0.00	$0.00

Stock Value:
	$0.00	$0.00

Totals
	As-Built	As-Planned	Difference
Material:	$55000.00	$0.00	$55000.00
Labor:	$208070.32	$0.00	$208070.32
Indirect:	$306600.01	$0.00	$306600.01


Resource Usage -----------------------------------------------

Activity 5 - 5_Load Test: Week 115 As-Planned Start: 13 As-Planned End: 14
	Labor:
		5_Load Test Crew:
		LaborType	As-Built	As-Planned	Difference
		(labor)Equipment Operator :	0	0	0
		(labor)Worker:	0	0	0
		(labor)Foreman:	0	0	0
		(equi)Load Testing Machine:	0	0	0

	Materials:
		Material	As-Built	As-Planned	Difference
		test:	0	0	0

Activity 3 - 3_Assemble Trusses: Week 115 As-Planned Start: 6 As-Planned End: 10
	Labor:
		3_Trusses Assemble Crew:
		LaborType	As-Built	As-Planned	Difference
		(labor)Worker:	0	0	0
		(labor)Foreman:	0	0	0

	Materials:
		Material	As-Built	As-Planned	Difference
		truss connections:	0	0	0

Activity 2 - 2_Cutting Members: Week 115 As-Planned Start: 3 As-Planned End: 6
	Labor:
		2_Cutting Crew:
		LaborType	As-Built	As-Planned	Difference
		(labor)Equipment Operator :	1	0	1
		(labor)Worker:	3	0	3
		(labor)Foreman:	1	0	1
		(equi)Cutting Machine:	1	0	1

	Materials:
		Material	As-Built	As-Planned	Difference
		cutting members:	0	0	0

Activity 4 - 4_Assemble Bridge: Week 115 As-Planned Start: 10 As-Planned End: 13
	Labor:
		4_Bridge Assemble Crew:
		LaborType	As-Built	As-Planned	Difference
		(labor)Equipment Operator :	0	0	0
		(labor)Worker:	0	0	0
		(labor)Foreman:	0	0	0
		(equi)Crane:	0	0	0

	Materials:
		Material	As-Built	As-Planned	Difference
		bridge decking:	0	0	0
--------------------------------------------------------------

The rate for 2_Cutting Members is 0.0
New Rate is: 0.0

*************************
HistoryTimeID is: 7033.
*************************

2_Cutting Members

Activity 5_Load Test: Week 116 As-Planned Start: 13 As-Planned End: 14
	As-Built	As-Planned	Difference
Material:	$0.00	$0.00	$0.00
Labor:	$0.00	$0.00	$0.00
Indirect:	$0.00	$0.00	$0.00


Activity 3_Assemble Trusses: Week 116 As-Planned Start: 6 As-Planned End: 10
	As-Built	As-Planned	Difference
Material:	$0.00	$0.00	$0.00
Labor:	$0.00	$0.00	$0.00
Indirect:	$0.00	$0.00	$0.00


Activity 2_Cutting Members: Week 116 As-Planned Start: 3 As-Planned End: 6
	As-Built	As-Planned	Difference
Material:	$0.00	$0.00	$0.00
Labor:	$2539.12	$0.00	$2539.12
Indirect:	$2700.00	$0.00	$2700.00


Activity 4_Assemble Bridge: Week 116 As-Planned Start: 10 As-Planned End: 13
	As-Built	As-Planned	Difference
Material:	$0.00	$0.00	$0.00
Labor:	$0.00	$0.00	$0.00
Indirect:	$0.00	$0.00	$0.00

Stock Value:
	$0.00	$0.00

Totals
	As-Built	As-Planned	Difference
Material:	$55000.00	$0.00	$55000.00
Labor:	$210609.44	$0.00	$210609.44
Indirect:	$309300.01	$0.00	$309300.01


Resource Usage -----------------------------------------------

Activity 5 - 5_Load Test: Week 116 As-Planned Start: 13 As-Planned End: 14
	Labor:
		5_Load Test Crew:
		LaborType	As-Built	As-Planned	Difference
		(labor)Equipment Operator :	0	0	0
		(labor)Worker:	0	0	0
		(labor)Foreman:	0	0	0
		(equi)Load Testing Machine:	0	0	0

	Materials:
		Material	As-Built	As-Planned	Difference
		test:	0	0	0

Activity 3 - 3_Assemble Trusses: Week 116 As-Planned Start: 6 As-Planned End: 10
	Labor:
		3_Trusses Assemble Crew:
		LaborType	As-Built	As-Planned	Difference
		(labor)Worker:	0	0	0
		(labor)Foreman:	0	0	0

	Materials:
		Material	As-Built	As-Planned	Difference
		truss connections:	0	0	0

Activity 2 - 2_Cutting Members: Week 116 As-Planned Start: 3 As-Planned End: 6
	Labor:
		2_Cutting Crew:
		LaborType	As-Built	As-Planned	Difference
		(labor)Equipment Operator :	1	0	1
		(labor)Worker:	3	0	3
		(labor)Foreman:	1	0	1
		(equi)Cutting Machine:	1	0	1

	Materials:
		Material	As-Built	As-Planned	Difference
		cutting members:	0	0	0

Activity 4 - 4_Assemble Bridge: Week 116 As-Planned Start: 10 As-Planned End: 13
	Labor:
		4_Bridge Assemble Crew:
		LaborType	As-Built	As-Planned	Difference
		(labor)Equipment Operator :	0	0	0
		(labor)Worker:	0	0	0
		(labor)Foreman:	0	0	0
		(equi)Crane:	0	0	0

	Materials:
		Material	As-Built	As-Planned	Difference
		bridge decking:	0	0	0
--------------------------------------------------------------

The rate for 2_Cutting Members is 0.0
New Rate is: 0.0

*************************
HistoryTimeID is: 7034.
*************************

2_Cutting Members

Activity 5_Load Test: Week 117 As-Planned Start: 13 As-Planned End: 14
	As-Built	As-Planned	Difference
Material:	$0.00	$0.00	$0.00
Labor:	$0.00	$0.00	$0.00
Indirect:	$0.00	$0.00	$0.00


Activity 3_Assemble Trusses: Week 117 As-Planned Start: 6 As-Planned End: 10
	As-Built	As-Planned	Difference
Material:	$0.00	$0.00	$0.00
Labor:	$0.00	$0.00	$0.00
Indirect:	$0.00	$0.00	$0.00


Activity 2_Cutting Members: Week 117 As-Planned Start: 3 As-Planned End: 6
	As-Built	As-Planned	Difference
Material:	$0.00	$0.00	$0.00
Labor:	$2539.12	$0.00	$2539.12
Indirect:	$2700.00	$0.00	$2700.00


Activity 4_Assemble Bridge: Week 117 As-Planned Start: 10 As-Planned End: 13
	As-Built	As-Planned	Difference
Material:	$0.00	$0.00	$0.00
Labor:	$0.00	$0.00	$0.00
Indirect:	$0.00	$0.00	$0.00

Stock Value:
	$0.00	$0.00

Totals
	As-Built	As-Planned	Difference
Material:	$55000.00	$0.00	$55000.00
Labor:	$213148.56	$0.00	$213148.56
Indirect:	$312000.01	$0.00	$312000.01


Resource Usage -----------------------------------------------

Activity 5 - 5_Load Test: Week 117 As-Planned Start: 13 As-Planned End: 14
	Labor:
		5_Load Test Crew:
		LaborType	As-Built	As-Planned	Difference
		(labor)Equipment Operator :	0	0	0
		(labor)Worker:	0	0	0
		(labor)Foreman:	0	0	0
		(equi)Load Testing Machine:	0	0	0

	Materials:
		Material	As-Built	As-Planned	Difference
		test:	0	0	0

Activity 3 - 3_Assemble Trusses: Week 117 As-Planned Start: 6 As-Planned End: 10
	Labor:
		3_Trusses Assemble Crew:
		LaborType	As-Built	As-Planned	Difference
		(labor)Worker:	0	0	0
		(labor)Foreman:	0	0	0

	Materials:
		Material	As-Built	As-Planned	Difference
		truss connections:	0	0	0

Activity 2 - 2_Cutting Members: Week 117 As-Planned Start: 3 As-Planned End: 6
	Labor:
		2_Cutting Crew:
		LaborType	As-Built	As-Planned	Difference
		(labor)Equipment Operator :	1	0	1
		(labor)Worker:	3	0	3
		(labor)Foreman:	1	0	1
		(equi)Cutting Machine:	1	0	1

	Materials:
		Material	As-Built	As-Planned	Difference
		cutting members:	0	0	0

Activity 4 - 4_Assemble Bridge: Week 117 As-Planned Start: 10 As-Planned End: 13
	Labor:
		4_Bridge Assemble Crew:
		LaborType	As-Built	As-Planned	Difference
		(labor)Equipment Operator :	0	0	0
		(labor)Worker:	0	0	0
		(labor)Foreman:	0	0	0
		(equi)Crane:	0	0	0

	Materials:
		Material	As-Built	As-Planned	Difference
		bridge decking:	0	0	0
--------------------------------------------------------------

The rate for 2_Cutting Members is 0.0
New Rate is: 0.0

*************************
HistoryTimeID is: 7035.
*************************

2_Cutting Members

Activity 5_Load Test: Week 118 As-Planned Start: 13 As-Planned End: 14
	As-Built	As-Planned	Difference
Material:	$0.00	$0.00	$0.00
Labor:	$0.00	$0.00	$0.00
Indirect:	$0.00	$0.00	$0.00


Activity 3_Assemble Trusses: Week 118 As-Planned Start: 6 As-Planned End: 10
	As-Built	As-Planned	Difference
Material:	$0.00	$0.00	$0.00
Labor:	$0.00	$0.00	$0.00
Indirect:	$0.00	$0.00	$0.00


Activity 2_Cutting Members: Week 118 As-Planned Start: 3 As-Planned End: 6
	As-Built	As-Planned	Difference
Material:	$0.00	$0.00	$0.00
Labor:	$0.00	$0.00	$0.00
Indirect:	$2700.00	$0.00	$2700.00


Activity 4_Assemble Bridge: Week 118 As-Planned Start: 10 As-Planned End: 13
	As-Built	As-Planned	Difference
Material:	$0.00	$0.00	$0.00
Labor:	$0.00	$0.00	$0.00
Indirect:	$0.00	$0.00	$0.00

Stock Value:
	$0.00	$0.00

Totals
	As-Built	As-Planned	Difference
Material:	$55000.00	$0.00	$55000.00
Labor:	$213148.56	$0.00	$213148.56
Indirect:	$314700.01	$0.00	$314700.01


Resource Usage -----------------------------------------------

Activity 5 - 5_Load Test: Week 118 As-Planned Start: 13 As-Planned End: 14
	Labor:
		5_Load Test Crew:
		LaborType	As-Built	As-Planned	Difference
		(labor)Equipment Operator :	0	0	0
		(labor)Worker:	0	0	0
		(labor)Foreman:	0	0	0
		(equi)Load Testing Machine:	0	0	0

	Materials:
		Material	As-Built	As-Planned	Difference
		test:	0	0	0

Activity 3 - 3_Assemble Trusses: Week 118 As-Planned Start: 6 As-Planned End: 10
	Labor:
		3_Trusses Assemble Crew:
		LaborType	As-Built	As-Planned	Difference
		(labor)Worker:	0	0	0
		(labor)Foreman:	0	0	0

	Materials:
		Material	As-Built	As-Planned	Difference
		truss connections:	0	0	0

Activity 2 - 2_Cutting Members: Week 118 As-Planned Start: 3 As-Planned End: 6
	Labor:
		2_Cutting Crew:
		LaborType	As-Built	As-Planned	Difference
		(labor)Equipment Operator :	1	0	1
		(labor)Worker:	3	0	3
		(labor)Foreman:	1	0	1
		(equi)Cutting Machine:	1	0	1

	Materials:
		Material	As-Built	As-Planned	Difference
		cutting members:	0	0	0

Activity 4 - 4_Assemble Bridge: Week 118 As-Planned Start: 10 As-Planned End: 13
	Labor:
		4_Bridge Assemble Crew:
		LaborType	As-Built	As-Planned	Difference
		(labor)Equipment Operator :	0	0	0
		(labor)Worker:	0	0	0
		(labor)Foreman:	0	0	0
		(equi)Crane:	0	0	0

	Materials:
		Material	As-Built	As-Planned	Difference
		bridge decking:	0	0	0
--------------------------------------------------------------

The rate for 2_Cutting Members is 0.0
New Rate is: 0.0

*************************
HistoryTimeID is: 7036.
*************************

2_Cutting Members

Activity 5_Load Test: Week 119 As-Planned Start: 13 As-Planned End: 14
	As-Built	As-Planned	Difference
Material:	$0.00	$0.00	$0.00
Labor:	$0.00	$0.00	$0.00
Indirect:	$0.00	$0.00	$0.00


Activity 3_Assemble Trusses: Week 119 As-Planned Start: 6 As-Planned End: 10
	As-Built	As-Planned	Difference
Material:	$0.00	$0.00	$0.00
Labor:	$0.00	$0.00	$0.00
Indirect:	$0.00	$0.00	$0.00


Activity 2_Cutting Members: Week 119 As-Planned Start: 3 As-Planned End: 6
	As-Built	As-Planned	Difference
Material:	$0.00	$0.00	$0.00
Labor:	$0.00	$0.00	$0.00
Indirect:	$2700.00	$0.00	$2700.00


Activity 4_Assemble Bridge: Week 119 As-Planned Start: 10 As-Planned End: 13
	As-Built	As-Planned	Difference
Material:	$0.00	$0.00	$0.00
Labor:	$0.00	$0.00	$0.00
Indirect:	$0.00	$0.00	$0.00

Stock Value:
	$0.00	$0.00

Totals
	As-Built	As-Planned	Difference
Material:	$55000.00	$0.00	$55000.00
Labor:	$213148.56	$0.00	$213148.56
Indirect:	$317400.01	$0.00	$317400.01


Resource Usage -----------------------------------------------

Activity 5 - 5_Load Test: Week 119 As-Planned Start: 13 As-Planned End: 14
	Labor:
		5_Load Test Crew:
		LaborType	As-Built	As-Planned	Difference
		(labor)Equipment Operator :	0	0	0
		(labor)Worker:	0	0	0
		(labor)Foreman:	0	0	0
		(equi)Load Testing Machine:	0	0	0

	Materials:
		Material	As-Built	As-Planned	Difference
		test:	0	0	0

Activity 3 - 3_Assemble Trusses: Week 119 As-Planned Start: 6 As-Planned End: 10
	Labor:
		3_Trusses Assemble Crew:
		LaborType	As-Built	As-Planned	Difference
		(labor)Worker:	0	0	0
		(labor)Foreman:	0	0	0

	Materials:
		Material	As-Built	As-Planned	Difference
		truss connections:	0	0	0

Activity 2 - 2_Cutting Members: Week 119 As-Planned Start: 3 As-Planned End: 6
	Labor:
		2_Cutting Crew:
		LaborType	As-Built	As-Planned	Difference
		(labor)Equipment Operator :	1	0	1
		(labor)Worker:	3	0	3
		(labor)Foreman:	1	0	1
		(equi)Cutting Machine:	1	0	1

	Materials:
		Material	As-Built	As-Planned	Difference
		cutting members:	0	0	0

Activity 4 - 4_Assemble Bridge: Week 119 As-Planned Start: 10 As-Planned End: 13
	Labor:
		4_Bridge Assemble Crew:
		LaborType	As-Built	As-Planned	Difference
		(labor)Equipment Operator :	0	0	0
		(labor)Worker:	0	0	0
		(labor)Foreman:	0	0	0
		(equi)Crane:	0	0	0

	Materials:
		Material	As-Built	As-Planned	Difference
		bridge decking:	0	0	0
--------------------------------------------------------------


=======================================================================>
Bad weather, productivities reduce to 50%! 
Bad weather, productivities reduce to 50%! 
(Rule Bad weather)
=======================================================================>

The rate for 2_Cutting Members is 0.0
New Rate is: 0.0

*************************
HistoryTimeID is: 7037.
*************************

2_Cutting Members

Activity 5_Load Test: Week 120 As-Planned Start: 13 As-Planned End: 14
	As-Built	As-Planned	Difference
Material:	$0.00	$0.00	$0.00
Labor:	$0.00	$0.00	$0.00
Indirect:	$0.00	$0.00	$0.00


Activity 3_Assemble Trusses: Week 120 As-Planned Start: 6 As-Planned End: 10
	As-Built	As-Planned	Difference
Material:	$0.00	$0.00	$0.00
Labor:	$0.00	$0.00	$0.00
Indirect:	$0.00	$0.00	$0.00


Activity 2_Cutting Members: Week 120 As-Planned Start: 3 As-Planned End: 6
	As-Built	As-Planned	Difference
Material:	$0.00	$0.00	$0.00
Labor:	$0.00	$0.00	$0.00
Indirect:	$2700.00	$0.00	$2700.00


Activity 4_Assemble Bridge: Week 120 As-Planned Start: 10 As-Planned End: 13
	As-Built	As-Planned	Difference
Material:	$0.00	$0.00	$0.00
Labor:	$0.00	$0.00	$0.00
Indirect:	$0.00	$0.00	$0.00

Stock Value:
	$0.00	$0.00

Totals
	As-Built	As-Planned	Difference
Material:	$55000.00	$0.00	$55000.00
Labor:	$213148.56	$0.00	$213148.56
Indirect:	$320100.01	$0.00	$320100.01


Resource Usage -----------------------------------------------

Activity 5 - 5_Load Test: Week 120 As-Planned Start: 13 As-Planned End: 14
	Labor:
		5_Load Test Crew:
		LaborType	As-Built	As-Planned	Difference
		(labor)Equipment Operator :	0	0	0
		(labor)Worker:	0	0	0
		(labor)Foreman:	0	0	0
		(equi)Load Testing Machine:	0	0	0

	Materials:
		Material	As-Built	As-Planned	Difference
		test:	0	0	0

Activity 3 - 3_Assemble Trusses: Week 120 As-Planned Start: 6 As-Planned End: 10
	Labor:
		3_Trusses Assemble Crew:
		LaborType	As-Built	As-Planned	Difference
		(labor)Worker:	0	0	0
		(labor)Foreman:	0	0	0

	Materials:
		Material	As-Built	As-Planned	Difference
		truss connections:	0	0	0

Activity 2 - 2_Cutting Members: Week 120 As-Planned Start: 3 As-Planned End: 6
	Labor:
		2_Cutting Crew:
		LaborType	As-Built	As-Planned	Difference
		(labor)Equipment Operator :	1	0	1
		(labor)Worker:	3	0	3
		(labor)Foreman:	1	0	1
		(equi)Cutting Machine:	1	0	1

	Materials:
		Material	As-Built	As-Planned	Difference
		cutting members:	0	0	0

Activity 4 - 4_Assemble Bridge: Week 120 As-Planned Start: 10 As-Planned End: 13
	Labor:
		4_Bridge Assemble Crew:
		LaborType	As-Built	As-Planned	Difference
		(labor)Equipment Operator :	0	0	0
		(labor)Worker:	0	0	0
		(labor)Foreman:	0	0	0
		(equi)Crane:	0	0	0

	Materials:
		Material	As-Built	As-Planned	Difference
		bridge decking:	0	0	0
--------------------------------------------------------------

The rate for 2_Cutting Members is 0.0
New Rate is: 0.0

*************************
HistoryTimeID is: 7038.
*************************

2_Cutting Members

Activity 5_Load Test: Week 121 As-Planned Start: 13 As-Planned End: 14
	As-Built	As-Planned	Difference
Material:	$0.00	$0.00	$0.00
Labor:	$0.00	$0.00	$0.00
Indirect:	$0.00	$0.00	$0.00


Activity 3_Assemble Trusses: Week 121 As-Planned Start: 6 As-Planned End: 10
	As-Built	As-Planned	Difference
Material:	$0.00	$0.00	$0.00
Labor:	$0.00	$0.00	$0.00
Indirect:	$0.00	$0.00	$0.00


Activity 2_Cutting Members: Week 121 As-Planned Start: 3 As-Planned End: 6
	As-Built	As-Planned	Difference
Material:	$0.00	$0.00	$0.00
Labor:	$2539.12	$0.00	$2539.12
Indirect:	$2700.00	$0.00	$2700.00


Activity 4_Assemble Bridge: Week 121 As-Planned Start: 10 As-Planned End: 13
	As-Built	As-Planned	Difference
Material:	$0.00	$0.00	$0.00
Labor:	$0.00	$0.00	$0.00
Indirect:	$0.00	$0.00	$0.00

Stock Value:
	$0.00	$0.00

Totals
	As-Built	As-Planned	Difference
Material:	$55000.00	$0.00	$55000.00
Labor:	$215687.68	$0.00	$215687.68
Indirect:	$322800.01	$0.00	$322800.01


Resource Usage -----------------------------------------------

Activity 5 - 5_Load Test: Week 121 As-Planned Start: 13 As-Planned End: 14
	Labor:
		5_Load Test Crew:
		LaborType	As-Built	As-Planned	Difference
		(labor)Equipment Operator :	0	0	0
		(labor)Worker:	0	0	0
		(labor)Foreman:	0	0	0
		(equi)Load Testing Machine:	0	0	0

	Materials:
		Material	As-Built	As-Planned	Difference
		test:	0	0	0

Activity 3 - 3_Assemble Trusses: Week 121 As-Planned Start: 6 As-Planned End: 10
	Labor:
		3_Trusses Assemble Crew:
		LaborType	As-Built	As-Planned	Difference
		(labor)Worker:	0	0	0
		(labor)Foreman:	0	0	0

	Materials:
		Material	As-Built	As-Planned	Difference
		truss connections:	0	0	0

Activity 2 - 2_Cutting Members: Week 121 As-Planned Start: 3 As-Planned End: 6
	Labor:
		2_Cutting Crew:
		LaborType	As-Built	As-Planned	Difference
		(labor)Equipment Operator :	1	0	1
		(labor)Worker:	3	0	3
		(labor)Foreman:	1	0	1
		(equi)Cutting Machine:	1	0	1

	Materials:
		Material	As-Built	As-Planned	Difference
		cutting members:	0	0	0

Activity 4 - 4_Assemble Bridge: Week 121 As-Planned Start: 10 As-Planned End: 13
	Labor:
		4_Bridge Assemble Crew:
		LaborType	As-Built	As-Planned	Difference
		(labor)Equipment Operator :	0	0	0
		(labor)Worker:	0	0	0
		(labor)Foreman:	0	0	0
		(equi)Crane:	0	0	0

	Materials:
		Material	As-Built	As-Planned	Difference
		bridge decking:	0	0	0
--------------------------------------------------------------

The rate for 2_Cutting Members is 0.0
New Rate is: 0.0

*************************
HistoryTimeID is: 7039.
*************************

2_Cutting Members

Activity 5_Load Test: Week 122 As-Planned Start: 13 As-Planned End: 14
	As-Built	As-Planned	Difference
Material:	$0.00	$0.00	$0.00
Labor:	$0.00	$0.00	$0.00
Indirect:	$0.00	$0.00	$0.00


Activity 3_Assemble Trusses: Week 122 As-Planned Start: 6 As-Planned End: 10
	As-Built	As-Planned	Difference
Material:	$0.00	$0.00	$0.00
Labor:	$0.00	$0.00	$0.00
Indirect:	$0.00	$0.00	$0.00


Activity 2_Cutting Members: Week 122 As-Planned Start: 3 As-Planned End: 6
	As-Built	As-Planned	Difference
Material:	$0.00	$0.00	$0.00
Labor:	$2539.12	$0.00	$2539.12
Indirect:	$2700.00	$0.00	$2700.00


Activity 4_Assemble Bridge: Week 122 As-Planned Start: 10 As-Planned End: 13
	As-Built	As-Planned	Difference
Material:	$0.00	$0.00	$0.00
Labor:	$0.00	$0.00	$0.00
Indirect:	$0.00	$0.00	$0.00

Stock Value:
	$0.00	$0.00

Totals
	As-Built	As-Planned	Difference
Material:	$55000.00	$0.00	$55000.00
Labor:	$218226.80	$0.00	$218226.80
Indirect:	$325500.01	$0.00	$325500.01


Resource Usage -----------------------------------------------

Activity 5 - 5_Load Test: Week 122 As-Planned Start: 13 As-Planned End: 14
	Labor:
		5_Load Test Crew:
		LaborType	As-Built	As-Planned	Difference
		(labor)Equipment Operator :	0	0	0
		(labor)Worker:	0	0	0
		(labor)Foreman:	0	0	0
		(equi)Load Testing Machine:	0	0	0

	Materials:
		Material	As-Built	As-Planned	Difference
		test:	0	0	0

Activity 3 - 3_Assemble Trusses: Week 122 As-Planned Start: 6 As-Planned End: 10
	Labor:
		3_Trusses Assemble Crew:
		LaborType	As-Built	As-Planned	Difference
		(labor)Worker:	0	0	0
		(labor)Foreman:	0	0	0

	Materials:
		Material	As-Built	As-Planned	Difference
		truss connections:	0	0	0

Activity 2 - 2_Cutting Members: Week 122 As-Planned Start: 3 As-Planned End: 6
	Labor:
		2_Cutting Crew:
		LaborType	As-Built	As-Planned	Difference
		(labor)Equipment Operator :	1	0	1
		(labor)Worker:	3	0	3
		(labor)Foreman:	1	0	1
		(equi)Cutting Machine:	1	0	1

	Materials:
		Material	As-Built	As-Planned	Difference
		cutting members:	0	0	0

Activity 4 - 4_Assemble Bridge: Week 122 As-Planned Start: 10 As-Planned End: 13
	Labor:
		4_Bridge Assemble Crew:
		LaborType	As-Built	As-Planned	Difference
		(labor)Equipment Operator :	0	0	0
		(labor)Worker:	0	0	0
		(labor)Foreman:	0	0	0
		(equi)Crane:	0	0	0

	Materials:
		Material	As-Built	As-Planned	Difference
		bridge decking:	0	0	0
--------------------------------------------------------------

The rate for 2_Cutting Members is 0.0
New Rate is: 0.0

*************************
HistoryTimeID is: 7040.
*************************

2_Cutting Members

Activity 5_Load Test: Week 123 As-Planned Start: 13 As-Planned End: 14
	As-Built	As-Planned	Difference
Material:	$0.00	$0.00	$0.00
Labor:	$0.00	$0.00	$0.00
Indirect:	$0.00	$0.00	$0.00


Activity 3_Assemble Trusses: Week 123 As-Planned Start: 6 As-Planned End: 10
	As-Built	As-Planned	Difference
Material:	$0.00	$0.00	$0.00
Labor:	$0.00	$0.00	$0.00
Indirect:	$0.00	$0.00	$0.00


Activity 2_Cutting Members: Week 123 As-Planned Start: 3 As-Planned End: 6
	As-Built	As-Planned	Difference
Material:	$0.00	$0.00	$0.00
Labor:	$2539.12	$0.00	$2539.12
Indirect:	$2700.00	$0.00	$2700.00


Activity 4_Assemble Bridge: Week 123 As-Planned Start: 10 As-Planned End: 13
	As-Built	As-Planned	Difference
Material:	$0.00	$0.00	$0.00
Labor:	$0.00	$0.00	$0.00
Indirect:	$0.00	$0.00	$0.00

Stock Value:
	$0.00	$0.00

Totals
	As-Built	As-Planned	Difference
Material:	$55000.00	$0.00	$55000.00
Labor:	$220765.92	$0.00	$220765.92
Indirect:	$328200.01	$0.00	$328200.01


Resource Usage -----------------------------------------------

Activity 5 - 5_Load Test: Week 123 As-Planned Start: 13 As-Planned End: 14
	Labor:
		5_Load Test Crew:
		LaborType	As-Built	As-Planned	Difference
		(labor)Equipment Operator :	0	0	0
		(labor)Worker:	0	0	0
		(labor)Foreman:	0	0	0
		(equi)Load Testing Machine:	0	0	0

	Materials:
		Material	As-Built	As-Planned	Difference
		test:	0	0	0

Activity 3 - 3_Assemble Trusses: Week 123 As-Planned Start: 6 As-Planned End: 10
	Labor:
		3_Trusses Assemble Crew:
		LaborType	As-Built	As-Planned	Difference
		(labor)Worker:	0	0	0
		(labor)Foreman:	0	0	0

	Materials:
		Material	As-Built	As-Planned	Difference
		truss connections:	0	0	0

Activity 2 - 2_Cutting Members: Week 123 As-Planned Start: 3 As-Planned End: 6
	Labor:
		2_Cutting Crew:
		LaborType	As-Built	As-Planned	Difference
		(labor)Equipment Operator :	1	0	1
		(labor)Worker:	3	0	3
		(labor)Foreman:	1	0	1
		(equi)Cutting Machine:	1	0	1

	Materials:
		Material	As-Built	As-Planned	Difference
		cutting members:	0	0	0

Activity 4 - 4_Assemble Bridge: Week 123 As-Planned Start: 10 As-Planned End: 13
	Labor:
		4_Bridge Assemble Crew:
		LaborType	As-Built	As-Planned	Difference
		(labor)Equipment Operator :	0	0	0
		(labor)Worker:	0	0	0
		(labor)Foreman:	0	0	0
		(equi)Crane:	0	0	0

	Materials:
		Material	As-Built	As-Planned	Difference
		bridge decking:	0	0	0
--------------------------------------------------------------

The rate for 2_Cutting Members is 0.0
New Rate is: 0.0

*************************
HistoryTimeID is: 7041.
*************************

2_Cutting Members

Activity 5_Load Test: Week 124 As-Planned Start: 13 As-Planned End: 14
	As-Built	As-Planned	Difference
Material:	$0.00	$0.00	$0.00
Labor:	$0.00	$0.00	$0.00
Indirect:	$0.00	$0.00	$0.00


Activity 3_Assemble Trusses: Week 124 As-Planned Start: 6 As-Planned End: 10
	As-Built	As-Planned	Difference
Material:	$0.00	$0.00	$0.00
Labor:	$0.00	$0.00	$0.00
Indirect:	$0.00	$0.00	$0.00


Activity 2_Cutting Members: Week 124 As-Planned Start: 3 As-Planned End: 6
	As-Built	As-Planned	Difference
Material:	$0.00	$0.00	$0.00
Labor:	$2539.12	$0.00	$2539.12
Indirect:	$2700.00	$0.00	$2700.00


Activity 4_Assemble Bridge: Week 124 As-Planned Start: 10 As-Planned End: 13
	As-Built	As-Planned	Difference
Material:	$0.00	$0.00	$0.00
Labor:	$0.00	$0.00	$0.00
Indirect:	$0.00	$0.00	$0.00

Stock Value:
	$0.00	$0.00

Totals
	As-Built	As-Planned	Difference
Material:	$55000.00	$0.00	$55000.00
Labor:	$223305.04	$0.00	$223305.04
Indirect:	$330900.01	$0.00	$330900.01


Resource Usage -----------------------------------------------

Activity 5 - 5_Load Test: Week 124 As-Planned Start: 13 As-Planned End: 14
	Labor:
		5_Load Test Crew:
		LaborType	As-Built	As-Planned	Difference
		(labor)Equipment Operator :	0	0	0
		(labor)Worker:	0	0	0
		(labor)Foreman:	0	0	0
		(equi)Load Testing Machine:	0	0	0

	Materials:
		Material	As-Built	As-Planned	Difference
		test:	0	0	0

Activity 3 - 3_Assemble Trusses: Week 124 As-Planned Start: 6 As-Planned End: 10
	Labor:
		3_Trusses Assemble Crew:
		LaborType	As-Built	As-Planned	Difference
		(labor)Worker:	0	0	0
		(labor)Foreman:	0	0	0

	Materials:
		Material	As-Built	As-Planned	Difference
		truss connections:	0	0	0

Activity 2 - 2_Cutting Members: Week 124 As-Planned Start: 3 As-Planned End: 6
	Labor:
		2_Cutting Crew:
		LaborType	As-Built	As-Planned	Difference
		(labor)Equipment Operator :	1	0	1
		(labor)Worker:	3	0	3
		(labor)Foreman:	1	0	1
		(equi)Cutting Machine:	1	0	1

	Materials:
		Material	As-Built	As-Planned	Difference
		cutting members:	0	0	0

Activity 4 - 4_Assemble Bridge: Week 124 As-Planned Start: 10 As-Planned End: 13
	Labor:
		4_Bridge Assemble Crew:
		LaborType	As-Built	As-Planned	Difference
		(labor)Equipment Operator :	0	0	0
		(labor)Worker:	0	0	0
		(labor)Foreman:	0	0	0
		(equi)Crane:	0	0	0

	Materials:
		Material	As-Built	As-Planned	Difference
		bridge decking:	0	0	0
--------------------------------------------------------------

The rate for 2_Cutting Members is 0.0
New Rate is: 0.0

*************************
HistoryTimeID is: 7042.
*************************

2_Cutting Members

Activity 5_Load Test: Week 125 As-Planned Start: 13 As-Planned End: 14
	As-Built	As-Planned	Difference
Material:	$0.00	$0.00	$0.00
Labor:	$0.00	$0.00	$0.00
Indirect:	$0.00	$0.00	$0.00


Activity 3_Assemble Trusses: Week 125 As-Planned Start: 6 As-Planned End: 10
	As-Built	As-Planned	Difference
Material:	$0.00	$0.00	$0.00
Labor:	$0.00	$0.00	$0.00
Indirect:	$0.00	$0.00	$0.00


Activity 2_Cutting Members: Week 125 As-Planned Start: 3 As-Planned End: 6
	As-Built	As-Planned	Difference
Material:	$0.00	$0.00	$0.00
Labor:	$2539.12	$0.00	$2539.12
Indirect:	$2700.00	$0.00	$2700.00


Activity 4_Assemble Bridge: Week 125 As-Planned Start: 10 As-Planned End: 13
	As-Built	As-Planned	Difference
Material:	$0.00	$0.00	$0.00
Labor:	$0.00	$0.00	$0.00
Indirect:	$0.00	$0.00	$0.00

Stock Value:
	$0.00	$0.00

Totals
	As-Built	As-Planned	Difference
Material:	$55000.00	$0.00	$55000.00
Labor:	$225844.16	$0.00	$225844.16
Indirect:	$333600.01	$0.00	$333600.01


Resource Usage -----------------------------------------------

Activity 5 - 5_Load Test: Week 125 As-Planned Start: 13 As-Planned End: 14
	Labor:
		5_Load Test Crew:
		LaborType	As-Built	As-Planned	Difference
		(labor)Equipment Operator :	0	0	0
		(labor)Worker:	0	0	0
		(labor)Foreman:	0	0	0
		(equi)Load Testing Machine:	0	0	0

	Materials:
		Material	As-Built	As-Planned	Difference
		test:	0	0	0

Activity 3 - 3_Assemble Trusses: Week 125 As-Planned Start: 6 As-Planned End: 10
	Labor:
		3_Trusses Assemble Crew:
		LaborType	As-Built	As-Planned	Difference
		(labor)Worker:	0	0	0
		(labor)Foreman:	0	0	0

	Materials:
		Material	As-Built	As-Planned	Difference
		truss connections:	0	0	0

Activity 2 - 2_Cutting Members: Week 125 As-Planned Start: 3 As-Planned End: 6
	Labor:
		2_Cutting Crew:
		LaborType	As-Built	As-Planned	Difference
		(labor)Equipment Operator :	1	0	1
		(labor)Worker:	3	0	3
		(labor)Foreman:	1	0	1
		(equi)Cutting Machine:	1	0	1

	Materials:
		Material	As-Built	As-Planned	Difference
		cutting members:	0	0	0

Activity 4 - 4_Assemble Bridge: Week 125 As-Planned Start: 10 As-Planned End: 13
	Labor:
		4_Bridge Assemble Crew:
		LaborType	As-Built	As-Planned	Difference
		(labor)Equipment Operator :	0	0	0
		(labor)Worker:	0	0	0
		(labor)Foreman:	0	0	0
		(equi)Crane:	0	0	0

	Materials:
		Material	As-Built	As-Planned	Difference
		bridge decking:	0	0	0
--------------------------------------------------------------

The rate for 2_Cutting Members is 0.0
New Rate is: 0.0

*************************
HistoryTimeID is: 7043.
*************************

2_Cutting Members

Activity 5_Load Test: Week 126 As-Planned Start: 13 As-Planned End: 14
	As-Built	As-Planned	Difference
Material:	$0.00	$0.00	$0.00
Labor:	$0.00	$0.00	$0.00
Indirect:	$0.00	$0.00	$0.00


Activity 3_Assemble Trusses: Week 126 As-Planned Start: 6 As-Planned End: 10
	As-Built	As-Planned	Difference
Material:	$0.00	$0.00	$0.00
Labor:	$0.00	$0.00	$0.00
Indirect:	$0.00	$0.00	$0.00


Activity 2_Cutting Members: Week 126 As-Planned Start: 3 As-Planned End: 6
	As-Built	As-Planned	Difference
Material:	$0.00	$0.00	$0.00
Labor:	$0.00	$0.00	$0.00
Indirect:	$2700.00	$0.00	$2700.00


Activity 4_Assemble Bridge: Week 126 As-Planned Start: 10 As-Planned End: 13
	As-Built	As-Planned	Difference
Material:	$0.00	$0.00	$0.00
Labor:	$0.00	$0.00	$0.00
Indirect:	$0.00	$0.00	$0.00

Stock Value:
	$0.00	$0.00

Totals
	As-Built	As-Planned	Difference
Material:	$55000.00	$0.00	$55000.00
Labor:	$225844.16	$0.00	$225844.16
Indirect:	$336300.01	$0.00	$336300.01


Resource Usage -----------------------------------------------

Activity 5 - 5_Load Test: Week 126 As-Planned Start: 13 As-Planned End: 14
	Labor:
		5_Load Test Crew:
		LaborType	As-Built	As-Planned	Difference
		(labor)Equipment Operator :	0	0	0
		(labor)Worker:	0	0	0
		(labor)Foreman:	0	0	0
		(equi)Load Testing Machine:	0	0	0

	Materials:
		Material	As-Built	As-Planned	Difference
		test:	0	0	0

Activity 3 - 3_Assemble Trusses: Week 126 As-Planned Start: 6 As-Planned End: 10
	Labor:
		3_Trusses Assemble Crew:
		LaborType	As-Built	As-Planned	Difference
		(labor)Worker:	0	0	0
		(labor)Foreman:	0	0	0

	Materials:
		Material	As-Built	As-Planned	Difference
		truss connections:	0	0	0

Activity 2 - 2_Cutting Members: Week 126 As-Planned Start: 3 As-Planned End: 6
	Labor:
		2_Cutting Crew:
		LaborType	As-Built	As-Planned	Difference
		(labor)Equipment Operator :	1	0	1
		(labor)Worker:	3	0	3
		(labor)Foreman:	1	0	1
		(equi)Cutting Machine:	1	0	1

	Materials:
		Material	As-Built	As-Planned	Difference
		cutting members:	0	0	0

Activity 4 - 4_Assemble Bridge: Week 126 As-Planned Start: 10 As-Planned End: 13
	Labor:
		4_Bridge Assemble Crew:
		LaborType	As-Built	As-Planned	Difference
		(labor)Equipment Operator :	0	0	0
		(labor)Worker:	0	0	0
		(labor)Foreman:	0	0	0
		(equi)Crane:	0	0	0

	Materials:
		Material	As-Built	As-Planned	Difference
		bridge decking:	0	0	0
--------------------------------------------------------------

The rate for 2_Cutting Members is 0.0
New Rate is: 0.0

*************************
HistoryTimeID is: 7044.
*************************

2_Cutting Members

Activity 5_Load Test: Week 127 As-Planned Start: 13 As-Planned End: 14
	As-Built	As-Planned	Difference
Material:	$0.00	$0.00	$0.00
Labor:	$0.00	$0.00	$0.00
Indirect:	$0.00	$0.00	$0.00


Activity 3_Assemble Trusses: Week 127 As-Planned Start: 6 As-Planned End: 10
	As-Built	As-Planned	Difference
Material:	$0.00	$0.00	$0.00
Labor:	$0.00	$0.00	$0.00
Indirect:	$0.00	$0.00	$0.00


Activity 2_Cutting Members: Week 127 As-Planned Start: 3 As-Planned End: 6
	As-Built	As-Planned	Difference
Material:	$0.00	$0.00	$0.00
Labor:	$0.00	$0.00	$0.00
Indirect:	$2700.00	$0.00	$2700.00


Activity 4_Assemble Bridge: Week 127 As-Planned Start: 10 As-Planned End: 13
	As-Built	As-Planned	Difference
Material:	$0.00	$0.00	$0.00
Labor:	$0.00	$0.00	$0.00
Indirect:	$0.00	$0.00	$0.00

Stock Value:
	$0.00	$0.00

Totals
	As-Built	As-Planned	Difference
Material:	$55000.00	$0.00	$55000.00
Labor:	$225844.16	$0.00	$225844.16
Indirect:	$339000.01	$0.00	$339000.01


Resource Usage -----------------------------------------------

Activity 5 - 5_Load Test: Week 127 As-Planned Start: 13 As-Planned End: 14
	Labor:
		5_Load Test Crew:
		LaborType	As-Built	As-Planned	Difference
		(labor)Equipment Operator :	0	0	0
		(labor)Worker:	0	0	0
		(labor)Foreman:	0	0	0
		(equi)Load Testing Machine:	0	0	0

	Materials:
		Material	As-Built	As-Planned	Difference
		test:	0	0	0

Activity 3 - 3_Assemble Trusses: Week 127 As-Planned Start: 6 As-Planned End: 10
	Labor:
		3_Trusses Assemble Crew:
		LaborType	As-Built	As-Planned	Difference
		(labor)Worker:	0	0	0
		(labor)Foreman:	0	0	0

	Materials:
		Material	As-Built	As-Planned	Difference
		truss connections:	0	0	0

Activity 2 - 2_Cutting Members: Week 127 As-Planned Start: 3 As-Planned End: 6
	Labor:
		2_Cutting Crew:
		LaborType	As-Built	As-Planned	Difference
		(labor)Equipment Operator :	1	0	1
		(labor)Worker:	3	0	3
		(labor)Foreman:	1	0	1
		(equi)Cutting Machine:	1	0	1

	Materials:
		Material	As-Built	As-Planned	Difference
		cutting members:	0	0	0

Activity 4 - 4_Assemble Bridge: Week 127 As-Planned Start: 10 As-Planned End: 13
	Labor:
		4_Bridge Assemble Crew:
		LaborType	As-Built	As-Planned	Difference
		(labor)Equipment Operator :	0	0	0
		(labor)Worker:	0	0	0
		(labor)Foreman:	0	0	0
		(equi)Crane:	0	0	0

	Materials:
		Material	As-Built	As-Planned	Difference
		bridge decking:	0	0	0
--------------------------------------------------------------

The rate for 2_Cutting Members is 0.0
New Rate is: 0.0

*************************
HistoryTimeID is: 7045.
*************************

2_Cutting Members

Activity 5_Load Test: Week 128 As-Planned Start: 13 As-Planned End: 14
	As-Built	As-Planned	Difference
Material:	$0.00	$0.00	$0.00
Labor:	$0.00	$0.00	$0.00
Indirect:	$0.00	$0.00	$0.00


Activity 3_Assemble Trusses: Week 128 As-Planned Start: 6 As-Planned End: 10
	As-Built	As-Planned	Difference
Material:	$0.00	$0.00	$0.00
Labor:	$0.00	$0.00	$0.00
Indirect:	$0.00	$0.00	$0.00


Activity 2_Cutting Members: Week 128 As-Planned Start: 3 As-Planned End: 6
	As-Built	As-Planned	Difference
Material:	$0.00	$0.00	$0.00
Labor:	$2539.12	$0.00	$2539.12
Indirect:	$2700.00	$0.00	$2700.00


Activity 4_Assemble Bridge: Week 128 As-Planned Start: 10 As-Planned End: 13
	As-Built	As-Planned	Difference
Material:	$0.00	$0.00	$0.00
Labor:	$0.00	$0.00	$0.00
Indirect:	$0.00	$0.00	$0.00

Stock Value:
	$0.00	$0.00

Totals
	As-Built	As-Planned	Difference
Material:	$55000.00	$0.00	$55000.00
Labor:	$228383.28	$0.00	$228383.28
Indirect:	$341700.01	$0.00	$341700.01


Resource Usage -----------------------------------------------

Activity 5 - 5_Load Test: Week 128 As-Planned Start: 13 As-Planned End: 14
	Labor:
		5_Load Test Crew:
		LaborType	As-Built	As-Planned	Difference
		(labor)Equipment Operator :	0	0	0
		(labor)Worker:	0	0	0
		(labor)Foreman:	0	0	0
		(equi)Load Testing Machine:	0	0	0

	Materials:
		Material	As-Built	As-Planned	Difference
		test:	0	0	0

Activity 3 - 3_Assemble Trusses: Week 128 As-Planned Start: 6 As-Planned End: 10
	Labor:
		3_Trusses Assemble Crew:
		LaborType	As-Built	As-Planned	Difference
		(labor)Worker:	0	0	0
		(labor)Foreman:	0	0	0

	Materials:
		Material	As-Built	As-Planned	Difference
		truss connections:	0	0	0

Activity 2 - 2_Cutting Members: Week 128 As-Planned Start: 3 As-Planned End: 6
	Labor:
		2_Cutting Crew:
		LaborType	As-Built	As-Planned	Difference
		(labor)Equipment Operator :	1	0	1
		(labor)Worker:	3	0	3
		(labor)Foreman:	1	0	1
		(equi)Cutting Machine:	1	0	1

	Materials:
		Material	As-Built	As-Planned	Difference
		cutting members:	0	0	0

Activity 4 - 4_Assemble Bridge: Week 128 As-Planned Start: 10 As-Planned End: 13
	Labor:
		4_Bridge Assemble Crew:
		LaborType	As-Built	As-Planned	Difference
		(labor)Equipment Operator :	0	0	0
		(labor)Worker:	0	0	0
		(labor)Foreman:	0	0	0
		(equi)Crane:	0	0	0

	Materials:
		Material	As-Built	As-Planned	Difference
		bridge decking:	0	0	0
--------------------------------------------------------------

The rate for 2_Cutting Members is 0.0
New Rate is: 0.0

*************************
HistoryTimeID is: 7046.
*************************

2_Cutting Members

Activity 5_Load Test: Week 129 As-Planned Start: 13 As-Planned End: 14
	As-Built	As-Planned	Difference
Material:	$0.00	$0.00	$0.00
Labor:	$0.00	$0.00	$0.00
Indirect:	$0.00	$0.00	$0.00


Activity 3_Assemble Trusses: Week 129 As-Planned Start: 6 As-Planned End: 10
	As-Built	As-Planned	Difference
Material:	$0.00	$0.00	$0.00
Labor:	$0.00	$0.00	$0.00
Indirect:	$0.00	$0.00	$0.00


Activity 2_Cutting Members: Week 129 As-Planned Start: 3 As-Planned End: 6
	As-Built	As-Planned	Difference
Material:	$0.00	$0.00	$0.00
Labor:	$2539.12	$0.00	$2539.12
Indirect:	$2700.00	$0.00	$2700.00


Activity 4_Assemble Bridge: Week 129 As-Planned Start: 10 As-Planned End: 13
	As-Built	As-Planned	Difference
Material:	$0.00	$0.00	$0.00
Labor:	$0.00	$0.00	$0.00
Indirect:	$0.00	$0.00	$0.00

Stock Value:
	$0.00	$0.00

Totals
	As-Built	As-Planned	Difference
Material:	$55000.00	$0.00	$55000.00
Labor:	$230922.40	$0.00	$230922.40
Indirect:	$344400.01	$0.00	$344400.01


Resource Usage -----------------------------------------------

Activity 5 - 5_Load Test: Week 129 As-Planned Start: 13 As-Planned End: 14
	Labor:
		5_Load Test Crew:
		LaborType	As-Built	As-Planned	Difference
		(labor)Equipment Operator :	0	0	0
		(labor)Worker:	0	0	0
		(labor)Foreman:	0	0	0
		(equi)Load Testing Machine:	0	0	0

	Materials:
		Material	As-Built	As-Planned	Difference
		test:	0	0	0

Activity 3 - 3_Assemble Trusses: Week 129 As-Planned Start: 6 As-Planned End: 10
	Labor:
		3_Trusses Assemble Crew:
		LaborType	As-Built	As-Planned	Difference
		(labor)Worker:	0	0	0
		(labor)Foreman:	0	0	0

	Materials:
		Material	As-Built	As-Planned	Difference
		truss connections:	0	0	0

Activity 2 - 2_Cutting Members: Week 129 As-Planned Start: 3 As-Planned End: 6
	Labor:
		2_Cutting Crew:
		LaborType	As-Built	As-Planned	Difference
		(labor)Equipment Operator :	1	0	1
		(labor)Worker:	3	0	3
		(labor)Foreman:	1	0	1
		(equi)Cutting Machine:	1	0	1

	Materials:
		Material	As-Built	As-Planned	Difference
		cutting members:	0	0	0

Activity 4 - 4_Assemble Bridge: Week 129 As-Planned Start: 10 As-Planned End: 13
	Labor:
		4_Bridge Assemble Crew:
		LaborType	As-Built	As-Planned	Difference
		(labor)Equipment Operator :	0	0	0
		(labor)Worker:	0	0	0
		(labor)Foreman:	0	0	0
		(equi)Crane:	0	0	0

	Materials:
		Material	As-Built	As-Planned	Difference
		bridge decking:	0	0	0
--------------------------------------------------------------

The rate for 2_Cutting Members is 0.0
New Rate is: 0.0

*************************
HistoryTimeID is: 7047.
*************************

2_Cutting Members

Activity 5_Load Test: Week 130 As-Planned Start: 13 As-Planned End: 14
	As-Built	As-Planned	Difference
Material:	$0.00	$0.00	$0.00
Labor:	$0.00	$0.00	$0.00
Indirect:	$0.00	$0.00	$0.00


Activity 3_Assemble Trusses: Week 130 As-Planned Start: 6 As-Planned End: 10
	As-Built	As-Planned	Difference
Material:	$0.00	$0.00	$0.00
Labor:	$0.00	$0.00	$0.00
Indirect:	$0.00	$0.00	$0.00


Activity 2_Cutting Members: Week 130 As-Planned Start: 3 As-Planned End: 6
	As-Built	As-Planned	Difference
Material:	$0.00	$0.00	$0.00
Labor:	$2539.12	$0.00	$2539.12
Indirect:	$2700.00	$0.00	$2700.00


Activity 4_Assemble Bridge: Week 130 As-Planned Start: 10 As-Planned End: 13
	As-Built	As-Planned	Difference
Material:	$0.00	$0.00	$0.00
Labor:	$0.00	$0.00	$0.00
Indirect:	$0.00	$0.00	$0.00

Stock Value:
	$0.00	$0.00

Totals
	As-Built	As-Planned	Difference
Material:	$55000.00	$0.00	$55000.00
Labor:	$233461.52	$0.00	$233461.52
Indirect:	$347100.01	$0.00	$347100.01


Resource Usage -----------------------------------------------

Activity 5 - 5_Load Test: Week 130 As-Planned Start: 13 As-Planned End: 14
	Labor:
		5_Load Test Crew:
		LaborType	As-Built	As-Planned	Difference
		(labor)Equipment Operator :	0	0	0
		(labor)Worker:	0	0	0
		(labor)Foreman:	0	0	0
		(equi)Load Testing Machine:	0	0	0

	Materials:
		Material	As-Built	As-Planned	Difference
		test:	0	0	0

Activity 3 - 3_Assemble Trusses: Week 130 As-Planned Start: 6 As-Planned End: 10
	Labor:
		3_Trusses Assemble Crew:
		LaborType	As-Built	As-Planned	Difference
		(labor)Worker:	0	0	0
		(labor)Foreman:	0	0	0

	Materials:
		Material	As-Built	As-Planned	Difference
		truss connections:	0	0	0

Activity 2 - 2_Cutting Members: Week 130 As-Planned Start: 3 As-Planned End: 6
	Labor:
		2_Cutting Crew:
		LaborType	As-Built	As-Planned	Difference
		(labor)Equipment Operator :	1	0	1
		(labor)Worker:	3	0	3
		(labor)Foreman:	1	0	1
		(equi)Cutting Machine:	1	0	1

	Materials:
		Material	As-Built	As-Planned	Difference
		cutting members:	0	0	0

Activity 4 - 4_Assemble Bridge: Week 130 As-Planned Start: 10 As-Planned End: 13
	Labor:
		4_Bridge Assemble Crew:
		LaborType	As-Built	As-Planned	Difference
		(labor)Equipment Operator :	0	0	0
		(labor)Worker:	0	0	0
		(labor)Foreman:	0	0	0
		(equi)Crane:	0	0	0

	Materials:
		Material	As-Built	As-Planned	Difference
		bridge decking:	0	0	0
--------------------------------------------------------------

The rate for 2_Cutting Members is 0.0
New Rate is: 0.0

*************************
HistoryTimeID is: 7048.
*************************

2_Cutting Members

Activity 5_Load Test: Week 131 As-Planned Start: 13 As-Planned End: 14
	As-Built	As-Planned	Difference
Material:	$0.00	$0.00	$0.00
Labor:	$0.00	$0.00	$0.00
Indirect:	$0.00	$0.00	$0.00


Activity 3_Assemble Trusses: Week 131 As-Planned Start: 6 As-Planned End: 10
	As-Built	As-Planned	Difference
Material:	$0.00	$0.00	$0.00
Labor:	$0.00	$0.00	$0.00
Indirect:	$0.00	$0.00	$0.00


Activity 2_Cutting Members: Week 131 As-Planned Start: 3 As-Planned End: 6
	As-Built	As-Planned	Difference
Material:	$0.00	$0.00	$0.00
Labor:	$2539.12	$0.00	$2539.12
Indirect:	$2700.00	$0.00	$2700.00


Activity 4_Assemble Bridge: Week 131 As-Planned Start: 10 As-Planned End: 13
	As-Built	As-Planned	Difference
Material:	$0.00	$0.00	$0.00
Labor:	$0.00	$0.00	$0.00
Indirect:	$0.00	$0.00	$0.00

Stock Value:
	$0.00	$0.00

Totals
	As-Built	As-Planned	Difference
Material:	$55000.00	$0.00	$55000.00
Labor:	$236000.64	$0.00	$236000.64
Indirect:	$349800.01	$0.00	$349800.01


Resource Usage -----------------------------------------------

Activity 5 - 5_Load Test: Week 131 As-Planned Start: 13 As-Planned End: 14
	Labor:
		5_Load Test Crew:
		LaborType	As-Built	As-Planned	Difference
		(labor)Equipment Operator :	0	0	0
		(labor)Worker:	0	0	0
		(labor)Foreman:	0	0	0
		(equi)Load Testing Machine:	0	0	0

	Materials:
		Material	As-Built	As-Planned	Difference
		test:	0	0	0

Activity 3 - 3_Assemble Trusses: Week 131 As-Planned Start: 6 As-Planned End: 10
	Labor:
		3_Trusses Assemble Crew:
		LaborType	As-Built	As-Planned	Difference
		(labor)Worker:	0	0	0
		(labor)Foreman:	0	0	0

	Materials:
		Material	As-Built	As-Planned	Difference
		truss connections:	0	0	0

Activity 2 - 2_Cutting Members: Week 131 As-Planned Start: 3 As-Planned End: 6
	Labor:
		2_Cutting Crew:
		LaborType	As-Built	As-Planned	Difference
		(labor)Equipment Operator :	1	0	1
		(labor)Worker:	3	0	3
		(labor)Foreman:	1	0	1
		(equi)Cutting Machine:	1	0	1

	Materials:
		Material	As-Built	As-Planned	Difference
		cutting members:	0	0	0

Activity 4 - 4_Assemble Bridge: Week 131 As-Planned Start: 10 As-Planned End: 13
	Labor:
		4_Bridge Assemble Crew:
		LaborType	As-Built	As-Planned	Difference
		(labor)Equipment Operator :	0	0	0
		(labor)Worker:	0	0	0
		(labor)Foreman:	0	0	0
		(equi)Crane:	0	0	0

	Materials:
		Material	As-Built	As-Planned	Difference
		bridge decking:	0	0	0
--------------------------------------------------------------

The rate for 2_Cutting Members is 0.0
New Rate is: 0.0

*************************
HistoryTimeID is: 7049.
*************************

2_Cutting Members

Activity 5_Load Test: Week 132 As-Planned Start: 13 As-Planned End: 14
	As-Built	As-Planned	Difference
Material:	$0.00	$0.00	$0.00
Labor:	$0.00	$0.00	$0.00
Indirect:	$0.00	$0.00	$0.00


Activity 3_Assemble Trusses: Week 132 As-Planned Start: 6 As-Planned End: 10
	As-Built	As-Planned	Difference
Material:	$0.00	$0.00	$0.00
Labor:	$0.00	$0.00	$0.00
Indirect:	$0.00	$0.00	$0.00


Activity 2_Cutting Members: Week 132 As-Planned Start: 3 As-Planned End: 6
	As-Built	As-Planned	Difference
Material:	$0.00	$0.00	$0.00
Labor:	$2539.12	$0.00	$2539.12
Indirect:	$2700.00	$0.00	$2700.00


Activity 4_Assemble Bridge: Week 132 As-Planned Start: 10 As-Planned End: 13
	As-Built	As-Planned	Difference
Material:	$0.00	$0.00	$0.00
Labor:	$0.00	$0.00	$0.00
Indirect:	$0.00	$0.00	$0.00

Stock Value:
	$0.00	$0.00

Totals
	As-Built	As-Planned	Difference
Material:	$55000.00	$0.00	$55000.00
Labor:	$238539.76	$0.00	$238539.76
Indirect:	$352500.01	$0.00	$352500.01


Resource Usage -----------------------------------------------

Activity 5 - 5_Load Test: Week 132 As-Planned Start: 13 As-Planned End: 14
	Labor:
		5_Load Test Crew:
		LaborType	As-Built	As-Planned	Difference
		(labor)Equipment Operator :	0	0	0
		(labor)Worker:	0	0	0
		(labor)Foreman:	0	0	0
		(equi)Load Testing Machine:	0	0	0

	Materials:
		Material	As-Built	As-Planned	Difference
		test:	0	0	0

Activity 3 - 3_Assemble Trusses: Week 132 As-Planned Start: 6 As-Planned End: 10
	Labor:
		3_Trusses Assemble Crew:
		LaborType	As-Built	As-Planned	Difference
		(labor)Worker:	0	0	0
		(labor)Foreman:	0	0	0

	Materials:
		Material	As-Built	As-Planned	Difference
		truss connections:	0	0	0

Activity 2 - 2_Cutting Members: Week 132 As-Planned Start: 3 As-Planned End: 6
	Labor:
		2_Cutting Crew:
		LaborType	As-Built	As-Planned	Difference
		(labor)Equipment Operator :	1	0	1
		(labor)Worker:	3	0	3
		(labor)Foreman:	1	0	1
		(equi)Cutting Machine:	1	0	1

	Materials:
		Material	As-Built	As-Planned	Difference
		cutting members:	0	0	0

Activity 4 - 4_Assemble Bridge: Week 132 As-Planned Start: 10 As-Planned End: 13
	Labor:
		4_Bridge Assemble Crew:
		LaborType	As-Built	As-Planned	Difference
		(labor)Equipment Operator :	0	0	0
		(labor)Worker:	0	0	0
		(labor)Foreman:	0	0	0
		(equi)Crane:	0	0	0

	Materials:
		Material	As-Built	As-Planned	Difference
		bridge decking:	0	0	0
--------------------------------------------------------------

The rate for 2_Cutting Members is 0.0
New Rate is: 0.0

*************************
HistoryTimeID is: 7050.
*************************

2_Cutting Members

Activity 5_Load Test: Week 133 As-Planned Start: 13 As-Planned End: 14
	As-Built	As-Planned	Difference
Material:	$0.00	$0.00	$0.00
Labor:	$0.00	$0.00	$0.00
Indirect:	$0.00	$0.00	$0.00


Activity 3_Assemble Trusses: Week 133 As-Planned Start: 6 As-Planned End: 10
	As-Built	As-Planned	Difference
Material:	$0.00	$0.00	$0.00
Labor:	$0.00	$0.00	$0.00
Indirect:	$0.00	$0.00	$0.00


Activity 2_Cutting Members: Week 133 As-Planned Start: 3 As-Planned End: 6
	As-Built	As-Planned	Difference
Material:	$0.00	$0.00	$0.00
Labor:	$0.00	$0.00	$0.00
Indirect:	$2700.00	$0.00	$2700.00


Activity 4_Assemble Bridge: Week 133 As-Planned Start: 10 As-Planned End: 13
	As-Built	As-Planned	Difference
Material:	$0.00	$0.00	$0.00
Labor:	$0.00	$0.00	$0.00
Indirect:	$0.00	$0.00	$0.00

Stock Value:
	$0.00	$0.00

Totals
	As-Built	As-Planned	Difference
Material:	$55000.00	$0.00	$55000.00
Labor:	$238539.76	$0.00	$238539.76
Indirect:	$355200.01	$0.00	$355200.01


Resource Usage -----------------------------------------------

Activity 5 - 5_Load Test: Week 133 As-Planned Start: 13 As-Planned End: 14
	Labor:
		5_Load Test Crew:
		LaborType	As-Built	As-Planned	Difference
		(labor)Equipment Operator :	0	0	0
		(labor)Worker:	0	0	0
		(labor)Foreman:	0	0	0
		(equi)Load Testing Machine:	0	0	0

	Materials:
		Material	As-Built	As-Planned	Difference
		test:	0	0	0

Activity 3 - 3_Assemble Trusses: Week 133 As-Planned Start: 6 As-Planned End: 10
	Labor:
		3_Trusses Assemble Crew:
		LaborType	As-Built	As-Planned	Difference
		(labor)Worker:	0	0	0
		(labor)Foreman:	0	0	0

	Materials:
		Material	As-Built	As-Planned	Difference
		truss connections:	0	0	0

Activity 2 - 2_Cutting Members: Week 133 As-Planned Start: 3 As-Planned End: 6
	Labor:
		2_Cutting Crew:
		LaborType	As-Built	As-Planned	Difference
		(labor)Equipment Operator :	1	0	1
		(labor)Worker:	3	0	3
		(labor)Foreman:	1	0	1
		(equi)Cutting Machine:	1	0	1

	Materials:
		Material	As-Built	As-Planned	Difference
		cutting members:	0	0	0

Activity 4 - 4_Assemble Bridge: Week 133 As-Planned Start: 10 As-Planned End: 13
	Labor:
		4_Bridge Assemble Crew:
		LaborType	As-Built	As-Planned	Difference
		(labor)Equipment Operator :	0	0	0
		(labor)Worker:	0	0	0
		(labor)Foreman:	0	0	0
		(equi)Crane:	0	0	0

	Materials:
		Material	As-Built	As-Planned	Difference
		bridge decking:	0	0	0
--------------------------------------------------------------

The rate for 2_Cutting Members is 0.0
New Rate is: 0.0

*************************
HistoryTimeID is: 7051.
*************************

2_Cutting Members

Activity 5_Load Test: Week 134 As-Planned Start: 13 As-Planned End: 14
	As-Built	As-Planned	Difference
Material:	$0.00	$0.00	$0.00
Labor:	$0.00	$0.00	$0.00
Indirect:	$0.00	$0.00	$0.00


Activity 3_Assemble Trusses: Week 134 As-Planned Start: 6 As-Planned End: 10
	As-Built	As-Planned	Difference
Material:	$0.00	$0.00	$0.00
Labor:	$0.00	$0.00	$0.00
Indirect:	$0.00	$0.00	$0.00


Activity 2_Cutting Members: Week 134 As-Planned Start: 3 As-Planned End: 6
	As-Built	As-Planned	Difference
Material:	$0.00	$0.00	$0.00
Labor:	$0.00	$0.00	$0.00
Indirect:	$2700.00	$0.00	$2700.00


Activity 4_Assemble Bridge: Week 134 As-Planned Start: 10 As-Planned End: 13
	As-Built	As-Planned	Difference
Material:	$0.00	$0.00	$0.00
Labor:	$0.00	$0.00	$0.00
Indirect:	$0.00	$0.00	$0.00

Stock Value:
	$0.00	$0.00

Totals
	As-Built	As-Planned	Difference
Material:	$55000.00	$0.00	$55000.00
Labor:	$238539.76	$0.00	$238539.76
Indirect:	$357900.01	$0.00	$357900.01


Resource Usage -----------------------------------------------

Activity 5 - 5_Load Test: Week 134 As-Planned Start: 13 As-Planned End: 14
	Labor:
		5_Load Test Crew:
		LaborType	As-Built	As-Planned	Difference
		(labor)Equipment Operator :	0	0	0
		(labor)Worker:	0	0	0
		(labor)Foreman:	0	0	0
		(equi)Load Testing Machine:	0	0	0

	Materials:
		Material	As-Built	As-Planned	Difference
		test:	0	0	0

Activity 3 - 3_Assemble Trusses: Week 134 As-Planned Start: 6 As-Planned End: 10
	Labor:
		3_Trusses Assemble Crew:
		LaborType	As-Built	As-Planned	Difference
		(labor)Worker:	0	0	0
		(labor)Foreman:	0	0	0

	Materials:
		Material	As-Built	As-Planned	Difference
		truss connections:	0	0	0

Activity 2 - 2_Cutting Members: Week 134 As-Planned Start: 3 As-Planned End: 6
	Labor:
		2_Cutting Crew:
		LaborType	As-Built	As-Planned	Difference
		(labor)Equipment Operator :	1	0	1
		(labor)Worker:	3	0	3
		(labor)Foreman:	1	0	1
		(equi)Cutting Machine:	1	0	1

	Materials:
		Material	As-Built	As-Planned	Difference
		cutting members:	0	0	0

Activity 4 - 4_Assemble Bridge: Week 134 As-Planned Start: 10 As-Planned End: 13
	Labor:
		4_Bridge Assemble Crew:
		LaborType	As-Built	As-Planned	Difference
		(labor)Equipment Operator :	0	0	0
		(labor)Worker:	0	0	0
		(labor)Foreman:	0	0	0
		(equi)Crane:	0	0	0

	Materials:
		Material	As-Built	As-Planned	Difference
		bridge decking:	0	0	0
--------------------------------------------------------------

The rate for 2_Cutting Members is 0.0
New Rate is: 0.0

*************************
HistoryTimeID is: 7052.
*************************

2_Cutting Members

Activity 5_Load Test: Week 135 As-Planned Start: 13 As-Planned End: 14
	As-Built	As-Planned	Difference
Material:	$0.00	$0.00	$0.00
Labor:	$0.00	$0.00	$0.00
Indirect:	$0.00	$0.00	$0.00


Activity 3_Assemble Trusses: Week 135 As-Planned Start: 6 As-Planned End: 10
	As-Built	As-Planned	Difference
Material:	$0.00	$0.00	$0.00
Labor:	$0.00	$0.00	$0.00
Indirect:	$0.00	$0.00	$0.00


Activity 2_Cutting Members: Week 135 As-Planned Start: 3 As-Planned End: 6
	As-Built	As-Planned	Difference
Material:	$0.00	$0.00	$0.00
Labor:	$2539.12	$0.00	$2539.12
Indirect:	$2700.00	$0.00	$2700.00


Activity 4_Assemble Bridge: Week 135 As-Planned Start: 10 As-Planned End: 13
	As-Built	As-Planned	Difference
Material:	$0.00	$0.00	$0.00
Labor:	$0.00	$0.00	$0.00
Indirect:	$0.00	$0.00	$0.00

Stock Value:
	$0.00	$0.00

Totals
	As-Built	As-Planned	Difference
Material:	$55000.00	$0.00	$55000.00
Labor:	$241078.88	$0.00	$241078.88
Indirect:	$360600.01	$0.00	$360600.01


Resource Usage -----------------------------------------------

Activity 5 - 5_Load Test: Week 135 As-Planned Start: 13 As-Planned End: 14
	Labor:
		5_Load Test Crew:
		LaborType	As-Built	As-Planned	Difference
		(labor)Equipment Operator :	0	0	0
		(labor)Worker:	0	0	0
		(labor)Foreman:	0	0	0
		(equi)Load Testing Machine:	0	0	0

	Materials:
		Material	As-Built	As-Planned	Difference
		test:	0	0	0

Activity 3 - 3_Assemble Trusses: Week 135 As-Planned Start: 6 As-Planned End: 10
	Labor:
		3_Trusses Assemble Crew:
		LaborType	As-Built	As-Planned	Difference
		(labor)Worker:	0	0	0
		(labor)Foreman:	0	0	0

	Materials:
		Material	As-Built	As-Planned	Difference
		truss connections:	0	0	0

Activity 2 - 2_Cutting Members: Week 135 As-Planned Start: 3 As-Planned End: 6
	Labor:
		2_Cutting Crew:
		LaborType	As-Built	As-Planned	Difference
		(labor)Equipment Operator :	1	0	1
		(labor)Worker:	3	0	3
		(labor)Foreman:	1	0	1
		(equi)Cutting Machine:	1	0	1

	Materials:
		Material	As-Built	As-Planned	Difference
		cutting members:	0	0	0

Activity 4 - 4_Assemble Bridge: Week 135 As-Planned Start: 10 As-Planned End: 13
	Labor:
		4_Bridge Assemble Crew:
		LaborType	As-Built	As-Planned	Difference
		(labor)Equipment Operator :	0	0	0
		(labor)Worker:	0	0	0
		(labor)Foreman:	0	0	0
		(equi)Crane:	0	0	0

	Materials:
		Material	As-Built	As-Planned	Difference
		bridge decking:	0	0	0
--------------------------------------------------------------

The rate for 2_Cutting Members is 0.0
New Rate is: 0.0

*************************
HistoryTimeID is: 7053.
*************************

2_Cutting Members

Activity 5_Load Test: Week 136 As-Planned Start: 13 As-Planned End: 14
	As-Built	As-Planned	Difference
Material:	$0.00	$0.00	$0.00
Labor:	$0.00	$0.00	$0.00
Indirect:	$0.00	$0.00	$0.00


Activity 3_Assemble Trusses: Week 136 As-Planned Start: 6 As-Planned End: 10
	As-Built	As-Planned	Difference
Material:	$0.00	$0.00	$0.00
Labor:	$0.00	$0.00	$0.00
Indirect:	$0.00	$0.00	$0.00


Activity 2_Cutting Members: Week 136 As-Planned Start: 3 As-Planned End: 6
	As-Built	As-Planned	Difference
Material:	$0.00	$0.00	$0.00
Labor:	$2539.12	$0.00	$2539.12
Indirect:	$2700.00	$0.00	$2700.00


Activity 4_Assemble Bridge: Week 136 As-Planned Start: 10 As-Planned End: 13
	As-Built	As-Planned	Difference
Material:	$0.00	$0.00	$0.00
Labor:	$0.00	$0.00	$0.00
Indirect:	$0.00	$0.00	$0.00

Stock Value:
	$0.00	$0.00

Totals
	As-Built	As-Planned	Difference
Material:	$55000.00	$0.00	$55000.00
Labor:	$243618.00	$0.00	$243618.00
Indirect:	$363300.01	$0.00	$363300.01


Resource Usage -----------------------------------------------

Activity 5 - 5_Load Test: Week 136 As-Planned Start: 13 As-Planned End: 14
	Labor:
		5_Load Test Crew:
		LaborType	As-Built	As-Planned	Difference
		(labor)Equipment Operator :	0	0	0
		(labor)Worker:	0	0	0
		(labor)Foreman:	0	0	0
		(equi)Load Testing Machine:	0	0	0

	Materials:
		Material	As-Built	As-Planned	Difference
		test:	0	0	0

Activity 3 - 3_Assemble Trusses: Week 136 As-Planned Start: 6 As-Planned End: 10
	Labor:
		3_Trusses Assemble Crew:
		LaborType	As-Built	As-Planned	Difference
		(labor)Worker:	0	0	0
		(labor)Foreman:	0	0	0

	Materials:
		Material	As-Built	As-Planned	Difference
		truss connections:	0	0	0

Activity 2 - 2_Cutting Members: Week 136 As-Planned Start: 3 As-Planned End: 6
	Labor:
		2_Cutting Crew:
		LaborType	As-Built	As-Planned	Difference
		(labor)Equipment Operator :	1	0	1
		(labor)Worker:	3	0	3
		(labor)Foreman:	1	0	1
		(equi)Cutting Machine:	1	0	1

	Materials:
		Material	As-Built	As-Planned	Difference
		cutting members:	0	0	0

Activity 4 - 4_Assemble Bridge: Week 136 As-Planned Start: 10 As-Planned End: 13
	Labor:
		4_Bridge Assemble Crew:
		LaborType	As-Built	As-Planned	Difference
		(labor)Equipment Operator :	0	0	0
		(labor)Worker:	0	0	0
		(labor)Foreman:	0	0	0
		(equi)Crane:	0	0	0

	Materials:
		Material	As-Built	As-Planned	Difference
		bridge decking:	0	0	0
--------------------------------------------------------------

The rate for 2_Cutting Members is 0.0
New Rate is: 0.0

*************************
HistoryTimeID is: 7054.
*************************

2_Cutting Members

Activity 5_Load Test: Week 137 As-Planned Start: 13 As-Planned End: 14
	As-Built	As-Planned	Difference
Material:	$0.00	$0.00	$0.00
Labor:	$0.00	$0.00	$0.00
Indirect:	$0.00	$0.00	$0.00


Activity 3_Assemble Trusses: Week 137 As-Planned Start: 6 As-Planned End: 10
	As-Built	As-Planned	Difference
Material:	$0.00	$0.00	$0.00
Labor:	$0.00	$0.00	$0.00
Indirect:	$0.00	$0.00	$0.00


Activity 2_Cutting Members: Week 137 As-Planned Start: 3 As-Planned End: 6
	As-Built	As-Planned	Difference
Material:	$0.00	$0.00	$0.00
Labor:	$2539.12	$0.00	$2539.12
Indirect:	$2700.00	$0.00	$2700.00


Activity 4_Assemble Bridge: Week 137 As-Planned Start: 10 As-Planned End: 13
	As-Built	As-Planned	Difference
Material:	$0.00	$0.00	$0.00
Labor:	$0.00	$0.00	$0.00
Indirect:	$0.00	$0.00	$0.00

Stock Value:
	$0.00	$0.00

Totals
	As-Built	As-Planned	Difference
Material:	$55000.00	$0.00	$55000.00
Labor:	$246157.12	$0.00	$246157.12
Indirect:	$366000.01	$0.00	$366000.01


Resource Usage -----------------------------------------------

Activity 5 - 5_Load Test: Week 137 As-Planned Start: 13 As-Planned End: 14
	Labor:
		5_Load Test Crew:
		LaborType	As-Built	As-Planned	Difference
		(labor)Equipment Operator :	0	0	0
		(labor)Worker:	0	0	0
		(labor)Foreman:	0	0	0
		(equi)Load Testing Machine:	0	0	0

	Materials:
		Material	As-Built	As-Planned	Difference
		test:	0	0	0

Activity 3 - 3_Assemble Trusses: Week 137 As-Planned Start: 6 As-Planned End: 10
	Labor:
		3_Trusses Assemble Crew:
		LaborType	As-Built	As-Planned	Difference
		(labor)Worker:	0	0	0
		(labor)Foreman:	0	0	0

	Materials:
		Material	As-Built	As-Planned	Difference
		truss connections:	0	0	0

Activity 2 - 2_Cutting Members: Week 137 As-Planned Start: 3 As-Planned End: 6
	Labor:
		2_Cutting Crew:
		LaborType	As-Built	As-Planned	Difference
		(labor)Equipment Operator :	1	0	1
		(labor)Worker:	3	0	3
		(labor)Foreman:	1	0	1
		(equi)Cutting Machine:	1	0	1

	Materials:
		Material	As-Built	As-Planned	Difference
		cutting members:	0	0	0

Activity 4 - 4_Assemble Bridge: Week 137 As-Planned Start: 10 As-Planned End: 13
	Labor:
		4_Bridge Assemble Crew:
		LaborType	As-Built	As-Planned	Difference
		(labor)Equipment Operator :	0	0	0
		(labor)Worker:	0	0	0
		(labor)Foreman:	0	0	0
		(equi)Crane:	0	0	0

	Materials:
		Material	As-Built	As-Planned	Difference
		bridge decking:	0	0	0
--------------------------------------------------------------

The rate for 2_Cutting Members is 0.0
New Rate is: 0.0

*************************
HistoryTimeID is: 7055.
*************************

2_Cutting Members

Activity 5_Load Test: Week 138 As-Planned Start: 13 As-Planned End: 14
	As-Built	As-Planned	Difference
Material:	$0.00	$0.00	$0.00
Labor:	$0.00	$0.00	$0.00
Indirect:	$0.00	$0.00	$0.00


Activity 3_Assemble Trusses: Week 138 As-Planned Start: 6 As-Planned End: 10
	As-Built	As-Planned	Difference
Material:	$0.00	$0.00	$0.00
Labor:	$0.00	$0.00	$0.00
Indirect:	$0.00	$0.00	$0.00


Activity 2_Cutting Members: Week 138 As-Planned Start: 3 As-Planned End: 6
	As-Built	As-Planned	Difference
Material:	$0.00	$0.00	$0.00
Labor:	$2539.12	$0.00	$2539.12
Indirect:	$2700.00	$0.00	$2700.00


Activity 4_Assemble Bridge: Week 138 As-Planned Start: 10 As-Planned End: 13
	As-Built	As-Planned	Difference
Material:	$0.00	$0.00	$0.00
Labor:	$0.00	$0.00	$0.00
Indirect:	$0.00	$0.00	$0.00

Stock Value:
	$0.00	$0.00

Totals
	As-Built	As-Planned	Difference
Material:	$55000.00	$0.00	$55000.00
Labor:	$248696.24	$0.00	$248696.24
Indirect:	$368700.01	$0.00	$368700.01


Resource Usage -----------------------------------------------

Activity 5 - 5_Load Test: Week 138 As-Planned Start: 13 As-Planned End: 14
	Labor:
		5_Load Test Crew:
		LaborType	As-Built	As-Planned	Difference
		(labor)Equipment Operator :	0	0	0
		(labor)Worker:	0	0	0
		(labor)Foreman:	0	0	0
		(equi)Load Testing Machine:	0	0	0

	Materials:
		Material	As-Built	As-Planned	Difference
		test:	0	0	0

Activity 3 - 3_Assemble Trusses: Week 138 As-Planned Start: 6 As-Planned End: 10
	Labor:
		3_Trusses Assemble Crew:
		LaborType	As-Built	As-Planned	Difference
		(labor)Worker:	0	0	0
		(labor)Foreman:	0	0	0

	Materials:
		Material	As-Built	As-Planned	Difference
		truss connections:	0	0	0

Activity 2 - 2_Cutting Members: Week 138 As-Planned Start: 3 As-Planned End: 6
	Labor:
		2_Cutting Crew:
		LaborType	As-Built	As-Planned	Difference
		(labor)Equipment Operator :	1	0	1
		(labor)Worker:	3	0	3
		(labor)Foreman:	1	0	1
		(equi)Cutting Machine:	1	0	1

	Materials:
		Material	As-Built	As-Planned	Difference
		cutting members:	0	0	0

Activity 4 - 4_Assemble Bridge: Week 138 As-Planned Start: 10 As-Planned End: 13
	Labor:
		4_Bridge Assemble Crew:
		LaborType	As-Built	As-Planned	Difference
		(labor)Equipment Operator :	0	0	0
		(labor)Worker:	0	0	0
		(labor)Foreman:	0	0	0
		(equi)Crane:	0	0	0

	Materials:
		Material	As-Built	As-Planned	Difference
		bridge decking:	0	0	0
--------------------------------------------------------------


=======================================================================>
Bad weather, productivities reduce to 50%! 
Bad weather, productivities reduce to 50%! 
(Rule Bad weather)
=======================================================================>

The rate for 2_Cutting Members is 0.0
New Rate is: 0.0

*************************
HistoryTimeID is: 7056.
*************************

2_Cutting Members

Activity 5_Load Test: Week 139 As-Planned Start: 13 As-Planned End: 14
	As-Built	As-Planned	Difference
Material:	$0.00	$0.00	$0.00
Labor:	$0.00	$0.00	$0.00
Indirect:	$0.00	$0.00	$0.00


Activity 3_Assemble Trusses: Week 139 As-Planned Start: 6 As-Planned End: 10
	As-Built	As-Planned	Difference
Material:	$0.00	$0.00	$0.00
Labor:	$0.00	$0.00	$0.00
Indirect:	$0.00	$0.00	$0.00


Activity 2_Cutting Members: Week 139 As-Planned Start: 3 As-Planned End: 6
	As-Built	As-Planned	Difference
Material:	$0.00	$0.00	$0.00
Labor:	$2539.12	$0.00	$2539.12
Indirect:	$2700.00	$0.00	$2700.00


Activity 4_Assemble Bridge: Week 139 As-Planned Start: 10 As-Planned End: 13
	As-Built	As-Planned	Difference
Material:	$0.00	$0.00	$0.00
Labor:	$0.00	$0.00	$0.00
Indirect:	$0.00	$0.00	$0.00

Stock Value:
	$0.00	$0.00

Totals
	As-Built	As-Planned	Difference
Material:	$55000.00	$0.00	$55000.00
Labor:	$251235.36	$0.00	$251235.36
Indirect:	$371400.01	$0.00	$371400.01


Resource Usage -----------------------------------------------

Activity 5 - 5_Load Test: Week 139 As-Planned Start: 13 As-Planned End: 14
	Labor:
		5_Load Test Crew:
		LaborType	As-Built	As-Planned	Difference
		(labor)Equipment Operator :	0	0	0
		(labor)Worker:	0	0	0
		(labor)Foreman:	0	0	0
		(equi)Load Testing Machine:	0	0	0

	Materials:
		Material	As-Built	As-Planned	Difference
		test:	0	0	0

Activity 3 - 3_Assemble Trusses: Week 139 As-Planned Start: 6 As-Planned End: 10
	Labor:
		3_Trusses Assemble Crew:
		LaborType	As-Built	As-Planned	Difference
		(labor)Worker:	0	0	0
		(labor)Foreman:	0	0	0

	Materials:
		Material	As-Built	As-Planned	Difference
		truss connections:	0	0	0

Activity 2 - 2_Cutting Members: Week 139 As-Planned Start: 3 As-Planned End: 6
	Labor:
		2_Cutting Crew:
		LaborType	As-Built	As-Planned	Difference
		(labor)Equipment Operator :	1	0	1
		(labor)Worker:	3	0	3
		(labor)Foreman:	1	0	1
		(equi)Cutting Machine:	1	0	1

	Materials:
		Material	As-Built	As-Planned	Difference
		cutting members:	0	0	0

Activity 4 - 4_Assemble Bridge: Week 139 As-Planned Start: 10 As-Planned End: 13
	Labor:
		4_Bridge Assemble Crew:
		LaborType	As-Built	As-Planned	Difference
		(labor)Equipment Operator :	0	0	0
		(labor)Worker:	0	0	0
		(labor)Foreman:	0	0	0
		(equi)Crane:	0	0	0

	Materials:
		Material	As-Built	As-Planned	Difference
		bridge decking:	0	0	0
--------------------------------------------------------------

The rate for 2_Cutting Members is 0.0
New Rate is: 0.0

*************************
HistoryTimeID is: 7057.
*************************

2_Cutting Members

Activity 5_Load Test: Week 140 As-Planned Start: 13 As-Planned End: 14
	As-Built	As-Planned	Difference
Material:	$0.00	$0.00	$0.00
Labor:	$0.00	$0.00	$0.00
Indirect:	$0.00	$0.00	$0.00


Activity 3_Assemble Trusses: Week 140 As-Planned Start: 6 As-Planned End: 10
	As-Built	As-Planned	Difference
Material:	$0.00	$0.00	$0.00
Labor:	$0.00	$0.00	$0.00
Indirect:	$0.00	$0.00	$0.00


Activity 2_Cutting Members: Week 140 As-Planned Start: 3 As-Planned End: 6
	As-Built	As-Planned	Difference
Material:	$0.00	$0.00	$0.00
Labor:	$0.00	$0.00	$0.00
Indirect:	$2700.00	$0.00	$2700.00


Activity 4_Assemble Bridge: Week 140 As-Planned Start: 10 As-Planned End: 13
	As-Built	As-Planned	Difference
Material:	$0.00	$0.00	$0.00
Labor:	$0.00	$0.00	$0.00
Indirect:	$0.00	$0.00	$0.00

Stock Value:
	$0.00	$0.00

Totals
	As-Built	As-Planned	Difference
Material:	$55000.00	$0.00	$55000.00
Labor:	$251235.36	$0.00	$251235.36
Indirect:	$374100.01	$0.00	$374100.01


Resource Usage -----------------------------------------------

Activity 5 - 5_Load Test: Week 140 As-Planned Start: 13 As-Planned End: 14
	Labor:
		5_Load Test Crew:
		LaborType	As-Built	As-Planned	Difference
		(labor)Equipment Operator :	0	0	0
		(labor)Worker:	0	0	0
		(labor)Foreman:	0	0	0
		(equi)Load Testing Machine:	0	0	0

	Materials:
		Material	As-Built	As-Planned	Difference
		test:	0	0	0

Activity 3 - 3_Assemble Trusses: Week 140 As-Planned Start: 6 As-Planned End: 10
	Labor:
		3_Trusses Assemble Crew:
		LaborType	As-Built	As-Planned	Difference
		(labor)Worker:	0	0	0
		(labor)Foreman:	0	0	0

	Materials:
		Material	As-Built	As-Planned	Difference
		truss connections:	0	0	0

Activity 2 - 2_Cutting Members: Week 140 As-Planned Start: 3 As-Planned End: 6
	Labor:
		2_Cutting Crew:
		LaborType	As-Built	As-Planned	Difference
		(labor)Equipment Operator :	1	0	1
		(labor)Worker:	3	0	3
		(labor)Foreman:	1	0	1
		(equi)Cutting Machine:	1	0	1

	Materials:
		Material	As-Built	As-Planned	Difference
		cutting members:	0	0	0

Activity 4 - 4_Assemble Bridge: Week 140 As-Planned Start: 10 As-Planned End: 13
	Labor:
		4_Bridge Assemble Crew:
		LaborType	As-Built	As-Planned	Difference
		(labor)Equipment Operator :	0	0	0
		(labor)Worker:	0	0	0
		(labor)Foreman:	0	0	0
		(equi)Crane:	0	0	0

	Materials:
		Material	As-Built	As-Planned	Difference
		bridge decking:	0	0	0
--------------------------------------------------------------

The rate for 2_Cutting Members is 0.0
New Rate is: 0.0

*************************
HistoryTimeID is: 7058.
*************************

2_Cutting Members

Activity 5_Load Test: Week 141 As-Planned Start: 13 As-Planned End: 14
	As-Built	As-Planned	Difference
Material:	$0.00	$0.00	$0.00
Labor:	$0.00	$0.00	$0.00
Indirect:	$0.00	$0.00	$0.00


Activity 3_Assemble Trusses: Week 141 As-Planned Start: 6 As-Planned End: 10
	As-Built	As-Planned	Difference
Material:	$0.00	$0.00	$0.00
Labor:	$0.00	$0.00	$0.00
Indirect:	$0.00	$0.00	$0.00


Activity 2_Cutting Members: Week 141 As-Planned Start: 3 As-Planned End: 6
	As-Built	As-Planned	Difference
Material:	$0.00	$0.00	$0.00
Labor:	$0.00	$0.00	$0.00
Indirect:	$2700.00	$0.00	$2700.00


Activity 4_Assemble Bridge: Week 141 As-Planned Start: 10 As-Planned End: 13
	As-Built	As-Planned	Difference
Material:	$0.00	$0.00	$0.00
Labor:	$0.00	$0.00	$0.00
Indirect:	$0.00	$0.00	$0.00

Stock Value:
	$0.00	$0.00

Totals
	As-Built	As-Planned	Difference
Material:	$55000.00	$0.00	$55000.00
Labor:	$251235.36	$0.00	$251235.36
Indirect:	$376800.01	$0.00	$376800.01


Resource Usage -----------------------------------------------

Activity 5 - 5_Load Test: Week 141 As-Planned Start: 13 As-Planned End: 14
	Labor:
		5_Load Test Crew:
		LaborType	As-Built	As-Planned	Difference
		(labor)Equipment Operator :	0	0	0
		(labor)Worker:	0	0	0
		(labor)Foreman:	0	0	0
		(equi)Load Testing Machine:	0	0	0

	Materials:
		Material	As-Built	As-Planned	Difference
		test:	0	0	0

Activity 3 - 3_Assemble Trusses: Week 141 As-Planned Start: 6 As-Planned End: 10
	Labor:
		3_Trusses Assemble Crew:
		LaborType	As-Built	As-Planned	Difference
		(labor)Worker:	0	0	0
		(labor)Foreman:	0	0	0

	Materials:
		Material	As-Built	As-Planned	Difference
		truss connections:	0	0	0

Activity 2 - 2_Cutting Members: Week 141 As-Planned Start: 3 As-Planned End: 6
	Labor:
		2_Cutting Crew:
		LaborType	As-Built	As-Planned	Difference
		(labor)Equipment Operator :	1	0	1
		(labor)Worker:	3	0	3
		(labor)Foreman:	1	0	1
		(equi)Cutting Machine:	1	0	1

	Materials:
		Material	As-Built	As-Planned	Difference
		cutting members:	0	0	0

Activity 4 - 4_Assemble Bridge: Week 141 As-Planned Start: 10 As-Planned End: 13
	Labor:
		4_Bridge Assemble Crew:
		LaborType	As-Built	As-Planned	Difference
		(labor)Equipment Operator :	0	0	0
		(labor)Worker:	0	0	0
		(labor)Foreman:	0	0	0
		(equi)Crane:	0	0	0

	Materials:
		Material	As-Built	As-Planned	Difference
		bridge decking:	0	0	0
--------------------------------------------------------------

The rate for 2_Cutting Members is 0.0
New Rate is: 0.0

*************************
HistoryTimeID is: 7059.
*************************

2_Cutting Members

Activity 5_Load Test: Week 142 As-Planned Start: 13 As-Planned End: 14
	As-Built	As-Planned	Difference
Material:	$0.00	$0.00	$0.00
Labor:	$0.00	$0.00	$0.00
Indirect:	$0.00	$0.00	$0.00


Activity 3_Assemble Trusses: Week 142 As-Planned Start: 6 As-Planned End: 10
	As-Built	As-Planned	Difference
Material:	$0.00	$0.00	$0.00
Labor:	$0.00	$0.00	$0.00
Indirect:	$0.00	$0.00	$0.00


Activity 2_Cutting Members: Week 142 As-Planned Start: 3 As-Planned End: 6
	As-Built	As-Planned	Difference
Material:	$0.00	$0.00	$0.00
Labor:	$2539.12	$0.00	$2539.12
Indirect:	$2700.00	$0.00	$2700.00


Activity 4_Assemble Bridge: Week 142 As-Planned Start: 10 As-Planned End: 13
	As-Built	As-Planned	Difference
Material:	$0.00	$0.00	$0.00
Labor:	$0.00	$0.00	$0.00
Indirect:	$0.00	$0.00	$0.00

Stock Value:
	$0.00	$0.00

Totals
	As-Built	As-Planned	Difference
Material:	$55000.00	$0.00	$55000.00
Labor:	$253774.48	$0.00	$253774.48
Indirect:	$379500.02	$0.00	$379500.02


Resource Usage -----------------------------------------------

Activity 5 - 5_Load Test: Week 142 As-Planned Start: 13 As-Planned End: 14
	Labor:
		5_Load Test Crew:
		LaborType	As-Built	As-Planned	Difference
		(labor)Equipment Operator :	0	0	0
		(labor)Worker:	0	0	0
		(labor)Foreman:	0	0	0
		(equi)Load Testing Machine:	0	0	0

	Materials:
		Material	As-Built	As-Planned	Difference
		test:	0	0	0

Activity 3 - 3_Assemble Trusses: Week 142 As-Planned Start: 6 As-Planned End: 10
	Labor:
		3_Trusses Assemble Crew:
		LaborType	As-Built	As-Planned	Difference
		(labor)Worker:	0	0	0
		(labor)Foreman:	0	0	0

	Materials:
		Material	As-Built	As-Planned	Difference
		truss connections:	0	0	0

Activity 2 - 2_Cutting Members: Week 142 As-Planned Start: 3 As-Planned End: 6
	Labor:
		2_Cutting Crew:
		LaborType	As-Built	As-Planned	Difference
		(labor)Equipment Operator :	1	0	1
		(labor)Worker:	3	0	3
		(labor)Foreman:	1	0	1
		(equi)Cutting Machine:	1	0	1

	Materials:
		Material	As-Built	As-Planned	Difference
		cutting members:	0	0	0

Activity 4 - 4_Assemble Bridge: Week 142 As-Planned Start: 10 As-Planned End: 13
	Labor:
		4_Bridge Assemble Crew:
		LaborType	As-Built	As-Planned	Difference
		(labor)Equipment Operator :	0	0	0
		(labor)Worker:	0	0	0
		(labor)Foreman:	0	0	0
		(equi)Crane:	0	0	0

	Materials:
		Material	As-Built	As-Planned	Difference
		bridge decking:	0	0	0
--------------------------------------------------------------

The rate for 2_Cutting Members is 0.0
New Rate is: 0.0

*************************
HistoryTimeID is: 7060.
*************************

2_Cutting Members

Activity 5_Load Test: Week 143 As-Planned Start: 13 As-Planned End: 14
	As-Built	As-Planned	Difference
Material:	$0.00	$0.00	$0.00
Labor:	$0.00	$0.00	$0.00
Indirect:	$0.00	$0.00	$0.00


Activity 3_Assemble Trusses: Week 143 As-Planned Start: 6 As-Planned End: 10
	As-Built	As-Planned	Difference
Material:	$0.00	$0.00	$0.00
Labor:	$0.00	$0.00	$0.00
Indirect:	$0.00	$0.00	$0.00


Activity 2_Cutting Members: Week 143 As-Planned Start: 3 As-Planned End: 6
	As-Built	As-Planned	Difference
Material:	$0.00	$0.00	$0.00
Labor:	$2539.12	$0.00	$2539.12
Indirect:	$2700.00	$0.00	$2700.00


Activity 4_Assemble Bridge: Week 143 As-Planned Start: 10 As-Planned End: 13
	As-Built	As-Planned	Difference
Material:	$0.00	$0.00	$0.00
Labor:	$0.00	$0.00	$0.00
Indirect:	$0.00	$0.00	$0.00

Stock Value:
	$0.00	$0.00

Totals
	As-Built	As-Planned	Difference
Material:	$55000.00	$0.00	$55000.00
Labor:	$256313.60	$0.00	$256313.60
Indirect:	$382200.02	$0.00	$382200.02


Resource Usage -----------------------------------------------

Activity 5 - 5_Load Test: Week 143 As-Planned Start: 13 As-Planned End: 14
	Labor:
		5_Load Test Crew:
		LaborType	As-Built	As-Planned	Difference
		(labor)Equipment Operator :	0	0	0
		(labor)Worker:	0	0	0
		(labor)Foreman:	0	0	0
		(equi)Load Testing Machine:	0	0	0

	Materials:
		Material	As-Built	As-Planned	Difference
		test:	0	0	0

Activity 3 - 3_Assemble Trusses: Week 143 As-Planned Start: 6 As-Planned End: 10
	Labor:
		3_Trusses Assemble Crew:
		LaborType	As-Built	As-Planned	Difference
		(labor)Worker:	0	0	0
		(labor)Foreman:	0	0	0

	Materials:
		Material	As-Built	As-Planned	Difference
		truss connections:	0	0	0

Activity 2 - 2_Cutting Members: Week 143 As-Planned Start: 3 As-Planned End: 6
	Labor:
		2_Cutting Crew:
		LaborType	As-Built	As-Planned	Difference
		(labor)Equipment Operator :	1	0	1
		(labor)Worker:	3	0	3
		(labor)Foreman:	1	0	1
		(equi)Cutting Machine:	1	0	1

	Materials:
		Material	As-Built	As-Planned	Difference
		cutting members:	0	0	0

Activity 4 - 4_Assemble Bridge: Week 143 As-Planned Start: 10 As-Planned End: 13
	Labor:
		4_Bridge Assemble Crew:
		LaborType	As-Built	As-Planned	Difference
		(labor)Equipment Operator :	0	0	0
		(labor)Worker:	0	0	0
		(labor)Foreman:	0	0	0
		(equi)Crane:	0	0	0

	Materials:
		Material	As-Built	As-Planned	Difference
		bridge decking:	0	0	0
--------------------------------------------------------------

The rate for 2_Cutting Members is 0.0
New Rate is: 0.0

*************************
HistoryTimeID is: 7061.
*************************

2_Cutting Members

Activity 5_Load Test: Week 144 As-Planned Start: 13 As-Planned End: 14
	As-Built	As-Planned	Difference
Material:	$0.00	$0.00	$0.00
Labor:	$0.00	$0.00	$0.00
Indirect:	$0.00	$0.00	$0.00


Activity 3_Assemble Trusses: Week 144 As-Planned Start: 6 As-Planned End: 10
	As-Built	As-Planned	Difference
Material:	$0.00	$0.00	$0.00
Labor:	$0.00	$0.00	$0.00
Indirect:	$0.00	$0.00	$0.00


Activity 2_Cutting Members: Week 144 As-Planned Start: 3 As-Planned End: 6
	As-Built	As-Planned	Difference
Material:	$0.00	$0.00	$0.00
Labor:	$2539.12	$0.00	$2539.12
Indirect:	$2700.00	$0.00	$2700.00


Activity 4_Assemble Bridge: Week 144 As-Planned Start: 10 As-Planned End: 13
	As-Built	As-Planned	Difference
Material:	$0.00	$0.00	$0.00
Labor:	$0.00	$0.00	$0.00
Indirect:	$0.00	$0.00	$0.00

Stock Value:
	$0.00	$0.00

Totals
	As-Built	As-Planned	Difference
Material:	$55000.00	$0.00	$55000.00
Labor:	$258852.72	$0.00	$258852.72
Indirect:	$384900.02	$0.00	$384900.02


Resource Usage -----------------------------------------------

Activity 5 - 5_Load Test: Week 144 As-Planned Start: 13 As-Planned End: 14
	Labor:
		5_Load Test Crew:
		LaborType	As-Built	As-Planned	Difference
		(labor)Equipment Operator :	0	0	0
		(labor)Worker:	0	0	0
		(labor)Foreman:	0	0	0
		(equi)Load Testing Machine:	0	0	0

	Materials:
		Material	As-Built	As-Planned	Difference
		test:	0	0	0

Activity 3 - 3_Assemble Trusses: Week 144 As-Planned Start: 6 As-Planned End: 10
	Labor:
		3_Trusses Assemble Crew:
		LaborType	As-Built	As-Planned	Difference
		(labor)Worker:	0	0	0
		(labor)Foreman:	0	0	0

	Materials:
		Material	As-Built	As-Planned	Difference
		truss connections:	0	0	0

Activity 2 - 2_Cutting Members: Week 144 As-Planned Start: 3 As-Planned End: 6
	Labor:
		2_Cutting Crew:
		LaborType	As-Built	As-Planned	Difference
		(labor)Equipment Operator :	1	0	1
		(labor)Worker:	3	0	3
		(labor)Foreman:	1	0	1
		(equi)Cutting Machine:	1	0	1

	Materials:
		Material	As-Built	As-Planned	Difference
		cutting members:	0	0	0

Activity 4 - 4_Assemble Bridge: Week 144 As-Planned Start: 10 As-Planned End: 13
	Labor:
		4_Bridge Assemble Crew:
		LaborType	As-Built	As-Planned	Difference
		(labor)Equipment Operator :	0	0	0
		(labor)Worker:	0	0	0
		(labor)Foreman:	0	0	0
		(equi)Crane:	0	0	0

	Materials:
		Material	As-Built	As-Planned	Difference
		bridge decking:	0	0	0
--------------------------------------------------------------

The rate for 2_Cutting Members is 0.0
New Rate is: 0.0

*************************
HistoryTimeID is: 7062.
*************************

2_Cutting Members

Activity 5_Load Test: Week 145 As-Planned Start: 13 As-Planned End: 14
	As-Built	As-Planned	Difference
Material:	$0.00	$0.00	$0.00
Labor:	$0.00	$0.00	$0.00
Indirect:	$0.00	$0.00	$0.00


Activity 3_Assemble Trusses: Week 145 As-Planned Start: 6 As-Planned End: 10
	As-Built	As-Planned	Difference
Material:	$0.00	$0.00	$0.00
Labor:	$0.00	$0.00	$0.00
Indirect:	$0.00	$0.00	$0.00


Activity 2_Cutting Members: Week 145 As-Planned Start: 3 As-Planned End: 6
	As-Built	As-Planned	Difference
Material:	$0.00	$0.00	$0.00
Labor:	$2539.12	$0.00	$2539.12
Indirect:	$2700.00	$0.00	$2700.00


Activity 4_Assemble Bridge: Week 145 As-Planned Start: 10 As-Planned End: 13
	As-Built	As-Planned	Difference
Material:	$0.00	$0.00	$0.00
Labor:	$0.00	$0.00	$0.00
Indirect:	$0.00	$0.00	$0.00

Stock Value:
	$0.00	$0.00

Totals
	As-Built	As-Planned	Difference
Material:	$55000.00	$0.00	$55000.00
Labor:	$261391.84	$0.00	$261391.84
Indirect:	$387600.02	$0.00	$387600.02


Resource Usage -----------------------------------------------

Activity 5 - 5_Load Test: Week 145 As-Planned Start: 13 As-Planned End: 14
	Labor:
		5_Load Test Crew:
		LaborType	As-Built	As-Planned	Difference
		(labor)Equipment Operator :	0	0	0
		(labor)Worker:	0	0	0
		(labor)Foreman:	0	0	0
		(equi)Load Testing Machine:	0	0	0

	Materials:
		Material	As-Built	As-Planned	Difference
		test:	0	0	0

Activity 3 - 3_Assemble Trusses: Week 145 As-Planned Start: 6 As-Planned End: 10
	Labor:
		3_Trusses Assemble Crew:
		LaborType	As-Built	As-Planned	Difference
		(labor)Worker:	0	0	0
		(labor)Foreman:	0	0	0

	Materials:
		Material	As-Built	As-Planned	Difference
		truss connections:	0	0	0

Activity 2 - 2_Cutting Members: Week 145 As-Planned Start: 3 As-Planned End: 6
	Labor:
		2_Cutting Crew:
		LaborType	As-Built	As-Planned	Difference
		(labor)Equipment Operator :	1	0	1
		(labor)Worker:	3	0	3
		(labor)Foreman:	1	0	1
		(equi)Cutting Machine:	1	0	1

	Materials:
		Material	As-Built	As-Planned	Difference
		cutting members:	0	0	0

Activity 4 - 4_Assemble Bridge: Week 145 As-Planned Start: 10 As-Planned End: 13
	Labor:
		4_Bridge Assemble Crew:
		LaborType	As-Built	As-Planned	Difference
		(labor)Equipment Operator :	0	0	0
		(labor)Worker:	0	0	0
		(labor)Foreman:	0	0	0
		(equi)Crane:	0	0	0

	Materials:
		Material	As-Built	As-Planned	Difference
		bridge decking:	0	0	0
--------------------------------------------------------------

The rate for 2_Cutting Members is 0.0
New Rate is: 0.0

*************************
HistoryTimeID is: 7063.
*************************

2_Cutting Members

Activity 5_Load Test: Week 146 As-Planned Start: 13 As-Planned End: 14
	As-Built	As-Planned	Difference
Material:	$0.00	$0.00	$0.00
Labor:	$0.00	$0.00	$0.00
Indirect:	$0.00	$0.00	$0.00


Activity 3_Assemble Trusses: Week 146 As-Planned Start: 6 As-Planned End: 10
	As-Built	As-Planned	Difference
Material:	$0.00	$0.00	$0.00
Labor:	$0.00	$0.00	$0.00
Indirect:	$0.00	$0.00	$0.00


Activity 2_Cutting Members: Week 146 As-Planned Start: 3 As-Planned End: 6
	As-Built	As-Planned	Difference
Material:	$0.00	$0.00	$0.00
Labor:	$2539.12	$0.00	$2539.12
Indirect:	$2700.00	$0.00	$2700.00


Activity 4_Assemble Bridge: Week 146 As-Planned Start: 10 As-Planned End: 13
	As-Built	As-Planned	Difference
Material:	$0.00	$0.00	$0.00
Labor:	$0.00	$0.00	$0.00
Indirect:	$0.00	$0.00	$0.00

Stock Value:
	$0.00	$0.00

Totals
	As-Built	As-Planned	Difference
Material:	$55000.00	$0.00	$55000.00
Labor:	$263930.96	$0.00	$263930.96
Indirect:	$390300.02	$0.00	$390300.02


Resource Usage -----------------------------------------------

Activity 5 - 5_Load Test: Week 146 As-Planned Start: 13 As-Planned End: 14
	Labor:
		5_Load Test Crew:
		LaborType	As-Built	As-Planned	Difference
		(labor)Equipment Operator :	0	0	0
		(labor)Worker:	0	0	0
		(labor)Foreman:	0	0	0
		(equi)Load Testing Machine:	0	0	0

	Materials:
		Material	As-Built	As-Planned	Difference
		test:	0	0	0

Activity 3 - 3_Assemble Trusses: Week 146 As-Planned Start: 6 As-Planned End: 10
	Labor:
		3_Trusses Assemble Crew:
		LaborType	As-Built	As-Planned	Difference
		(labor)Worker:	0	0	0
		(labor)Foreman:	0	0	0

	Materials:
		Material	As-Built	As-Planned	Difference
		truss connections:	0	0	0

Activity 2 - 2_Cutting Members: Week 146 As-Planned Start: 3 As-Planned End: 6
	Labor:
		2_Cutting Crew:
		LaborType	As-Built	As-Planned	Difference
		(labor)Equipment Operator :	1	0	1
		(labor)Worker:	3	0	3
		(labor)Foreman:	1	0	1
		(equi)Cutting Machine:	1	0	1

	Materials:
		Material	As-Built	As-Planned	Difference
		cutting members:	0	0	0

Activity 4 - 4_Assemble Bridge: Week 146 As-Planned Start: 10 As-Planned End: 13
	Labor:
		4_Bridge Assemble Crew:
		LaborType	As-Built	As-Planned	Difference
		(labor)Equipment Operator :	0	0	0
		(labor)Worker:	0	0	0
		(labor)Foreman:	0	0	0
		(equi)Crane:	0	0	0

	Materials:
		Material	As-Built	As-Planned	Difference
		bridge decking:	0	0	0
--------------------------------------------------------------

The rate for 2_Cutting Members is 0.0
New Rate is: 0.0

*************************
HistoryTimeID is: 7064.
*************************

2_Cutting Members

Activity 5_Load Test: Week 147 As-Planned Start: 13 As-Planned End: 14
	As-Built	As-Planned	Difference
Material:	$0.00	$0.00	$0.00
Labor:	$0.00	$0.00	$0.00
Indirect:	$0.00	$0.00	$0.00


Activity 3_Assemble Trusses: Week 147 As-Planned Start: 6 As-Planned End: 10
	As-Built	As-Planned	Difference
Material:	$0.00	$0.00	$0.00
Labor:	$0.00	$0.00	$0.00
Indirect:	$0.00	$0.00	$0.00


Activity 2_Cutting Members: Week 147 As-Planned Start: 3 As-Planned End: 6
	As-Built	As-Planned	Difference
Material:	$0.00	$0.00	$0.00
Labor:	$0.00	$0.00	$0.00
Indirect:	$2700.00	$0.00	$2700.00


Activity 4_Assemble Bridge: Week 147 As-Planned Start: 10 As-Planned End: 13
	As-Built	As-Planned	Difference
Material:	$0.00	$0.00	$0.00
Labor:	$0.00	$0.00	$0.00
Indirect:	$0.00	$0.00	$0.00

Stock Value:
	$0.00	$0.00

Totals
	As-Built	As-Planned	Difference
Material:	$55000.00	$0.00	$55000.00
Labor:	$263930.96	$0.00	$263930.96
Indirect:	$393000.02	$0.00	$393000.02


Resource Usage -----------------------------------------------

Activity 5 - 5_Load Test: Week 147 As-Planned Start: 13 As-Planned End: 14
	Labor:
		5_Load Test Crew:
		LaborType	As-Built	As-Planned	Difference
		(labor)Equipment Operator :	0	0	0
		(labor)Worker:	0	0	0
		(labor)Foreman:	0	0	0
		(equi)Load Testing Machine:	0	0	0

	Materials:
		Material	As-Built	As-Planned	Difference
		test:	0	0	0

Activity 3 - 3_Assemble Trusses: Week 147 As-Planned Start: 6 As-Planned End: 10
	Labor:
		3_Trusses Assemble Crew:
		LaborType	As-Built	As-Planned	Difference
		(labor)Worker:	0	0	0
		(labor)Foreman:	0	0	0

	Materials:
		Material	As-Built	As-Planned	Difference
		truss connections:	0	0	0

Activity 2 - 2_Cutting Members: Week 147 As-Planned Start: 3 As-Planned End: 6
	Labor:
		2_Cutting Crew:
		LaborType	As-Built	As-Planned	Difference
		(labor)Equipment Operator :	1	0	1
		(labor)Worker:	3	0	3
		(labor)Foreman:	1	0	1
		(equi)Cutting Machine:	1	0	1

	Materials:
		Material	As-Built	As-Planned	Difference
		cutting members:	0	0	0

Activity 4 - 4_Assemble Bridge: Week 147 As-Planned Start: 10 As-Planned End: 13
	Labor:
		4_Bridge Assemble Crew:
		LaborType	As-Built	As-Planned	Difference
		(labor)Equipment Operator :	0	0	0
		(labor)Worker:	0	0	0
		(labor)Foreman:	0	0	0
		(equi)Crane:	0	0	0

	Materials:
		Material	As-Built	As-Planned	Difference
		bridge decking:	0	0	0
--------------------------------------------------------------

The rate for 2_Cutting Members is 0.0
New Rate is: 0.0

*************************
HistoryTimeID is: 7065.
*************************

2_Cutting Members

Activity 5_Load Test: Week 148 As-Planned Start: 13 As-Planned End: 14
	As-Built	As-Planned	Difference
Material:	$0.00	$0.00	$0.00
Labor:	$0.00	$0.00	$0.00
Indirect:	$0.00	$0.00	$0.00


Activity 3_Assemble Trusses: Week 148 As-Planned Start: 6 As-Planned End: 10
	As-Built	As-Planned	Difference
Material:	$0.00	$0.00	$0.00
Labor:	$0.00	$0.00	$0.00
Indirect:	$0.00	$0.00	$0.00


Activity 2_Cutting Members: Week 148 As-Planned Start: 3 As-Planned End: 6
	As-Built	As-Planned	Difference
Material:	$0.00	$0.00	$0.00
Labor:	$0.00	$0.00	$0.00
Indirect:	$2700.00	$0.00	$2700.00


Activity 4_Assemble Bridge: Week 148 As-Planned Start: 10 As-Planned End: 13
	As-Built	As-Planned	Difference
Material:	$0.00	$0.00	$0.00
Labor:	$0.00	$0.00	$0.00
Indirect:	$0.00	$0.00	$0.00

Stock Value:
	$0.00	$0.00

Totals
	As-Built	As-Planned	Difference
Material:	$55000.00	$0.00	$55000.00
Labor:	$263930.96	$0.00	$263930.96
Indirect:	$395700.02	$0.00	$395700.02


Resource Usage -----------------------------------------------

Activity 5 - 5_Load Test: Week 148 As-Planned Start: 13 As-Planned End: 14
	Labor:
		5_Load Test Crew:
		LaborType	As-Built	As-Planned	Difference
		(labor)Equipment Operator :	0	0	0
		(labor)Worker:	0	0	0
		(labor)Foreman:	0	0	0
		(equi)Load Testing Machine:	0	0	0

	Materials:
		Material	As-Built	As-Planned	Difference
		test:	0	0	0

Activity 3 - 3_Assemble Trusses: Week 148 As-Planned Start: 6 As-Planned End: 10
	Labor:
		3_Trusses Assemble Crew:
		LaborType	As-Built	As-Planned	Difference
		(labor)Worker:	0	0	0
		(labor)Foreman:	0	0	0

	Materials:
		Material	As-Built	As-Planned	Difference
		truss connections:	0	0	0

Activity 2 - 2_Cutting Members: Week 148 As-Planned Start: 3 As-Planned End: 6
	Labor:
		2_Cutting Crew:
		LaborType	As-Built	As-Planned	Difference
		(labor)Equipment Operator :	1	0	1
		(labor)Worker:	3	0	3
		(labor)Foreman:	1	0	1
		(equi)Cutting Machine:	1	0	1

	Materials:
		Material	As-Built	As-Planned	Difference
		cutting members:	0	0	0

Activity 4 - 4_Assemble Bridge: Week 148 As-Planned Start: 10 As-Planned End: 13
	Labor:
		4_Bridge Assemble Crew:
		LaborType	As-Built	As-Planned	Difference
		(labor)Equipment Operator :	0	0	0
		(labor)Worker:	0	0	0
		(labor)Foreman:	0	0	0
		(equi)Crane:	0	0	0

	Materials:
		Material	As-Built	As-Planned	Difference
		bridge decking:	0	0	0
--------------------------------------------------------------

The rate for 2_Cutting Members is 0.0
New Rate is: 0.0

*************************
HistoryTimeID is: 7066.
*************************

2_Cutting Members

Activity 5_Load Test: Week 149 As-Planned Start: 13 As-Planned End: 14
	As-Built	As-Planned	Difference
Material:	$0.00	$0.00	$0.00
Labor:	$0.00	$0.00	$0.00
Indirect:	$0.00	$0.00	$0.00


Activity 3_Assemble Trusses: Week 149 As-Planned Start: 6 As-Planned End: 10
	As-Built	As-Planned	Difference
Material:	$0.00	$0.00	$0.00
Labor:	$0.00	$0.00	$0.00
Indirect:	$0.00	$0.00	$0.00


Activity 2_Cutting Members: Week 149 As-Planned Start: 3 As-Planned End: 6
	As-Built	As-Planned	Difference
Material:	$0.00	$0.00	$0.00
Labor:	$2539.12	$0.00	$2539.12
Indirect:	$2700.00	$0.00	$2700.00


Activity 4_Assemble Bridge: Week 149 As-Planned Start: 10 As-Planned End: 13
	As-Built	As-Planned	Difference
Material:	$0.00	$0.00	$0.00
Labor:	$0.00	$0.00	$0.00
Indirect:	$0.00	$0.00	$0.00

Stock Value:
	$0.00	$0.00

Totals
	As-Built	As-Planned	Difference
Material:	$55000.00	$0.00	$55000.00
Labor:	$266470.08	$0.00	$266470.08
Indirect:	$398400.02	$0.00	$398400.02


Resource Usage -----------------------------------------------

Activity 5 - 5_Load Test: Week 149 As-Planned Start: 13 As-Planned End: 14
	Labor:
		5_Load Test Crew:
		LaborType	As-Built	As-Planned	Difference
		(labor)Equipment Operator :	0	0	0
		(labor)Worker:	0	0	0
		(labor)Foreman:	0	0	0
		(equi)Load Testing Machine:	0	0	0

	Materials:
		Material	As-Built	As-Planned	Difference
		test:	0	0	0

Activity 3 - 3_Assemble Trusses: Week 149 As-Planned Start: 6 As-Planned End: 10
	Labor:
		3_Trusses Assemble Crew:
		LaborType	As-Built	As-Planned	Difference
		(labor)Worker:	0	0	0
		(labor)Foreman:	0	0	0

	Materials:
		Material	As-Built	As-Planned	Difference
		truss connections:	0	0	0

Activity 2 - 2_Cutting Members: Week 149 As-Planned Start: 3 As-Planned End: 6
	Labor:
		2_Cutting Crew:
		LaborType	As-Built	As-Planned	Difference
		(labor)Equipment Operator :	1	0	1
		(labor)Worker:	3	0	3
		(labor)Foreman:	1	0	1
		(equi)Cutting Machine:	1	0	1

	Materials:
		Material	As-Built	As-Planned	Difference
		cutting members:	0	0	0

Activity 4 - 4_Assemble Bridge: Week 149 As-Planned Start: 10 As-Planned End: 13
	Labor:
		4_Bridge Assemble Crew:
		LaborType	As-Built	As-Planned	Difference
		(labor)Equipment Operator :	0	0	0
		(labor)Worker:	0	0	0
		(labor)Foreman:	0	0	0
		(equi)Crane:	0	0	0

	Materials:
		Material	As-Built	As-Planned	Difference
		bridge decking:	0	0	0
--------------------------------------------------------------

The rate for 2_Cutting Members is 0.0
New Rate is: 0.0

*************************
HistoryTimeID is: 7067.
*************************

2_Cutting Members

Activity 5_Load Test: Week 150 As-Planned Start: 13 As-Planned End: 14
	As-Built	As-Planned	Difference
Material:	$0.00	$0.00	$0.00
Labor:	$0.00	$0.00	$0.00
Indirect:	$0.00	$0.00	$0.00


Activity 3_Assemble Trusses: Week 150 As-Planned Start: 6 As-Planned End: 10
	As-Built	As-Planned	Difference
Material:	$0.00	$0.00	$0.00
Labor:	$0.00	$0.00	$0.00
Indirect:	$0.00	$0.00	$0.00


Activity 2_Cutting Members: Week 150 As-Planned Start: 3 As-Planned End: 6
	As-Built	As-Planned	Difference
Material:	$0.00	$0.00	$0.00
Labor:	$2539.12	$0.00	$2539.12
Indirect:	$2700.00	$0.00	$2700.00


Activity 4_Assemble Bridge: Week 150 As-Planned Start: 10 As-Planned End: 13
	As-Built	As-Planned	Difference
Material:	$0.00	$0.00	$0.00
Labor:	$0.00	$0.00	$0.00
Indirect:	$0.00	$0.00	$0.00

Stock Value:
	$0.00	$0.00

Totals
	As-Built	As-Planned	Difference
Material:	$55000.00	$0.00	$55000.00
Labor:	$269009.20	$0.00	$269009.20
Indirect:	$401100.02	$0.00	$401100.02


Resource Usage -----------------------------------------------

Activity 5 - 5_Load Test: Week 150 As-Planned Start: 13 As-Planned End: 14
	Labor:
		5_Load Test Crew:
		LaborType	As-Built	As-Planned	Difference
		(labor)Equipment Operator :	0	0	0
		(labor)Worker:	0	0	0
		(labor)Foreman:	0	0	0
		(equi)Load Testing Machine:	0	0	0

	Materials:
		Material	As-Built	As-Planned	Difference
		test:	0	0	0

Activity 3 - 3_Assemble Trusses: Week 150 As-Planned Start: 6 As-Planned End: 10
	Labor:
		3_Trusses Assemble Crew:
		LaborType	As-Built	As-Planned	Difference
		(labor)Worker:	0	0	0
		(labor)Foreman:	0	0	0

	Materials:
		Material	As-Built	As-Planned	Difference
		truss connections:	0	0	0

Activity 2 - 2_Cutting Members: Week 150 As-Planned Start: 3 As-Planned End: 6
	Labor:
		2_Cutting Crew:
		LaborType	As-Built	As-Planned	Difference
		(labor)Equipment Operator :	1	0	1
		(labor)Worker:	3	0	3
		(labor)Foreman:	1	0	1
		(equi)Cutting Machine:	1	0	1

	Materials:
		Material	As-Built	As-Planned	Difference
		cutting members:	0	0	0

Activity 4 - 4_Assemble Bridge: Week 150 As-Planned Start: 10 As-Planned End: 13
	Labor:
		4_Bridge Assemble Crew:
		LaborType	As-Built	As-Planned	Difference
		(labor)Equipment Operator :	0	0	0
		(labor)Worker:	0	0	0
		(labor)Foreman:	0	0	0
		(equi)Crane:	0	0	0

	Materials:
		Material	As-Built	As-Planned	Difference
		bridge decking:	0	0	0
--------------------------------------------------------------

The rate for 2_Cutting Members is 0.0
New Rate is: 0.0

*************************
HistoryTimeID is: 7068.
*************************

2_Cutting Members

Activity 5_Load Test: Week 151 As-Planned Start: 13 As-Planned End: 14
	As-Built	As-Planned	Difference
Material:	$0.00	$0.00	$0.00
Labor:	$0.00	$0.00	$0.00
Indirect:	$0.00	$0.00	$0.00


Activity 3_Assemble Trusses: Week 151 As-Planned Start: 6 As-Planned End: 10
	As-Built	As-Planned	Difference
Material:	$0.00	$0.00	$0.00
Labor:	$0.00	$0.00	$0.00
Indirect:	$0.00	$0.00	$0.00


Activity 2_Cutting Members: Week 151 As-Planned Start: 3 As-Planned End: 6
	As-Built	As-Planned	Difference
Material:	$0.00	$0.00	$0.00
Labor:	$2539.12	$0.00	$2539.12
Indirect:	$2700.00	$0.00	$2700.00


Activity 4_Assemble Bridge: Week 151 As-Planned Start: 10 As-Planned End: 13
	As-Built	As-Planned	Difference
Material:	$0.00	$0.00	$0.00
Labor:	$0.00	$0.00	$0.00
Indirect:	$0.00	$0.00	$0.00

Stock Value:
	$0.00	$0.00

Totals
	As-Built	As-Planned	Difference
Material:	$55000.00	$0.00	$55000.00
Labor:	$271548.32	$0.00	$271548.32
Indirect:	$403800.02	$0.00	$403800.02


Resource Usage -----------------------------------------------

Activity 5 - 5_Load Test: Week 151 As-Planned Start: 13 As-Planned End: 14
	Labor:
		5_Load Test Crew:
		LaborType	As-Built	As-Planned	Difference
		(labor)Equipment Operator :	0	0	0
		(labor)Worker:	0	0	0
		(labor)Foreman:	0	0	0
		(equi)Load Testing Machine:	0	0	0

	Materials:
		Material	As-Built	As-Planned	Difference
		test:	0	0	0

Activity 3 - 3_Assemble Trusses: Week 151 As-Planned Start: 6 As-Planned End: 10
	Labor:
		3_Trusses Assemble Crew:
		LaborType	As-Built	As-Planned	Difference
		(labor)Worker:	0	0	0
		(labor)Foreman:	0	0	0

	Materials:
		Material	As-Built	As-Planned	Difference
		truss connections:	0	0	0

Activity 2 - 2_Cutting Members: Week 151 As-Planned Start: 3 As-Planned End: 6
	Labor:
		2_Cutting Crew:
		LaborType	As-Built	As-Planned	Difference
		(labor)Equipment Operator :	1	0	1
		(labor)Worker:	3	0	3
		(labor)Foreman:	1	0	1
		(equi)Cutting Machine:	1	0	1

	Materials:
		Material	As-Built	As-Planned	Difference
		cutting members:	0	0	0

Activity 4 - 4_Assemble Bridge: Week 151 As-Planned Start: 10 As-Planned End: 13
	Labor:
		4_Bridge Assemble Crew:
		LaborType	As-Built	As-Planned	Difference
		(labor)Equipment Operator :	0	0	0
		(labor)Worker:	0	0	0
		(labor)Foreman:	0	0	0
		(equi)Crane:	0	0	0

	Materials:
		Material	As-Built	As-Planned	Difference
		bridge decking:	0	0	0
--------------------------------------------------------------

The rate for 2_Cutting Members is 0.0
New Rate is: 0.0

*************************
HistoryTimeID is: 7069.
*************************

2_Cutting Members

Activity 5_Load Test: Week 152 As-Planned Start: 13 As-Planned End: 14
	As-Built	As-Planned	Difference
Material:	$0.00	$0.00	$0.00
Labor:	$0.00	$0.00	$0.00
Indirect:	$0.00	$0.00	$0.00


Activity 3_Assemble Trusses: Week 152 As-Planned Start: 6 As-Planned End: 10
	As-Built	As-Planned	Difference
Material:	$0.00	$0.00	$0.00
Labor:	$0.00	$0.00	$0.00
Indirect:	$0.00	$0.00	$0.00


Activity 2_Cutting Members: Week 152 As-Planned Start: 3 As-Planned End: 6
	As-Built	As-Planned	Difference
Material:	$0.00	$0.00	$0.00
Labor:	$2539.12	$0.00	$2539.12
Indirect:	$2700.00	$0.00	$2700.00


Activity 4_Assemble Bridge: Week 152 As-Planned Start: 10 As-Planned End: 13
	As-Built	As-Planned	Difference
Material:	$0.00	$0.00	$0.00
Labor:	$0.00	$0.00	$0.00
Indirect:	$0.00	$0.00	$0.00

Stock Value:
	$0.00	$0.00

Totals
	As-Built	As-Planned	Difference
Material:	$55000.00	$0.00	$55000.00
Labor:	$274087.44	$0.00	$274087.44
Indirect:	$406500.02	$0.00	$406500.02


Resource Usage -----------------------------------------------

Activity 5 - 5_Load Test: Week 152 As-Planned Start: 13 As-Planned End: 14
	Labor:
		5_Load Test Crew:
		LaborType	As-Built	As-Planned	Difference
		(labor)Equipment Operator :	0	0	0
		(labor)Worker:	0	0	0
		(labor)Foreman:	0	0	0
		(equi)Load Testing Machine:	0	0	0

	Materials:
		Material	As-Built	As-Planned	Difference
		test:	0	0	0

Activity 3 - 3_Assemble Trusses: Week 152 As-Planned Start: 6 As-Planned End: 10
	Labor:
		3_Trusses Assemble Crew:
		LaborType	As-Built	As-Planned	Difference
		(labor)Worker:	0	0	0
		(labor)Foreman:	0	0	0

	Materials:
		Material	As-Built	As-Planned	Difference
		truss connections:	0	0	0

Activity 2 - 2_Cutting Members: Week 152 As-Planned Start: 3 As-Planned End: 6
	Labor:
		2_Cutting Crew:
		LaborType	As-Built	As-Planned	Difference
		(labor)Equipment Operator :	1	0	1
		(labor)Worker:	3	0	3
		(labor)Foreman:	1	0	1
		(equi)Cutting Machine:	1	0	1

	Materials:
		Material	As-Built	As-Planned	Difference
		cutting members:	0	0	0

Activity 4 - 4_Assemble Bridge: Week 152 As-Planned Start: 10 As-Planned End: 13
	Labor:
		4_Bridge Assemble Crew:
		LaborType	As-Built	As-Planned	Difference
		(labor)Equipment Operator :	0	0	0
		(labor)Worker:	0	0	0
		(labor)Foreman:	0	0	0
		(equi)Crane:	0	0	0

	Materials:
		Material	As-Built	As-Planned	Difference
		bridge decking:	0	0	0
--------------------------------------------------------------

The rate for 2_Cutting Members is 0.0
New Rate is: 0.0

*************************
HistoryTimeID is: 7070.
*************************

2_Cutting Members

Activity 5_Load Test: Week 153 As-Planned Start: 13 As-Planned End: 14
	As-Built	As-Planned	Difference
Material:	$0.00	$0.00	$0.00
Labor:	$0.00	$0.00	$0.00
Indirect:	$0.00	$0.00	$0.00


Activity 3_Assemble Trusses: Week 153 As-Planned Start: 6 As-Planned End: 10
	As-Built	As-Planned	Difference
Material:	$0.00	$0.00	$0.00
Labor:	$0.00	$0.00	$0.00
Indirect:	$0.00	$0.00	$0.00


Activity 2_Cutting Members: Week 153 As-Planned Start: 3 As-Planned End: 6
	As-Built	As-Planned	Difference
Material:	$0.00	$0.00	$0.00
Labor:	$2539.12	$0.00	$2539.12
Indirect:	$2700.00	$0.00	$2700.00


Activity 4_Assemble Bridge: Week 153 As-Planned Start: 10 As-Planned End: 13
	As-Built	As-Planned	Difference
Material:	$0.00	$0.00	$0.00
Labor:	$0.00	$0.00	$0.00
Indirect:	$0.00	$0.00	$0.00

Stock Value:
	$0.00	$0.00

Totals
	As-Built	As-Planned	Difference
Material:	$55000.00	$0.00	$55000.00
Labor:	$276626.56	$0.00	$276626.56
Indirect:	$409200.02	$0.00	$409200.02


Resource Usage -----------------------------------------------

Activity 5 - 5_Load Test: Week 153 As-Planned Start: 13 As-Planned End: 14
	Labor:
		5_Load Test Crew:
		LaborType	As-Built	As-Planned	Difference
		(labor)Equipment Operator :	0	0	0
		(labor)Worker:	0	0	0
		(labor)Foreman:	0	0	0
		(equi)Load Testing Machine:	0	0	0

	Materials:
		Material	As-Built	As-Planned	Difference
		test:	0	0	0

Activity 3 - 3_Assemble Trusses: Week 153 As-Planned Start: 6 As-Planned End: 10
	Labor:
		3_Trusses Assemble Crew:
		LaborType	As-Built	As-Planned	Difference
		(labor)Worker:	0	0	0
		(labor)Foreman:	0	0	0

	Materials:
		Material	As-Built	As-Planned	Difference
		truss connections:	0	0	0

Activity 2 - 2_Cutting Members: Week 153 As-Planned Start: 3 As-Planned End: 6
	Labor:
		2_Cutting Crew:
		LaborType	As-Built	As-Planned	Difference
		(labor)Equipment Operator :	1	0	1
		(labor)Worker:	3	0	3
		(labor)Foreman:	1	0	1
		(equi)Cutting Machine:	1	0	1

	Materials:
		Material	As-Built	As-Planned	Difference
		cutting members:	0	0	0

Activity 4 - 4_Assemble Bridge: Week 153 As-Planned Start: 10 As-Planned End: 13
	Labor:
		4_Bridge Assemble Crew:
		LaborType	As-Built	As-Planned	Difference
		(labor)Equipment Operator :	0	0	0
		(labor)Worker:	0	0	0
		(labor)Foreman:	0	0	0
		(equi)Crane:	0	0	0

	Materials:
		Material	As-Built	As-Planned	Difference
		bridge decking:	0	0	0
--------------------------------------------------------------

The rate for 2_Cutting Members is 0.0
New Rate is: 0.0

*************************
HistoryTimeID is: 7071.
*************************

2_Cutting Members

Activity 5_Load Test: Week 154 As-Planned Start: 13 As-Planned End: 14
	As-Built	As-Planned	Difference
Material:	$0.00	$0.00	$0.00
Labor:	$0.00	$0.00	$0.00
Indirect:	$0.00	$0.00	$0.00


Activity 3_Assemble Trusses: Week 154 As-Planned Start: 6 As-Planned End: 10
	As-Built	As-Planned	Difference
Material:	$0.00	$0.00	$0.00
Labor:	$0.00	$0.00	$0.00
Indirect:	$0.00	$0.00	$0.00


Activity 2_Cutting Members: Week 154 As-Planned Start: 3 As-Planned End: 6
	As-Built	As-Planned	Difference
Material:	$0.00	$0.00	$0.00
Labor:	$0.00	$0.00	$0.00
Indirect:	$2700.00	$0.00	$2700.00


Activity 4_Assemble Bridge: Week 154 As-Planned Start: 10 As-Planned End: 13
	As-Built	As-Planned	Difference
Material:	$0.00	$0.00	$0.00
Labor:	$0.00	$0.00	$0.00
Indirect:	$0.00	$0.00	$0.00

Stock Value:
	$0.00	$0.00

Totals
	As-Built	As-Planned	Difference
Material:	$55000.00	$0.00	$55000.00
Labor:	$276626.56	$0.00	$276626.56
Indirect:	$411900.02	$0.00	$411900.02


Resource Usage -----------------------------------------------

Activity 5 - 5_Load Test: Week 154 As-Planned Start: 13 As-Planned End: 14
	Labor:
		5_Load Test Crew:
		LaborType	As-Built	As-Planned	Difference
		(labor)Equipment Operator :	0	0	0
		(labor)Worker:	0	0	0
		(labor)Foreman:	0	0	0
		(equi)Load Testing Machine:	0	0	0

	Materials:
		Material	As-Built	As-Planned	Difference
		test:	0	0	0

Activity 3 - 3_Assemble Trusses: Week 154 As-Planned Start: 6 As-Planned End: 10
	Labor:
		3_Trusses Assemble Crew:
		LaborType	As-Built	As-Planned	Difference
		(labor)Worker:	0	0	0
		(labor)Foreman:	0	0	0

	Materials:
		Material	As-Built	As-Planned	Difference
		truss connections:	0	0	0

Activity 2 - 2_Cutting Members: Week 154 As-Planned Start: 3 As-Planned End: 6
	Labor:
		2_Cutting Crew:
		LaborType	As-Built	As-Planned	Difference
		(labor)Equipment Operator :	1	0	1
		(labor)Worker:	3	0	3
		(labor)Foreman:	1	0	1
		(equi)Cutting Machine:	1	0	1

	Materials:
		Material	As-Built	As-Planned	Difference
		cutting members:	0	0	0

Activity 4 - 4_Assemble Bridge: Week 154 As-Planned Start: 10 As-Planned End: 13
	Labor:
		4_Bridge Assemble Crew:
		LaborType	As-Built	As-Planned	Difference
		(labor)Equipment Operator :	0	0	0
		(labor)Worker:	0	0	0
		(labor)Foreman:	0	0	0
		(equi)Crane:	0	0	0

	Materials:
		Material	As-Built	As-Planned	Difference
		bridge decking:	0	0	0
--------------------------------------------------------------

The rate for 2_Cutting Members is 0.0
New Rate is: 0.0

*************************
HistoryTimeID is: 7072.
*************************

2_Cutting Members

Activity 5_Load Test: Week 155 As-Planned Start: 13 As-Planned End: 14
	As-Built	As-Planned	Difference
Material:	$0.00	$0.00	$0.00
Labor:	$0.00	$0.00	$0.00
Indirect:	$0.00	$0.00	$0.00


Activity 3_Assemble Trusses: Week 155 As-Planned Start: 6 As-Planned End: 10
	As-Built	As-Planned	Difference
Material:	$0.00	$0.00	$0.00
Labor:	$0.00	$0.00	$0.00
Indirect:	$0.00	$0.00	$0.00


Activity 2_Cutting Members: Week 155 As-Planned Start: 3 As-Planned End: 6
	As-Built	As-Planned	Difference
Material:	$0.00	$0.00	$0.00
Labor:	$0.00	$0.00	$0.00
Indirect:	$2700.00	$0.00	$2700.00


Activity 4_Assemble Bridge: Week 155 As-Planned Start: 10 As-Planned End: 13
	As-Built	As-Planned	Difference
Material:	$0.00	$0.00	$0.00
Labor:	$0.00	$0.00	$0.00
Indirect:	$0.00	$0.00	$0.00

Stock Value:
	$0.00	$0.00

Totals
	As-Built	As-Planned	Difference
Material:	$55000.00	$0.00	$55000.00
Labor:	$276626.56	$0.00	$276626.56
Indirect:	$414600.02	$0.00	$414600.02


Resource Usage -----------------------------------------------

Activity 5 - 5_Load Test: Week 155 As-Planned Start: 13 As-Planned End: 14
	Labor:
		5_Load Test Crew:
		LaborType	As-Built	As-Planned	Difference
		(labor)Equipment Operator :	0	0	0
		(labor)Worker:	0	0	0
		(labor)Foreman:	0	0	0
		(equi)Load Testing Machine:	0	0	0

	Materials:
		Material	As-Built	As-Planned	Difference
		test:	0	0	0

Activity 3 - 3_Assemble Trusses: Week 155 As-Planned Start: 6 As-Planned End: 10
	Labor:
		3_Trusses Assemble Crew:
		LaborType	As-Built	As-Planned	Difference
		(labor)Worker:	0	0	0
		(labor)Foreman:	0	0	0

	Materials:
		Material	As-Built	As-Planned	Difference
		truss connections:	0	0	0

Activity 2 - 2_Cutting Members: Week 155 As-Planned Start: 3 As-Planned End: 6
	Labor:
		2_Cutting Crew:
		LaborType	As-Built	As-Planned	Difference
		(labor)Equipment Operator :	1	0	1
		(labor)Worker:	3	0	3
		(labor)Foreman:	1	0	1
		(equi)Cutting Machine:	1	0	1

	Materials:
		Material	As-Built	As-Planned	Difference
		cutting members:	0	0	0

Activity 4 - 4_Assemble Bridge: Week 155 As-Planned Start: 10 As-Planned End: 13
	Labor:
		4_Bridge Assemble Crew:
		LaborType	As-Built	As-Planned	Difference
		(labor)Equipment Operator :	0	0	0
		(labor)Worker:	0	0	0
		(labor)Foreman:	0	0	0
		(equi)Crane:	0	0	0

	Materials:
		Material	As-Built	As-Planned	Difference
		bridge decking:	0	0	0
--------------------------------------------------------------

The rate for 2_Cutting Members is 0.0
New Rate is: 0.0

*************************
HistoryTimeID is: 7073.
*************************

2_Cutting Members

Activity 5_Load Test: Week 156 As-Planned Start: 13 As-Planned End: 14
	As-Built	As-Planned	Difference
Material:	$0.00	$0.00	$0.00
Labor:	$0.00	$0.00	$0.00
Indirect:	$0.00	$0.00	$0.00


Activity 3_Assemble Trusses: Week 156 As-Planned Start: 6 As-Planned End: 10
	As-Built	As-Planned	Difference
Material:	$0.00	$0.00	$0.00
Labor:	$0.00	$0.00	$0.00
Indirect:	$0.00	$0.00	$0.00


Activity 2_Cutting Members: Week 156 As-Planned Start: 3 As-Planned End: 6
	As-Built	As-Planned	Difference
Material:	$0.00	$0.00	$0.00
Labor:	$2539.12	$0.00	$2539.12
Indirect:	$2700.00	$0.00	$2700.00


Activity 4_Assemble Bridge: Week 156 As-Planned Start: 10 As-Planned End: 13
	As-Built	As-Planned	Difference
Material:	$0.00	$0.00	$0.00
Labor:	$0.00	$0.00	$0.00
Indirect:	$0.00	$0.00	$0.00

Stock Value:
	$0.00	$0.00

Totals
	As-Built	As-Planned	Difference
Material:	$55000.00	$0.00	$55000.00
Labor:	$279165.68	$0.00	$279165.68
Indirect:	$417300.02	$0.00	$417300.02


Resource Usage -----------------------------------------------

Activity 5 - 5_Load Test: Week 156 As-Planned Start: 13 As-Planned End: 14
	Labor:
		5_Load Test Crew:
		LaborType	As-Built	As-Planned	Difference
		(labor)Equipment Operator :	0	0	0
		(labor)Worker:	0	0	0
		(labor)Foreman:	0	0	0
		(equi)Load Testing Machine:	0	0	0

	Materials:
		Material	As-Built	As-Planned	Difference
		test:	0	0	0

Activity 3 - 3_Assemble Trusses: Week 156 As-Planned Start: 6 As-Planned End: 10
	Labor:
		3_Trusses Assemble Crew:
		LaborType	As-Built	As-Planned	Difference
		(labor)Worker:	0	0	0
		(labor)Foreman:	0	0	0

	Materials:
		Material	As-Built	As-Planned	Difference
		truss connections:	0	0	0

Activity 2 - 2_Cutting Members: Week 156 As-Planned Start: 3 As-Planned End: 6
	Labor:
		2_Cutting Crew:
		LaborType	As-Built	As-Planned	Difference
		(labor)Equipment Operator :	1	0	1
		(labor)Worker:	3	0	3
		(labor)Foreman:	1	0	1
		(equi)Cutting Machine:	1	0	1

	Materials:
		Material	As-Built	As-Planned	Difference
		cutting members:	0	0	0

Activity 4 - 4_Assemble Bridge: Week 156 As-Planned Start: 10 As-Planned End: 13
	Labor:
		4_Bridge Assemble Crew:
		LaborType	As-Built	As-Planned	Difference
		(labor)Equipment Operator :	0	0	0
		(labor)Worker:	0	0	0
		(labor)Foreman:	0	0	0
		(equi)Crane:	0	0	0

	Materials:
		Material	As-Built	As-Planned	Difference
		bridge decking:	0	0	0
--------------------------------------------------------------

The rate for 2_Cutting Members is 0.0
New Rate is: 0.0

*************************
HistoryTimeID is: 7074.
*************************

2_Cutting Members

Activity 5_Load Test: Week 157 As-Planned Start: 13 As-Planned End: 14
	As-Built	As-Planned	Difference
Material:	$0.00	$0.00	$0.00
Labor:	$0.00	$0.00	$0.00
Indirect:	$0.00	$0.00	$0.00


Activity 3_Assemble Trusses: Week 157 As-Planned Start: 6 As-Planned End: 10
	As-Built	As-Planned	Difference
Material:	$0.00	$0.00	$0.00
Labor:	$0.00	$0.00	$0.00
Indirect:	$0.00	$0.00	$0.00


Activity 2_Cutting Members: Week 157 As-Planned Start: 3 As-Planned End: 6
	As-Built	As-Planned	Difference
Material:	$0.00	$0.00	$0.00
Labor:	$2539.12	$0.00	$2539.12
Indirect:	$2700.00	$0.00	$2700.00


Activity 4_Assemble Bridge: Week 157 As-Planned Start: 10 As-Planned End: 13
	As-Built	As-Planned	Difference
Material:	$0.00	$0.00	$0.00
Labor:	$0.00	$0.00	$0.00
Indirect:	$0.00	$0.00	$0.00

Stock Value:
	$0.00	$0.00

Totals
	As-Built	As-Planned	Difference
Material:	$55000.00	$0.00	$55000.00
Labor:	$281704.80	$0.00	$281704.80
Indirect:	$420000.02	$0.00	$420000.02


Resource Usage -----------------------------------------------

Activity 5 - 5_Load Test: Week 157 As-Planned Start: 13 As-Planned End: 14
	Labor:
		5_Load Test Crew:
		LaborType	As-Built	As-Planned	Difference
		(labor)Equipment Operator :	0	0	0
		(labor)Worker:	0	0	0
		(labor)Foreman:	0	0	0
		(equi)Load Testing Machine:	0	0	0

	Materials:
		Material	As-Built	As-Planned	Difference
		test:	0	0	0

Activity 3 - 3_Assemble Trusses: Week 157 As-Planned Start: 6 As-Planned End: 10
	Labor:
		3_Trusses Assemble Crew:
		LaborType	As-Built	As-Planned	Difference
		(labor)Worker:	0	0	0
		(labor)Foreman:	0	0	0

	Materials:
		Material	As-Built	As-Planned	Difference
		truss connections:	0	0	0

Activity 2 - 2_Cutting Members: Week 157 As-Planned Start: 3 As-Planned End: 6
	Labor:
		2_Cutting Crew:
		LaborType	As-Built	As-Planned	Difference
		(labor)Equipment Operator :	1	0	1
		(labor)Worker:	3	0	3
		(labor)Foreman:	1	0	1
		(equi)Cutting Machine:	1	0	1

	Materials:
		Material	As-Built	As-Planned	Difference
		cutting members:	0	0	0

Activity 4 - 4_Assemble Bridge: Week 157 As-Planned Start: 10 As-Planned End: 13
	Labor:
		4_Bridge Assemble Crew:
		LaborType	As-Built	As-Planned	Difference
		(labor)Equipment Operator :	0	0	0
		(labor)Worker:	0	0	0
		(labor)Foreman:	0	0	0
		(equi)Crane:	0	0	0

	Materials:
		Material	As-Built	As-Planned	Difference
		bridge decking:	0	0	0
--------------------------------------------------------------

The rate for 2_Cutting Members is 0.0
New Rate is: 0.0

*************************
HistoryTimeID is: 7075.
*************************

2_Cutting Members

Activity 5_Load Test: Week 158 As-Planned Start: 13 As-Planned End: 14
	As-Built	As-Planned	Difference
Material:	$0.00	$0.00	$0.00
Labor:	$0.00	$0.00	$0.00
Indirect:	$0.00	$0.00	$0.00


Activity 3_Assemble Trusses: Week 158 As-Planned Start: 6 As-Planned End: 10
	As-Built	As-Planned	Difference
Material:	$0.00	$0.00	$0.00
Labor:	$0.00	$0.00	$0.00
Indirect:	$0.00	$0.00	$0.00


Activity 2_Cutting Members: Week 158 As-Planned Start: 3 As-Planned End: 6
	As-Built	As-Planned	Difference
Material:	$0.00	$0.00	$0.00
Labor:	$2539.12	$0.00	$2539.12
Indirect:	$2700.00	$0.00	$2700.00


Activity 4_Assemble Bridge: Week 158 As-Planned Start: 10 As-Planned End: 13
	As-Built	As-Planned	Difference
Material:	$0.00	$0.00	$0.00
Labor:	$0.00	$0.00	$0.00
Indirect:	$0.00	$0.00	$0.00

Stock Value:
	$0.00	$0.00

Totals
	As-Built	As-Planned	Difference
Material:	$55000.00	$0.00	$55000.00
Labor:	$284243.92	$0.00	$284243.92
Indirect:	$422700.02	$0.00	$422700.02


Resource Usage -----------------------------------------------

Activity 5 - 5_Load Test: Week 158 As-Planned Start: 13 As-Planned End: 14
	Labor:
		5_Load Test Crew:
		LaborType	As-Built	As-Planned	Difference
		(labor)Equipment Operator :	0	0	0
		(labor)Worker:	0	0	0
		(labor)Foreman:	0	0	0
		(equi)Load Testing Machine:	0	0	0

	Materials:
		Material	As-Built	As-Planned	Difference
		test:	0	0	0

Activity 3 - 3_Assemble Trusses: Week 158 As-Planned Start: 6 As-Planned End: 10
	Labor:
		3_Trusses Assemble Crew:
		LaborType	As-Built	As-Planned	Difference
		(labor)Worker:	0	0	0
		(labor)Foreman:	0	0	0

	Materials:
		Material	As-Built	As-Planned	Difference
		truss connections:	0	0	0

Activity 2 - 2_Cutting Members: Week 158 As-Planned Start: 3 As-Planned End: 6
	Labor:
		2_Cutting Crew:
		LaborType	As-Built	As-Planned	Difference
		(labor)Equipment Operator :	1	0	1
		(labor)Worker:	3	0	3
		(labor)Foreman:	1	0	1
		(equi)Cutting Machine:	1	0	1

	Materials:
		Material	As-Built	As-Planned	Difference
		cutting members:	0	0	0

Activity 4 - 4_Assemble Bridge: Week 158 As-Planned Start: 10 As-Planned End: 13
	Labor:
		4_Bridge Assemble Crew:
		LaborType	As-Built	As-Planned	Difference
		(labor)Equipment Operator :	0	0	0
		(labor)Worker:	0	0	0
		(labor)Foreman:	0	0	0
		(equi)Crane:	0	0	0

	Materials:
		Material	As-Built	As-Planned	Difference
		bridge decking:	0	0	0
--------------------------------------------------------------


=======================================================================>
Bad weather, productivities reduce to 50%! 
Bad weather, productivities reduce to 50%! 
(Rule Bad weather)
=======================================================================>

The rate for 2_Cutting Members is 0.0
New Rate is: 0.0

*************************
HistoryTimeID is: 7076.
*************************

2_Cutting Members

Activity 5_Load Test: Week 159 As-Planned Start: 13 As-Planned End: 14
	As-Built	As-Planned	Difference
Material:	$0.00	$0.00	$0.00
Labor:	$0.00	$0.00	$0.00
Indirect:	$0.00	$0.00	$0.00


Activity 3_Assemble Trusses: Week 159 As-Planned Start: 6 As-Planned End: 10
	As-Built	As-Planned	Difference
Material:	$0.00	$0.00	$0.00
Labor:	$0.00	$0.00	$0.00
Indirect:	$0.00	$0.00	$0.00


Activity 2_Cutting Members: Week 159 As-Planned Start: 3 As-Planned End: 6
	As-Built	As-Planned	Difference
Material:	$0.00	$0.00	$0.00
Labor:	$2539.12	$0.00	$2539.12
Indirect:	$2700.00	$0.00	$2700.00


Activity 4_Assemble Bridge: Week 159 As-Planned Start: 10 As-Planned End: 13
	As-Built	As-Planned	Difference
Material:	$0.00	$0.00	$0.00
Labor:	$0.00	$0.00	$0.00
Indirect:	$0.00	$0.00	$0.00

Stock Value:
	$0.00	$0.00

Totals
	As-Built	As-Planned	Difference
Material:	$55000.00	$0.00	$55000.00
Labor:	$286783.04	$0.00	$286783.04
Indirect:	$425400.02	$0.00	$425400.02


Resource Usage -----------------------------------------------

Activity 5 - 5_Load Test: Week 159 As-Planned Start: 13 As-Planned End: 14
	Labor:
		5_Load Test Crew:
		LaborType	As-Built	As-Planned	Difference
		(labor)Equipment Operator :	0	0	0
		(labor)Worker:	0	0	0
		(labor)Foreman:	0	0	0
		(equi)Load Testing Machine:	0	0	0

	Materials:
		Material	As-Built	As-Planned	Difference
		test:	0	0	0

Activity 3 - 3_Assemble Trusses: Week 159 As-Planned Start: 6 As-Planned End: 10
	Labor:
		3_Trusses Assemble Crew:
		LaborType	As-Built	As-Planned	Difference
		(labor)Worker:	0	0	0
		(labor)Foreman:	0	0	0

	Materials:
		Material	As-Built	As-Planned	Difference
		truss connections:	0	0	0

Activity 2 - 2_Cutting Members: Week 159 As-Planned Start: 3 As-Planned End: 6
	Labor:
		2_Cutting Crew:
		LaborType	As-Built	As-Planned	Difference
		(labor)Equipment Operator :	1	0	1
		(labor)Worker:	3	0	3
		(labor)Foreman:	1	0	1
		(equi)Cutting Machine:	1	0	1

	Materials:
		Material	As-Built	As-Planned	Difference
		cutting members:	0	0	0

Activity 4 - 4_Assemble Bridge: Week 159 As-Planned Start: 10 As-Planned End: 13
	Labor:
		4_Bridge Assemble Crew:
		LaborType	As-Built	As-Planned	Difference
		(labor)Equipment Operator :	0	0	0
		(labor)Worker:	0	0	0
		(labor)Foreman:	0	0	0
		(equi)Crane:	0	0	0

	Materials:
		Material	As-Built	As-Planned	Difference
		bridge decking:	0	0	0
--------------------------------------------------------------

The rate for 2_Cutting Members is 0.0
New Rate is: 0.0

*************************
HistoryTimeID is: 7077.
*************************

2_Cutting Members

Activity 5_Load Test: Week 160 As-Planned Start: 13 As-Planned End: 14
	As-Built	As-Planned	Difference
Material:	$0.00	$0.00	$0.00
Labor:	$0.00	$0.00	$0.00
Indirect:	$0.00	$0.00	$0.00


Activity 3_Assemble Trusses: Week 160 As-Planned Start: 6 As-Planned End: 10
	As-Built	As-Planned	Difference
Material:	$0.00	$0.00	$0.00
Labor:	$0.00	$0.00	$0.00
Indirect:	$0.00	$0.00	$0.00


Activity 2_Cutting Members: Week 160 As-Planned Start: 3 As-Planned End: 6
	As-Built	As-Planned	Difference
Material:	$0.00	$0.00	$0.00
Labor:	$2539.12	$0.00	$2539.12
Indirect:	$2700.00	$0.00	$2700.00


Activity 4_Assemble Bridge: Week 160 As-Planned Start: 10 As-Planned End: 13
	As-Built	As-Planned	Difference
Material:	$0.00	$0.00	$0.00
Labor:	$0.00	$0.00	$0.00
Indirect:	$0.00	$0.00	$0.00

Stock Value:
	$0.00	$0.00

Totals
	As-Built	As-Planned	Difference
Material:	$55000.00	$0.00	$55000.00
Labor:	$289322.16	$0.00	$289322.16
Indirect:	$428100.02	$0.00	$428100.02


Resource Usage -----------------------------------------------

Activity 5 - 5_Load Test: Week 160 As-Planned Start: 13 As-Planned End: 14
	Labor:
		5_Load Test Crew:
		LaborType	As-Built	As-Planned	Difference
		(labor)Equipment Operator :	0	0	0
		(labor)Worker:	0	0	0
		(labor)Foreman:	0	0	0
		(equi)Load Testing Machine:	0	0	0

	Materials:
		Material	As-Built	As-Planned	Difference
		test:	0	0	0

Activity 3 - 3_Assemble Trusses: Week 160 As-Planned Start: 6 As-Planned End: 10
	Labor:
		3_Trusses Assemble Crew:
		LaborType	As-Built	As-Planned	Difference
		(labor)Worker:	0	0	0
		(labor)Foreman:	0	0	0

	Materials:
		Material	As-Built	As-Planned	Difference
		truss connections:	0	0	0

Activity 2 - 2_Cutting Members: Week 160 As-Planned Start: 3 As-Planned End: 6
	Labor:
		2_Cutting Crew:
		LaborType	As-Built	As-Planned	Difference
		(labor)Equipment Operator :	1	0	1
		(labor)Worker:	3	0	3
		(labor)Foreman:	1	0	1
		(equi)Cutting Machine:	1	0	1

	Materials:
		Material	As-Built	As-Planned	Difference
		cutting members:	0	0	0

Activity 4 - 4_Assemble Bridge: Week 160 As-Planned Start: 10 As-Planned End: 13
	Labor:
		4_Bridge Assemble Crew:
		LaborType	As-Built	As-Planned	Difference
		(labor)Equipment Operator :	0	0	0
		(labor)Worker:	0	0	0
		(labor)Foreman:	0	0	0
		(equi)Crane:	0	0	0

	Materials:
		Material	As-Built	As-Planned	Difference
		bridge decking:	0	0	0
--------------------------------------------------------------

The rate for 2_Cutting Members is 0.0
New Rate is: 0.0

*************************
HistoryTimeID is: 7078.
*************************

2_Cutting Members

Activity 5_Load Test: Week 161 As-Planned Start: 13 As-Planned End: 14
	As-Built	As-Planned	Difference
Material:	$0.00	$0.00	$0.00
Labor:	$0.00	$0.00	$0.00
Indirect:	$0.00	$0.00	$0.00


Activity 3_Assemble Trusses: Week 161 As-Planned Start: 6 As-Planned End: 10
	As-Built	As-Planned	Difference
Material:	$0.00	$0.00	$0.00
Labor:	$0.00	$0.00	$0.00
Indirect:	$0.00	$0.00	$0.00


Activity 2_Cutting Members: Week 161 As-Planned Start: 3 As-Planned End: 6
	As-Built	As-Planned	Difference
Material:	$0.00	$0.00	$0.00
Labor:	$0.00	$0.00	$0.00
Indirect:	$2700.00	$0.00	$2700.00


Activity 4_Assemble Bridge: Week 161 As-Planned Start: 10 As-Planned End: 13
	As-Built	As-Planned	Difference
Material:	$0.00	$0.00	$0.00
Labor:	$0.00	$0.00	$0.00
Indirect:	$0.00	$0.00	$0.00

Stock Value:
	$0.00	$0.00

Totals
	As-Built	As-Planned	Difference
Material:	$55000.00	$0.00	$55000.00
Labor:	$289322.16	$0.00	$289322.16
Indirect:	$430800.02	$0.00	$430800.02


Resource Usage -----------------------------------------------

Activity 5 - 5_Load Test: Week 161 As-Planned Start: 13 As-Planned End: 14
	Labor:
		5_Load Test Crew:
		LaborType	As-Built	As-Planned	Difference
		(labor)Equipment Operator :	0	0	0
		(labor)Worker:	0	0	0
		(labor)Foreman:	0	0	0
		(equi)Load Testing Machine:	0	0	0

	Materials:
		Material	As-Built	As-Planned	Difference
		test:	0	0	0

Activity 3 - 3_Assemble Trusses: Week 161 As-Planned Start: 6 As-Planned End: 10
	Labor:
		3_Trusses Assemble Crew:
		LaborType	As-Built	As-Planned	Difference
		(labor)Worker:	0	0	0
		(labor)Foreman:	0	0	0

	Materials:
		Material	As-Built	As-Planned	Difference
		truss connections:	0	0	0

Activity 2 - 2_Cutting Members: Week 161 As-Planned Start: 3 As-Planned End: 6
	Labor:
		2_Cutting Crew:
		LaborType	As-Built	As-Planned	Difference
		(labor)Equipment Operator :	1	0	1
		(labor)Worker:	3	0	3
		(labor)Foreman:	1	0	1
		(equi)Cutting Machine:	1	0	1

	Materials:
		Material	As-Built	As-Planned	Difference
		cutting members:	0	0	0

Activity 4 - 4_Assemble Bridge: Week 161 As-Planned Start: 10 As-Planned End: 13
	Labor:
		4_Bridge Assemble Crew:
		LaborType	As-Built	As-Planned	Difference
		(labor)Equipment Operator :	0	0	0
		(labor)Worker:	0	0	0
		(labor)Foreman:	0	0	0
		(equi)Crane:	0	0	0

	Materials:
		Material	As-Built	As-Planned	Difference
		bridge decking:	0	0	0
--------------------------------------------------------------

The rate for 2_Cutting Members is 0.0
New Rate is: 0.0

*************************
HistoryTimeID is: 7079.
*************************

2_Cutting Members

Activity 5_Load Test: Week 162 As-Planned Start: 13 As-Planned End: 14
	As-Built	As-Planned	Difference
Material:	$0.00	$0.00	$0.00
Labor:	$0.00	$0.00	$0.00
Indirect:	$0.00	$0.00	$0.00


Activity 3_Assemble Trusses: Week 162 As-Planned Start: 6 As-Planned End: 10
	As-Built	As-Planned	Difference
Material:	$0.00	$0.00	$0.00
Labor:	$0.00	$0.00	$0.00
Indirect:	$0.00	$0.00	$0.00


Activity 2_Cutting Members: Week 162 As-Planned Start: 3 As-Planned End: 6
	As-Built	As-Planned	Difference
Material:	$0.00	$0.00	$0.00
Labor:	$0.00	$0.00	$0.00
Indirect:	$2700.00	$0.00	$2700.00


Activity 4_Assemble Bridge: Week 162 As-Planned Start: 10 As-Planned End: 13
	As-Built	As-Planned	Difference
Material:	$0.00	$0.00	$0.00
Labor:	$0.00	$0.00	$0.00
Indirect:	$0.00	$0.00	$0.00

Stock Value:
	$0.00	$0.00

Totals
	As-Built	As-Planned	Difference
Material:	$55000.00	$0.00	$55000.00
Labor:	$289322.16	$0.00	$289322.16
Indirect:	$433500.02	$0.00	$433500.02


Resource Usage -----------------------------------------------

Activity 5 - 5_Load Test: Week 162 As-Planned Start: 13 As-Planned End: 14
	Labor:
		5_Load Test Crew:
		LaborType	As-Built	As-Planned	Difference
		(labor)Equipment Operator :	0	0	0
		(labor)Worker:	0	0	0
		(labor)Foreman:	0	0	0
		(equi)Load Testing Machine:	0	0	0

	Materials:
		Material	As-Built	As-Planned	Difference
		test:	0	0	0

Activity 3 - 3_Assemble Trusses: Week 162 As-Planned Start: 6 As-Planned End: 10
	Labor:
		3_Trusses Assemble Crew:
		LaborType	As-Built	As-Planned	Difference
		(labor)Worker:	0	0	0
		(labor)Foreman:	0	0	0

	Materials:
		Material	As-Built	As-Planned	Difference
		truss connections:	0	0	0

Activity 2 - 2_Cutting Members: Week 162 As-Planned Start: 3 As-Planned End: 6
	Labor:
		2_Cutting Crew:
		LaborType	As-Built	As-Planned	Difference
		(labor)Equipment Operator :	1	0	1
		(labor)Worker:	3	0	3
		(labor)Foreman:	1	0	1
		(equi)Cutting Machine:	1	0	1

	Materials:
		Material	As-Built	As-Planned	Difference
		cutting members:	0	0	0

Activity 4 - 4_Assemble Bridge: Week 162 As-Planned Start: 10 As-Planned End: 13
	Labor:
		4_Bridge Assemble Crew:
		LaborType	As-Built	As-Planned	Difference
		(labor)Equipment Operator :	0	0	0
		(labor)Worker:	0	0	0
		(labor)Foreman:	0	0	0
		(equi)Crane:	0	0	0

	Materials:
		Material	As-Built	As-Planned	Difference
		bridge decking:	0	0	0
--------------------------------------------------------------

The rate for 2_Cutting Members is 0.0
New Rate is: 0.0

*************************
HistoryTimeID is: 7080.
*************************

2_Cutting Members

Activity 5_Load Test: Week 163 As-Planned Start: 13 As-Planned End: 14
	As-Built	As-Planned	Difference
Material:	$0.00	$0.00	$0.00
Labor:	$0.00	$0.00	$0.00
Indirect:	$0.00	$0.00	$0.00


Activity 3_Assemble Trusses: Week 163 As-Planned Start: 6 As-Planned End: 10
	As-Built	As-Planned	Difference
Material:	$0.00	$0.00	$0.00
Labor:	$0.00	$0.00	$0.00
Indirect:	$0.00	$0.00	$0.00


Activity 2_Cutting Members: Week 163 As-Planned Start: 3 As-Planned End: 6
	As-Built	As-Planned	Difference
Material:	$0.00	$0.00	$0.00
Labor:	$2539.12	$0.00	$2539.12
Indirect:	$2700.00	$0.00	$2700.00


Activity 4_Assemble Bridge: Week 163 As-Planned Start: 10 As-Planned End: 13
	As-Built	As-Planned	Difference
Material:	$0.00	$0.00	$0.00
Labor:	$0.00	$0.00	$0.00
Indirect:	$0.00	$0.00	$0.00

Stock Value:
	$0.00	$0.00

Totals
	As-Built	As-Planned	Difference
Material:	$55000.00	$0.00	$55000.00
Labor:	$291861.28	$0.00	$291861.28
Indirect:	$436200.02	$0.00	$436200.02


Resource Usage -----------------------------------------------

Activity 5 - 5_Load Test: Week 163 As-Planned Start: 13 As-Planned End: 14
	Labor:
		5_Load Test Crew:
		LaborType	As-Built	As-Planned	Difference
		(labor)Equipment Operator :	0	0	0
		(labor)Worker:	0	0	0
		(labor)Foreman:	0	0	0
		(equi)Load Testing Machine:	0	0	0

	Materials:
		Material	As-Built	As-Planned	Difference
		test:	0	0	0

Activity 3 - 3_Assemble Trusses: Week 163 As-Planned Start: 6 As-Planned End: 10
	Labor:
		3_Trusses Assemble Crew:
		LaborType	As-Built	As-Planned	Difference
		(labor)Worker:	0	0	0
		(labor)Foreman:	0	0	0

	Materials:
		Material	As-Built	As-Planned	Difference
		truss connections:	0	0	0

Activity 2 - 2_Cutting Members: Week 163 As-Planned Start: 3 As-Planned End: 6
	Labor:
		2_Cutting Crew:
		LaborType	As-Built	As-Planned	Difference
		(labor)Equipment Operator :	1	0	1
		(labor)Worker:	3	0	3
		(labor)Foreman:	1	0	1
		(equi)Cutting Machine:	1	0	1

	Materials:
		Material	As-Built	As-Planned	Difference
		cutting members:	0	0	0

Activity 4 - 4_Assemble Bridge: Week 163 As-Planned Start: 10 As-Planned End: 13
	Labor:
		4_Bridge Assemble Crew:
		LaborType	As-Built	As-Planned	Difference
		(labor)Equipment Operator :	0	0	0
		(labor)Worker:	0	0	0
		(labor)Foreman:	0	0	0
		(equi)Crane:	0	0	0

	Materials:
		Material	As-Built	As-Planned	Difference
		bridge decking:	0	0	0
--------------------------------------------------------------

The rate for 2_Cutting Members is 0.0
New Rate is: 0.0

*************************
HistoryTimeID is: 7081.
*************************

2_Cutting Members

Activity 5_Load Test: Week 164 As-Planned Start: 13 As-Planned End: 14
	As-Built	As-Planned	Difference
Material:	$0.00	$0.00	$0.00
Labor:	$0.00	$0.00	$0.00
Indirect:	$0.00	$0.00	$0.00


Activity 3_Assemble Trusses: Week 164 As-Planned Start: 6 As-Planned End: 10
	As-Built	As-Planned	Difference
Material:	$0.00	$0.00	$0.00
Labor:	$0.00	$0.00	$0.00
Indirect:	$0.00	$0.00	$0.00


Activity 2_Cutting Members: Week 164 As-Planned Start: 3 As-Planned End: 6
	As-Built	As-Planned	Difference
Material:	$0.00	$0.00	$0.00
Labor:	$2539.12	$0.00	$2539.12
Indirect:	$2700.00	$0.00	$2700.00


Activity 4_Assemble Bridge: Week 164 As-Planned Start: 10 As-Planned End: 13
	As-Built	As-Planned	Difference
Material:	$0.00	$0.00	$0.00
Labor:	$0.00	$0.00	$0.00
Indirect:	$0.00	$0.00	$0.00

Stock Value:
	$0.00	$0.00

Totals
	As-Built	As-Planned	Difference
Material:	$55000.00	$0.00	$55000.00
Labor:	$294400.40	$0.00	$294400.40
Indirect:	$438900.02	$0.00	$438900.02


Resource Usage -----------------------------------------------

Activity 5 - 5_Load Test: Week 164 As-Planned Start: 13 As-Planned End: 14
	Labor:
		5_Load Test Crew:
		LaborType	As-Built	As-Planned	Difference
		(labor)Equipment Operator :	0	0	0
		(labor)Worker:	0	0	0
		(labor)Foreman:	0	0	0
		(equi)Load Testing Machine:	0	0	0

	Materials:
		Material	As-Built	As-Planned	Difference
		test:	0	0	0

Activity 3 - 3_Assemble Trusses: Week 164 As-Planned Start: 6 As-Planned End: 10
	Labor:
		3_Trusses Assemble Crew:
		LaborType	As-Built	As-Planned	Difference
		(labor)Worker:	0	0	0
		(labor)Foreman:	0	0	0

	Materials:
		Material	As-Built	As-Planned	Difference
		truss connections:	0	0	0

Activity 2 - 2_Cutting Members: Week 164 As-Planned Start: 3 As-Planned End: 6
	Labor:
		2_Cutting Crew:
		LaborType	As-Built	As-Planned	Difference
		(labor)Equipment Operator :	1	0	1
		(labor)Worker:	3	0	3
		(labor)Foreman:	1	0	1
		(equi)Cutting Machine:	1	0	1

	Materials:
		Material	As-Built	As-Planned	Difference
		cutting members:	0	0	0

Activity 4 - 4_Assemble Bridge: Week 164 As-Planned Start: 10 As-Planned End: 13
	Labor:
		4_Bridge Assemble Crew:
		LaborType	As-Built	As-Planned	Difference
		(labor)Equipment Operator :	0	0	0
		(labor)Worker:	0	0	0
		(labor)Foreman:	0	0	0
		(equi)Crane:	0	0	0

	Materials:
		Material	As-Built	As-Planned	Difference
		bridge decking:	0	0	0
--------------------------------------------------------------

The rate for 2_Cutting Members is 0.0
New Rate is: 0.0

*************************
HistoryTimeID is: 7082.
*************************

2_Cutting Members

Activity 5_Load Test: Week 165 As-Planned Start: 13 As-Planned End: 14
	As-Built	As-Planned	Difference
Material:	$0.00	$0.00	$0.00
Labor:	$0.00	$0.00	$0.00
Indirect:	$0.00	$0.00	$0.00


Activity 3_Assemble Trusses: Week 165 As-Planned Start: 6 As-Planned End: 10
	As-Built	As-Planned	Difference
Material:	$0.00	$0.00	$0.00
Labor:	$0.00	$0.00	$0.00
Indirect:	$0.00	$0.00	$0.00


Activity 2_Cutting Members: Week 165 As-Planned Start: 3 As-Planned End: 6
	As-Built	As-Planned	Difference
Material:	$0.00	$0.00	$0.00
Labor:	$2539.12	$0.00	$2539.12
Indirect:	$2700.00	$0.00	$2700.00


Activity 4_Assemble Bridge: Week 165 As-Planned Start: 10 As-Planned End: 13
	As-Built	As-Planned	Difference
Material:	$0.00	$0.00	$0.00
Labor:	$0.00	$0.00	$0.00
Indirect:	$0.00	$0.00	$0.00

Stock Value:
	$0.00	$0.00

Totals
	As-Built	As-Planned	Difference
Material:	$55000.00	$0.00	$55000.00
Labor:	$296939.52	$0.00	$296939.52
Indirect:	$441600.02	$0.00	$441600.02


Resource Usage -----------------------------------------------

Activity 5 - 5_Load Test: Week 165 As-Planned Start: 13 As-Planned End: 14
	Labor:
		5_Load Test Crew:
		LaborType	As-Built	As-Planned	Difference
		(labor)Equipment Operator :	0	0	0
		(labor)Worker:	0	0	0
		(labor)Foreman:	0	0	0
		(equi)Load Testing Machine:	0	0	0

	Materials:
		Material	As-Built	As-Planned	Difference
		test:	0	0	0

Activity 3 - 3_Assemble Trusses: Week 165 As-Planned Start: 6 As-Planned End: 10
	Labor:
		3_Trusses Assemble Crew:
		LaborType	As-Built	As-Planned	Difference
		(labor)Worker:	0	0	0
		(labor)Foreman:	0	0	0

	Materials:
		Material	As-Built	As-Planned	Difference
		truss connections:	0	0	0

Activity 2 - 2_Cutting Members: Week 165 As-Planned Start: 3 As-Planned End: 6
	Labor:
		2_Cutting Crew:
		LaborType	As-Built	As-Planned	Difference
		(labor)Equipment Operator :	1	0	1
		(labor)Worker:	3	0	3
		(labor)Foreman:	1	0	1
		(equi)Cutting Machine:	1	0	1

	Materials:
		Material	As-Built	As-Planned	Difference
		cutting members:	0	0	0

Activity 4 - 4_Assemble Bridge: Week 165 As-Planned Start: 10 As-Planned End: 13
	Labor:
		4_Bridge Assemble Crew:
		LaborType	As-Built	As-Planned	Difference
		(labor)Equipment Operator :	0	0	0
		(labor)Worker:	0	0	0
		(labor)Foreman:	0	0	0
		(equi)Crane:	0	0	0

	Materials:
		Material	As-Built	As-Planned	Difference
		bridge decking:	0	0	0
--------------------------------------------------------------

The rate for 2_Cutting Members is 0.0
New Rate is: 0.0

*************************
HistoryTimeID is: 7083.
*************************

2_Cutting Members

Activity 5_Load Test: Week 166 As-Planned Start: 13 As-Planned End: 14
	As-Built	As-Planned	Difference
Material:	$0.00	$0.00	$0.00
Labor:	$0.00	$0.00	$0.00
Indirect:	$0.00	$0.00	$0.00


Activity 3_Assemble Trusses: Week 166 As-Planned Start: 6 As-Planned End: 10
	As-Built	As-Planned	Difference
Material:	$0.00	$0.00	$0.00
Labor:	$0.00	$0.00	$0.00
Indirect:	$0.00	$0.00	$0.00


Activity 2_Cutting Members: Week 166 As-Planned Start: 3 As-Planned End: 6
	As-Built	As-Planned	Difference
Material:	$0.00	$0.00	$0.00
Labor:	$2539.12	$0.00	$2539.12
Indirect:	$2700.00	$0.00	$2700.00


Activity 4_Assemble Bridge: Week 166 As-Planned Start: 10 As-Planned End: 13
	As-Built	As-Planned	Difference
Material:	$0.00	$0.00	$0.00
Labor:	$0.00	$0.00	$0.00
Indirect:	$0.00	$0.00	$0.00

Stock Value:
	$0.00	$0.00

Totals
	As-Built	As-Planned	Difference
Material:	$55000.00	$0.00	$55000.00
Labor:	$299478.64	$0.00	$299478.64
Indirect:	$444300.02	$0.00	$444300.02


Resource Usage -----------------------------------------------

Activity 5 - 5_Load Test: Week 166 As-Planned Start: 13 As-Planned End: 14
	Labor:
		5_Load Test Crew:
		LaborType	As-Built	As-Planned	Difference
		(labor)Equipment Operator :	0	0	0
		(labor)Worker:	0	0	0
		(labor)Foreman:	0	0	0
		(equi)Load Testing Machine:	0	0	0

	Materials:
		Material	As-Built	As-Planned	Difference
		test:	0	0	0

Activity 3 - 3_Assemble Trusses: Week 166 As-Planned Start: 6 As-Planned End: 10
	Labor:
		3_Trusses Assemble Crew:
		LaborType	As-Built	As-Planned	Difference
		(labor)Worker:	0	0	0
		(labor)Foreman:	0	0	0

	Materials:
		Material	As-Built	As-Planned	Difference
		truss connections:	0	0	0

Activity 2 - 2_Cutting Members: Week 166 As-Planned Start: 3 As-Planned End: 6
	Labor:
		2_Cutting Crew:
		LaborType	As-Built	As-Planned	Difference
		(labor)Equipment Operator :	1	0	1
		(labor)Worker:	3	0	3
		(labor)Foreman:	1	0	1
		(equi)Cutting Machine:	1	0	1

	Materials:
		Material	As-Built	As-Planned	Difference
		cutting members:	0	0	0

Activity 4 - 4_Assemble Bridge: Week 166 As-Planned Start: 10 As-Planned End: 13
	Labor:
		4_Bridge Assemble Crew:
		LaborType	As-Built	As-Planned	Difference
		(labor)Equipment Operator :	0	0	0
		(labor)Worker:	0	0	0
		(labor)Foreman:	0	0	0
		(equi)Crane:	0	0	0

	Materials:
		Material	As-Built	As-Planned	Difference
		bridge decking:	0	0	0
--------------------------------------------------------------

The rate for 2_Cutting Members is 0.0
New Rate is: 0.0

*************************
HistoryTimeID is: 7084.
*************************

2_Cutting Members

Activity 5_Load Test: Week 167 As-Planned Start: 13 As-Planned End: 14
	As-Built	As-Planned	Difference
Material:	$0.00	$0.00	$0.00
Labor:	$0.00	$0.00	$0.00
Indirect:	$0.00	$0.00	$0.00


Activity 3_Assemble Trusses: Week 167 As-Planned Start: 6 As-Planned End: 10
	As-Built	As-Planned	Difference
Material:	$0.00	$0.00	$0.00
Labor:	$0.00	$0.00	$0.00
Indirect:	$0.00	$0.00	$0.00


Activity 2_Cutting Members: Week 167 As-Planned Start: 3 As-Planned End: 6
	As-Built	As-Planned	Difference
Material:	$0.00	$0.00	$0.00
Labor:	$2539.12	$0.00	$2539.12
Indirect:	$2700.00	$0.00	$2700.00


Activity 4_Assemble Bridge: Week 167 As-Planned Start: 10 As-Planned End: 13
	As-Built	As-Planned	Difference
Material:	$0.00	$0.00	$0.00
Labor:	$0.00	$0.00	$0.00
Indirect:	$0.00	$0.00	$0.00

Stock Value:
	$0.00	$0.00

Totals
	As-Built	As-Planned	Difference
Material:	$55000.00	$0.00	$55000.00
Labor:	$302017.76	$0.00	$302017.76
Indirect:	$447000.02	$0.00	$447000.02


Resource Usage -----------------------------------------------

Activity 5 - 5_Load Test: Week 167 As-Planned Start: 13 As-Planned End: 14
	Labor:
		5_Load Test Crew:
		LaborType	As-Built	As-Planned	Difference
		(labor)Equipment Operator :	0	0	0
		(labor)Worker:	0	0	0
		(labor)Foreman:	0	0	0
		(equi)Load Testing Machine:	0	0	0

	Materials:
		Material	As-Built	As-Planned	Difference
		test:	0	0	0

Activity 3 - 3_Assemble Trusses: Week 167 As-Planned Start: 6 As-Planned End: 10
	Labor:
		3_Trusses Assemble Crew:
		LaborType	As-Built	As-Planned	Difference
		(labor)Worker:	0	0	0
		(labor)Foreman:	0	0	0

	Materials:
		Material	As-Built	As-Planned	Difference
		truss connections:	0	0	0

Activity 2 - 2_Cutting Members: Week 167 As-Planned Start: 3 As-Planned End: 6
	Labor:
		2_Cutting Crew:
		LaborType	As-Built	As-Planned	Difference
		(labor)Equipment Operator :	1	0	1
		(labor)Worker:	3	0	3
		(labor)Foreman:	1	0	1
		(equi)Cutting Machine:	1	0	1

	Materials:
		Material	As-Built	As-Planned	Difference
		cutting members:	0	0	0

Activity 4 - 4_Assemble Bridge: Week 167 As-Planned Start: 10 As-Planned End: 13
	Labor:
		4_Bridge Assemble Crew:
		LaborType	As-Built	As-Planned	Difference
		(labor)Equipment Operator :	0	0	0
		(labor)Worker:	0	0	0
		(labor)Foreman:	0	0	0
		(equi)Crane:	0	0	0

	Materials:
		Material	As-Built	As-Planned	Difference
		bridge decking:	0	0	0
--------------------------------------------------------------

The rate for 2_Cutting Members is 0.0
New Rate is: 0.0

*************************
HistoryTimeID is: 7085.
*************************

2_Cutting Members

Activity 5_Load Test: Week 168 As-Planned Start: 13 As-Planned End: 14
	As-Built	As-Planned	Difference
Material:	$0.00	$0.00	$0.00
Labor:	$0.00	$0.00	$0.00
Indirect:	$0.00	$0.00	$0.00


Activity 3_Assemble Trusses: Week 168 As-Planned Start: 6 As-Planned End: 10
	As-Built	As-Planned	Difference
Material:	$0.00	$0.00	$0.00
Labor:	$0.00	$0.00	$0.00
Indirect:	$0.00	$0.00	$0.00


Activity 2_Cutting Members: Week 168 As-Planned Start: 3 As-Planned End: 6
	As-Built	As-Planned	Difference
Material:	$0.00	$0.00	$0.00
Labor:	$0.00	$0.00	$0.00
Indirect:	$2700.00	$0.00	$2700.00


Activity 4_Assemble Bridge: Week 168 As-Planned Start: 10 As-Planned End: 13
	As-Built	As-Planned	Difference
Material:	$0.00	$0.00	$0.00
Labor:	$0.00	$0.00	$0.00
Indirect:	$0.00	$0.00	$0.00

Stock Value:
	$0.00	$0.00

Totals
	As-Built	As-Planned	Difference
Material:	$55000.00	$0.00	$55000.00
Labor:	$302017.76	$0.00	$302017.76
Indirect:	$449700.02	$0.00	$449700.02


Resource Usage -----------------------------------------------

Activity 5 - 5_Load Test: Week 168 As-Planned Start: 13 As-Planned End: 14
	Labor:
		5_Load Test Crew:
		LaborType	As-Built	As-Planned	Difference
		(labor)Equipment Operator :	0	0	0
		(labor)Worker:	0	0	0
		(labor)Foreman:	0	0	0
		(equi)Load Testing Machine:	0	0	0

	Materials:
		Material	As-Built	As-Planned	Difference
		test:	0	0	0

Activity 3 - 3_Assemble Trusses: Week 168 As-Planned Start: 6 As-Planned End: 10
	Labor:
		3_Trusses Assemble Crew:
		LaborType	As-Built	As-Planned	Difference
		(labor)Worker:	0	0	0
		(labor)Foreman:	0	0	0

	Materials:
		Material	As-Built	As-Planned	Difference
		truss connections:	0	0	0

Activity 2 - 2_Cutting Members: Week 168 As-Planned Start: 3 As-Planned End: 6
	Labor:
		2_Cutting Crew:
		LaborType	As-Built	As-Planned	Difference
		(labor)Equipment Operator :	1	0	1
		(labor)Worker:	3	0	3
		(labor)Foreman:	1	0	1
		(equi)Cutting Machine:	1	0	1

	Materials:
		Material	As-Built	As-Planned	Difference
		cutting members:	0	0	0

Activity 4 - 4_Assemble Bridge: Week 168 As-Planned Start: 10 As-Planned End: 13
	Labor:
		4_Bridge Assemble Crew:
		LaborType	As-Built	As-Planned	Difference
		(labor)Equipment Operator :	0	0	0
		(labor)Worker:	0	0	0
		(labor)Foreman:	0	0	0
		(equi)Crane:	0	0	0

	Materials:
		Material	As-Built	As-Planned	Difference
		bridge decking:	0	0	0
--------------------------------------------------------------

The rate for 2_Cutting Members is 0.0
New Rate is: 0.0

*************************
HistoryTimeID is: 7086.
*************************

2_Cutting Members

Activity 5_Load Test: Week 169 As-Planned Start: 13 As-Planned End: 14
	As-Built	As-Planned	Difference
Material:	$0.00	$0.00	$0.00
Labor:	$0.00	$0.00	$0.00
Indirect:	$0.00	$0.00	$0.00


Activity 3_Assemble Trusses: Week 169 As-Planned Start: 6 As-Planned End: 10
	As-Built	As-Planned	Difference
Material:	$0.00	$0.00	$0.00
Labor:	$0.00	$0.00	$0.00
Indirect:	$0.00	$0.00	$0.00


Activity 2_Cutting Members: Week 169 As-Planned Start: 3 As-Planned End: 6
	As-Built	As-Planned	Difference
Material:	$0.00	$0.00	$0.00
Labor:	$0.00	$0.00	$0.00
Indirect:	$2700.00	$0.00	$2700.00


Activity 4_Assemble Bridge: Week 169 As-Planned Start: 10 As-Planned End: 13
	As-Built	As-Planned	Difference
Material:	$0.00	$0.00	$0.00
Labor:	$0.00	$0.00	$0.00
Indirect:	$0.00	$0.00	$0.00

Stock Value:
	$0.00	$0.00

Totals
	As-Built	As-Planned	Difference
Material:	$55000.00	$0.00	$55000.00
Labor:	$302017.76	$0.00	$302017.76
Indirect:	$452400.02	$0.00	$452400.02


Resource Usage -----------------------------------------------

Activity 5 - 5_Load Test: Week 169 As-Planned Start: 13 As-Planned End: 14
	Labor:
		5_Load Test Crew:
		LaborType	As-Built	As-Planned	Difference
		(labor)Equipment Operator :	0	0	0
		(labor)Worker:	0	0	0
		(labor)Foreman:	0	0	0
		(equi)Load Testing Machine:	0	0	0

	Materials:
		Material	As-Built	As-Planned	Difference
		test:	0	0	0

Activity 3 - 3_Assemble Trusses: Week 169 As-Planned Start: 6 As-Planned End: 10
	Labor:
		3_Trusses Assemble Crew:
		LaborType	As-Built	As-Planned	Difference
		(labor)Worker:	0	0	0
		(labor)Foreman:	0	0	0

	Materials:
		Material	As-Built	As-Planned	Difference
		truss connections:	0	0	0

Activity 2 - 2_Cutting Members: Week 169 As-Planned Start: 3 As-Planned End: 6
	Labor:
		2_Cutting Crew:
		LaborType	As-Built	As-Planned	Difference
		(labor)Equipment Operator :	1	0	1
		(labor)Worker:	3	0	3
		(labor)Foreman:	1	0	1
		(equi)Cutting Machine:	1	0	1

	Materials:
		Material	As-Built	As-Planned	Difference
		cutting members:	0	0	0

Activity 4 - 4_Assemble Bridge: Week 169 As-Planned Start: 10 As-Planned End: 13
	Labor:
		4_Bridge Assemble Crew:
		LaborType	As-Built	As-Planned	Difference
		(labor)Equipment Operator :	0	0	0
		(labor)Worker:	0	0	0
		(labor)Foreman:	0	0	0
		(equi)Crane:	0	0	0

	Materials:
		Material	As-Built	As-Planned	Difference
		bridge decking:	0	0	0
--------------------------------------------------------------

The rate for 2_Cutting Members is 0.0
New Rate is: 0.0

*************************
HistoryTimeID is: 7087.
*************************

2_Cutting Members

Activity 5_Load Test: Week 170 As-Planned Start: 13 As-Planned End: 14
	As-Built	As-Planned	Difference
Material:	$0.00	$0.00	$0.00
Labor:	$0.00	$0.00	$0.00
Indirect:	$0.00	$0.00	$0.00


Activity 3_Assemble Trusses: Week 170 As-Planned Start: 6 As-Planned End: 10
	As-Built	As-Planned	Difference
Material:	$0.00	$0.00	$0.00
Labor:	$0.00	$0.00	$0.00
Indirect:	$0.00	$0.00	$0.00


Activity 2_Cutting Members: Week 170 As-Planned Start: 3 As-Planned End: 6
	As-Built	As-Planned	Difference
Material:	$0.00	$0.00	$0.00
Labor:	$2539.12	$0.00	$2539.12
Indirect:	$2700.00	$0.00	$2700.00


Activity 4_Assemble Bridge: Week 170 As-Planned Start: 10 As-Planned End: 13
	As-Built	As-Planned	Difference
Material:	$0.00	$0.00	$0.00
Labor:	$0.00	$0.00	$0.00
Indirect:	$0.00	$0.00	$0.00

Stock Value:
	$0.00	$0.00

Totals
	As-Built	As-Planned	Difference
Material:	$55000.00	$0.00	$55000.00
Labor:	$304556.88	$0.00	$304556.88
Indirect:	$455100.02	$0.00	$455100.02


Resource Usage -----------------------------------------------

Activity 5 - 5_Load Test: Week 170 As-Planned Start: 13 As-Planned End: 14
	Labor:
		5_Load Test Crew:
		LaborType	As-Built	As-Planned	Difference
		(labor)Equipment Operator :	0	0	0
		(labor)Worker:	0	0	0
		(labor)Foreman:	0	0	0
		(equi)Load Testing Machine:	0	0	0

	Materials:
		Material	As-Built	As-Planned	Difference
		test:	0	0	0

Activity 3 - 3_Assemble Trusses: Week 170 As-Planned Start: 6 As-Planned End: 10
	Labor:
		3_Trusses Assemble Crew:
		LaborType	As-Built	As-Planned	Difference
		(labor)Worker:	0	0	0
		(labor)Foreman:	0	0	0

	Materials:
		Material	As-Built	As-Planned	Difference
		truss connections:	0	0	0

Activity 2 - 2_Cutting Members: Week 170 As-Planned Start: 3 As-Planned End: 6
	Labor:
		2_Cutting Crew:
		LaborType	As-Built	As-Planned	Difference
		(labor)Equipment Operator :	1	0	1
		(labor)Worker:	3	0	3
		(labor)Foreman:	1	0	1
		(equi)Cutting Machine:	1	0	1

	Materials:
		Material	As-Built	As-Planned	Difference
		cutting members:	0	0	0

Activity 4 - 4_Assemble Bridge: Week 170 As-Planned Start: 10 As-Planned End: 13
	Labor:
		4_Bridge Assemble Crew:
		LaborType	As-Built	As-Planned	Difference
		(labor)Equipment Operator :	0	0	0
		(labor)Worker:	0	0	0
		(labor)Foreman:	0	0	0
		(equi)Crane:	0	0	0

	Materials:
		Material	As-Built	As-Planned	Difference
		bridge decking:	0	0	0
--------------------------------------------------------------

The rate for 2_Cutting Members is 0.0
New Rate is: 0.0

*************************
HistoryTimeID is: 7088.
*************************

2_Cutting Members

Activity 5_Load Test: Week 171 As-Planned Start: 13 As-Planned End: 14
	As-Built	As-Planned	Difference
Material:	$0.00	$0.00	$0.00
Labor:	$0.00	$0.00	$0.00
Indirect:	$0.00	$0.00	$0.00


Activity 3_Assemble Trusses: Week 171 As-Planned Start: 6 As-Planned End: 10
	As-Built	As-Planned	Difference
Material:	$0.00	$0.00	$0.00
Labor:	$0.00	$0.00	$0.00
Indirect:	$0.00	$0.00	$0.00


Activity 2_Cutting Members: Week 171 As-Planned Start: 3 As-Planned End: 6
	As-Built	As-Planned	Difference
Material:	$0.00	$0.00	$0.00
Labor:	$2539.12	$0.00	$2539.12
Indirect:	$2700.00	$0.00	$2700.00


Activity 4_Assemble Bridge: Week 171 As-Planned Start: 10 As-Planned End: 13
	As-Built	As-Planned	Difference
Material:	$0.00	$0.00	$0.00
Labor:	$0.00	$0.00	$0.00
Indirect:	$0.00	$0.00	$0.00

Stock Value:
	$0.00	$0.00

Totals
	As-Built	As-Planned	Difference
Material:	$55000.00	$0.00	$55000.00
Labor:	$307096.00	$0.00	$307096.00
Indirect:	$457800.02	$0.00	$457800.02


Resource Usage -----------------------------------------------

Activity 5 - 5_Load Test: Week 171 As-Planned Start: 13 As-Planned End: 14
	Labor:
		5_Load Test Crew:
		LaborType	As-Built	As-Planned	Difference
		(labor)Equipment Operator :	0	0	0
		(labor)Worker:	0	0	0
		(labor)Foreman:	0	0	0
		(equi)Load Testing Machine:	0	0	0

	Materials:
		Material	As-Built	As-Planned	Difference
		test:	0	0	0

Activity 3 - 3_Assemble Trusses: Week 171 As-Planned Start: 6 As-Planned End: 10
	Labor:
		3_Trusses Assemble Crew:
		LaborType	As-Built	As-Planned	Difference
		(labor)Worker:	0	0	0
		(labor)Foreman:	0	0	0

	Materials:
		Material	As-Built	As-Planned	Difference
		truss connections:	0	0	0

Activity 2 - 2_Cutting Members: Week 171 As-Planned Start: 3 As-Planned End: 6
	Labor:
		2_Cutting Crew:
		LaborType	As-Built	As-Planned	Difference
		(labor)Equipment Operator :	1	0	1
		(labor)Worker:	3	0	3
		(labor)Foreman:	1	0	1
		(equi)Cutting Machine:	1	0	1

	Materials:
		Material	As-Built	As-Planned	Difference
		cutting members:	0	0	0

Activity 4 - 4_Assemble Bridge: Week 171 As-Planned Start: 10 As-Planned End: 13
	Labor:
		4_Bridge Assemble Crew:
		LaborType	As-Built	As-Planned	Difference
		(labor)Equipment Operator :	0	0	0
		(labor)Worker:	0	0	0
		(labor)Foreman:	0	0	0
		(equi)Crane:	0	0	0

	Materials:
		Material	As-Built	As-Planned	Difference
		bridge decking:	0	0	0
--------------------------------------------------------------

The rate for 2_Cutting Members is 0.0
New Rate is: 0.0

*************************
HistoryTimeID is: 7089.
*************************

2_Cutting Members

Activity 5_Load Test: Week 172 As-Planned Start: 13 As-Planned End: 14
	As-Built	As-Planned	Difference
Material:	$0.00	$0.00	$0.00
Labor:	$0.00	$0.00	$0.00
Indirect:	$0.00	$0.00	$0.00


Activity 3_Assemble Trusses: Week 172 As-Planned Start: 6 As-Planned End: 10
	As-Built	As-Planned	Difference
Material:	$0.00	$0.00	$0.00
Labor:	$0.00	$0.00	$0.00
Indirect:	$0.00	$0.00	$0.00


Activity 2_Cutting Members: Week 172 As-Planned Start: 3 As-Planned End: 6
	As-Built	As-Planned	Difference
Material:	$0.00	$0.00	$0.00
Labor:	$2539.12	$0.00	$2539.12
Indirect:	$2700.00	$0.00	$2700.00


Activity 4_Assemble Bridge: Week 172 As-Planned Start: 10 As-Planned End: 13
	As-Built	As-Planned	Difference
Material:	$0.00	$0.00	$0.00
Labor:	$0.00	$0.00	$0.00
Indirect:	$0.00	$0.00	$0.00

Stock Value:
	$0.00	$0.00

Totals
	As-Built	As-Planned	Difference
Material:	$55000.00	$0.00	$55000.00
Labor:	$309635.12	$0.00	$309635.12
Indirect:	$460500.02	$0.00	$460500.02


Resource Usage -----------------------------------------------

Activity 5 - 5_Load Test: Week 172 As-Planned Start: 13 As-Planned End: 14
	Labor:
		5_Load Test Crew:
		LaborType	As-Built	As-Planned	Difference
		(labor)Equipment Operator :	0	0	0
		(labor)Worker:	0	0	0
		(labor)Foreman:	0	0	0
		(equi)Load Testing Machine:	0	0	0

	Materials:
		Material	As-Built	As-Planned	Difference
		test:	0	0	0

Activity 3 - 3_Assemble Trusses: Week 172 As-Planned Start: 6 As-Planned End: 10
	Labor:
		3_Trusses Assemble Crew:
		LaborType	As-Built	As-Planned	Difference
		(labor)Worker:	0	0	0
		(labor)Foreman:	0	0	0

	Materials:
		Material	As-Built	As-Planned	Difference
		truss connections:	0	0	0

Activity 2 - 2_Cutting Members: Week 172 As-Planned Start: 3 As-Planned End: 6
	Labor:
		2_Cutting Crew:
		LaborType	As-Built	As-Planned	Difference
		(labor)Equipment Operator :	1	0	1
		(labor)Worker:	3	0	3
		(labor)Foreman:	1	0	1
		(equi)Cutting Machine:	1	0	1

	Materials:
		Material	As-Built	As-Planned	Difference
		cutting members:	0	0	0

Activity 4 - 4_Assemble Bridge: Week 172 As-Planned Start: 10 As-Planned End: 13
	Labor:
		4_Bridge Assemble Crew:
		LaborType	As-Built	As-Planned	Difference
		(labor)Equipment Operator :	0	0	0
		(labor)Worker:	0	0	0
		(labor)Foreman:	0	0	0
		(equi)Crane:	0	0	0

	Materials:
		Material	As-Built	As-Planned	Difference
		bridge decking:	0	0	0
--------------------------------------------------------------

The rate for 2_Cutting Members is 0.0
New Rate is: 0.0

*************************
HistoryTimeID is: 7090.
*************************

2_Cutting Members

Activity 5_Load Test: Week 173 As-Planned Start: 13 As-Planned End: 14
	As-Built	As-Planned	Difference
Material:	$0.00	$0.00	$0.00
Labor:	$0.00	$0.00	$0.00
Indirect:	$0.00	$0.00	$0.00


Activity 3_Assemble Trusses: Week 173 As-Planned Start: 6 As-Planned End: 10
	As-Built	As-Planned	Difference
Material:	$0.00	$0.00	$0.00
Labor:	$0.00	$0.00	$0.00
Indirect:	$0.00	$0.00	$0.00


Activity 2_Cutting Members: Week 173 As-Planned Start: 3 As-Planned End: 6
	As-Built	As-Planned	Difference
Material:	$0.00	$0.00	$0.00
Labor:	$2539.12	$0.00	$2539.12
Indirect:	$2700.00	$0.00	$2700.00


Activity 4_Assemble Bridge: Week 173 As-Planned Start: 10 As-Planned End: 13
	As-Built	As-Planned	Difference
Material:	$0.00	$0.00	$0.00
Labor:	$0.00	$0.00	$0.00
Indirect:	$0.00	$0.00	$0.00

Stock Value:
	$0.00	$0.00

Totals
	As-Built	As-Planned	Difference
Material:	$55000.00	$0.00	$55000.00
Labor:	$312174.24	$0.00	$312174.24
Indirect:	$463200.02	$0.00	$463200.02


Resource Usage -----------------------------------------------

Activity 5 - 5_Load Test: Week 173 As-Planned Start: 13 As-Planned End: 14
	Labor:
		5_Load Test Crew:
		LaborType	As-Built	As-Planned	Difference
		(labor)Equipment Operator :	0	0	0
		(labor)Worker:	0	0	0
		(labor)Foreman:	0	0	0
		(equi)Load Testing Machine:	0	0	0

	Materials:
		Material	As-Built	As-Planned	Difference
		test:	0	0	0

Activity 3 - 3_Assemble Trusses: Week 173 As-Planned Start: 6 As-Planned End: 10
	Labor:
		3_Trusses Assemble Crew:
		LaborType	As-Built	As-Planned	Difference
		(labor)Worker:	0	0	0
		(labor)Foreman:	0	0	0

	Materials:
		Material	As-Built	As-Planned	Difference
		truss connections:	0	0	0

Activity 2 - 2_Cutting Members: Week 173 As-Planned Start: 3 As-Planned End: 6
	Labor:
		2_Cutting Crew:
		LaborType	As-Built	As-Planned	Difference
		(labor)Equipment Operator :	1	0	1
		(labor)Worker:	3	0	3
		(labor)Foreman:	1	0	1
		(equi)Cutting Machine:	1	0	1

	Materials:
		Material	As-Built	As-Planned	Difference
		cutting members:	0	0	0

Activity 4 - 4_Assemble Bridge: Week 173 As-Planned Start: 10 As-Planned End: 13
	Labor:
		4_Bridge Assemble Crew:
		LaborType	As-Built	As-Planned	Difference
		(labor)Equipment Operator :	0	0	0
		(labor)Worker:	0	0	0
		(labor)Foreman:	0	0	0
		(equi)Crane:	0	0	0

	Materials:
		Material	As-Built	As-Planned	Difference
		bridge decking:	0	0	0
--------------------------------------------------------------

The rate for 2_Cutting Members is 0.0
New Rate is: 0.0

*************************
HistoryTimeID is: 7091.
*************************

2_Cutting Members

Activity 5_Load Test: Week 174 As-Planned Start: 13 As-Planned End: 14
	As-Built	As-Planned	Difference
Material:	$0.00	$0.00	$0.00
Labor:	$0.00	$0.00	$0.00
Indirect:	$0.00	$0.00	$0.00


Activity 3_Assemble Trusses: Week 174 As-Planned Start: 6 As-Planned End: 10
	As-Built	As-Planned	Difference
Material:	$0.00	$0.00	$0.00
Labor:	$0.00	$0.00	$0.00
Indirect:	$0.00	$0.00	$0.00


Activity 2_Cutting Members: Week 174 As-Planned Start: 3 As-Planned End: 6
	As-Built	As-Planned	Difference
Material:	$0.00	$0.00	$0.00
Labor:	$2539.12	$0.00	$2539.12
Indirect:	$2700.00	$0.00	$2700.00


Activity 4_Assemble Bridge: Week 174 As-Planned Start: 10 As-Planned End: 13
	As-Built	As-Planned	Difference
Material:	$0.00	$0.00	$0.00
Labor:	$0.00	$0.00	$0.00
Indirect:	$0.00	$0.00	$0.00

Stock Value:
	$0.00	$0.00

Totals
	As-Built	As-Planned	Difference
Material:	$55000.00	$0.00	$55000.00
Labor:	$314713.36	$0.00	$314713.36
Indirect:	$465900.02	$0.00	$465900.02


Resource Usage -----------------------------------------------

Activity 5 - 5_Load Test: Week 174 As-Planned Start: 13 As-Planned End: 14
	Labor:
		5_Load Test Crew:
		LaborType	As-Built	As-Planned	Difference
		(labor)Equipment Operator :	0	0	0
		(labor)Worker:	0	0	0
		(labor)Foreman:	0	0	0
		(equi)Load Testing Machine:	0	0	0

	Materials:
		Material	As-Built	As-Planned	Difference
		test:	0	0	0

Activity 3 - 3_Assemble Trusses: Week 174 As-Planned Start: 6 As-Planned End: 10
	Labor:
		3_Trusses Assemble Crew:
		LaborType	As-Built	As-Planned	Difference
		(labor)Worker:	0	0	0
		(labor)Foreman:	0	0	0

	Materials:
		Material	As-Built	As-Planned	Difference
		truss connections:	0	0	0

Activity 2 - 2_Cutting Members: Week 174 As-Planned Start: 3 As-Planned End: 6
	Labor:
		2_Cutting Crew:
		LaborType	As-Built	As-Planned	Difference
		(labor)Equipment Operator :	1	0	1
		(labor)Worker:	3	0	3
		(labor)Foreman:	1	0	1
		(equi)Cutting Machine:	1	0	1

	Materials:
		Material	As-Built	As-Planned	Difference
		cutting members:	0	0	0

Activity 4 - 4_Assemble Bridge: Week 174 As-Planned Start: 10 As-Planned End: 13
	Labor:
		4_Bridge Assemble Crew:
		LaborType	As-Built	As-Planned	Difference
		(labor)Equipment Operator :	0	0	0
		(labor)Worker:	0	0	0
		(labor)Foreman:	0	0	0
		(equi)Crane:	0	0	0

	Materials:
		Material	As-Built	As-Planned	Difference
		bridge decking:	0	0	0
--------------------------------------------------------------

The rate for 2_Cutting Members is 0.0
New Rate is: 0.0

*************************
HistoryTimeID is: 7092.
*************************

2_Cutting Members

Activity 5_Load Test: Week 175 As-Planned Start: 13 As-Planned End: 14
	As-Built	As-Planned	Difference
Material:	$0.00	$0.00	$0.00
Labor:	$0.00	$0.00	$0.00
Indirect:	$0.00	$0.00	$0.00


Activity 3_Assemble Trusses: Week 175 As-Planned Start: 6 As-Planned End: 10
	As-Built	As-Planned	Difference
Material:	$0.00	$0.00	$0.00
Labor:	$0.00	$0.00	$0.00
Indirect:	$0.00	$0.00	$0.00


Activity 2_Cutting Members: Week 175 As-Planned Start: 3 As-Planned End: 6
	As-Built	As-Planned	Difference
Material:	$0.00	$0.00	$0.00
Labor:	$0.00	$0.00	$0.00
Indirect:	$2700.00	$0.00	$2700.00


Activity 4_Assemble Bridge: Week 175 As-Planned Start: 10 As-Planned End: 13
	As-Built	As-Planned	Difference
Material:	$0.00	$0.00	$0.00
Labor:	$0.00	$0.00	$0.00
Indirect:	$0.00	$0.00	$0.00

Stock Value:
	$0.00	$0.00

Totals
	As-Built	As-Planned	Difference
Material:	$55000.00	$0.00	$55000.00
Labor:	$314713.36	$0.00	$314713.36
Indirect:	$468600.02	$0.00	$468600.02


Resource Usage -----------------------------------------------

Activity 5 - 5_Load Test: Week 175 As-Planned Start: 13 As-Planned End: 14
	Labor:
		5_Load Test Crew:
		LaborType	As-Built	As-Planned	Difference
		(labor)Equipment Operator :	0	0	0
		(labor)Worker:	0	0	0
		(labor)Foreman:	0	0	0
		(equi)Load Testing Machine:	0	0	0

	Materials:
		Material	As-Built	As-Planned	Difference
		test:	0	0	0

Activity 3 - 3_Assemble Trusses: Week 175 As-Planned Start: 6 As-Planned End: 10
	Labor:
		3_Trusses Assemble Crew:
		LaborType	As-Built	As-Planned	Difference
		(labor)Worker:	0	0	0
		(labor)Foreman:	0	0	0

	Materials:
		Material	As-Built	As-Planned	Difference
		truss connections:	0	0	0

Activity 2 - 2_Cutting Members: Week 175 As-Planned Start: 3 As-Planned End: 6
	Labor:
		2_Cutting Crew:
		LaborType	As-Built	As-Planned	Difference
		(labor)Equipment Operator :	1	0	1
		(labor)Worker:	3	0	3
		(labor)Foreman:	1	0	1
		(equi)Cutting Machine:	1	0	1

	Materials:
		Material	As-Built	As-Planned	Difference
		cutting members:	0	0	0

Activity 4 - 4_Assemble Bridge: Week 175 As-Planned Start: 10 As-Planned End: 13
	Labor:
		4_Bridge Assemble Crew:
		LaborType	As-Built	As-Planned	Difference
		(labor)Equipment Operator :	0	0	0
		(labor)Worker:	0	0	0
		(labor)Foreman:	0	0	0
		(equi)Crane:	0	0	0

	Materials:
		Material	As-Built	As-Planned	Difference
		bridge decking:	0	0	0
--------------------------------------------------------------

The rate for 2_Cutting Members is 0.0
New Rate is: 0.0

*************************
HistoryTimeID is: 7093.
*************************

2_Cutting Members

Activity 5_Load Test: Week 176 As-Planned Start: 13 As-Planned End: 14
	As-Built	As-Planned	Difference
Material:	$0.00	$0.00	$0.00
Labor:	$0.00	$0.00	$0.00
Indirect:	$0.00	$0.00	$0.00


Activity 3_Assemble Trusses: Week 176 As-Planned Start: 6 As-Planned End: 10
	As-Built	As-Planned	Difference
Material:	$0.00	$0.00	$0.00
Labor:	$0.00	$0.00	$0.00
Indirect:	$0.00	$0.00	$0.00


Activity 2_Cutting Members: Week 176 As-Planned Start: 3 As-Planned End: 6
	As-Built	As-Planned	Difference
Material:	$0.00	$0.00	$0.00
Labor:	$0.00	$0.00	$0.00
Indirect:	$2700.00	$0.00	$2700.00


Activity 4_Assemble Bridge: Week 176 As-Planned Start: 10 As-Planned End: 13
	As-Built	As-Planned	Difference
Material:	$0.00	$0.00	$0.00
Labor:	$0.00	$0.00	$0.00
Indirect:	$0.00	$0.00	$0.00

Stock Value:
	$0.00	$0.00

Totals
	As-Built	As-Planned	Difference
Material:	$55000.00	$0.00	$55000.00
Labor:	$314713.36	$0.00	$314713.36
Indirect:	$471300.02	$0.00	$471300.02


Resource Usage -----------------------------------------------

Activity 5 - 5_Load Test: Week 176 As-Planned Start: 13 As-Planned End: 14
	Labor:
		5_Load Test Crew:
		LaborType	As-Built	As-Planned	Difference
		(labor)Equipment Operator :	0	0	0
		(labor)Worker:	0	0	0
		(labor)Foreman:	0	0	0
		(equi)Load Testing Machine:	0	0	0

	Materials:
		Material	As-Built	As-Planned	Difference
		test:	0	0	0

Activity 3 - 3_Assemble Trusses: Week 176 As-Planned Start: 6 As-Planned End: 10
	Labor:
		3_Trusses Assemble Crew:
		LaborType	As-Built	As-Planned	Difference
		(labor)Worker:	0	0	0
		(labor)Foreman:	0	0	0

	Materials:
		Material	As-Built	As-Planned	Difference
		truss connections:	0	0	0

Activity 2 - 2_Cutting Members: Week 176 As-Planned Start: 3 As-Planned End: 6
	Labor:
		2_Cutting Crew:
		LaborType	As-Built	As-Planned	Difference
		(labor)Equipment Operator :	1	0	1
		(labor)Worker:	3	0	3
		(labor)Foreman:	1	0	1
		(equi)Cutting Machine:	1	0	1

	Materials:
		Material	As-Built	As-Planned	Difference
		cutting members:	0	0	0

Activity 4 - 4_Assemble Bridge: Week 176 As-Planned Start: 10 As-Planned End: 13
	Labor:
		4_Bridge Assemble Crew:
		LaborType	As-Built	As-Planned	Difference
		(labor)Equipment Operator :	0	0	0
		(labor)Worker:	0	0	0
		(labor)Foreman:	0	0	0
		(equi)Crane:	0	0	0

	Materials:
		Material	As-Built	As-Planned	Difference
		bridge decking:	0	0	0
--------------------------------------------------------------

The rate for 2_Cutting Members is 0.0
New Rate is: 0.0

*************************
HistoryTimeID is: 7094.
*************************

2_Cutting Members

Activity 5_Load Test: Week 177 As-Planned Start: 13 As-Planned End: 14
	As-Built	As-Planned	Difference
Material:	$0.00	$0.00	$0.00
Labor:	$0.00	$0.00	$0.00
Indirect:	$0.00	$0.00	$0.00


Activity 3_Assemble Trusses: Week 177 As-Planned Start: 6 As-Planned End: 10
	As-Built	As-Planned	Difference
Material:	$0.00	$0.00	$0.00
Labor:	$0.00	$0.00	$0.00
Indirect:	$0.00	$0.00	$0.00


Activity 2_Cutting Members: Week 177 As-Planned Start: 3 As-Planned End: 6
	As-Built	As-Planned	Difference
Material:	$0.00	$0.00	$0.00
Labor:	$2539.12	$0.00	$2539.12
Indirect:	$2700.00	$0.00	$2700.00


Activity 4_Assemble Bridge: Week 177 As-Planned Start: 10 As-Planned End: 13
	As-Built	As-Planned	Difference
Material:	$0.00	$0.00	$0.00
Labor:	$0.00	$0.00	$0.00
Indirect:	$0.00	$0.00	$0.00

Stock Value:
	$0.00	$0.00

Totals
	As-Built	As-Planned	Difference
Material:	$55000.00	$0.00	$55000.00
Labor:	$317252.48	$0.00	$317252.48
Indirect:	$474000.02	$0.00	$474000.02


Resource Usage -----------------------------------------------

Activity 5 - 5_Load Test: Week 177 As-Planned Start: 13 As-Planned End: 14
	Labor:
		5_Load Test Crew:
		LaborType	As-Built	As-Planned	Difference
		(labor)Equipment Operator :	0	0	0
		(labor)Worker:	0	0	0
		(labor)Foreman:	0	0	0
		(equi)Load Testing Machine:	0	0	0

	Materials:
		Material	As-Built	As-Planned	Difference
		test:	0	0	0

Activity 3 - 3_Assemble Trusses: Week 177 As-Planned Start: 6 As-Planned End: 10
	Labor:
		3_Trusses Assemble Crew:
		LaborType	As-Built	As-Planned	Difference
		(labor)Worker:	0	0	0
		(labor)Foreman:	0	0	0

	Materials:
		Material	As-Built	As-Planned	Difference
		truss connections:	0	0	0

Activity 2 - 2_Cutting Members: Week 177 As-Planned Start: 3 As-Planned End: 6
	Labor:
		2_Cutting Crew:
		LaborType	As-Built	As-Planned	Difference
		(labor)Equipment Operator :	1	0	1
		(labor)Worker:	3	0	3
		(labor)Foreman:	1	0	1
		(equi)Cutting Machine:	1	0	1

	Materials:
		Material	As-Built	As-Planned	Difference
		cutting members:	0	0	0

Activity 4 - 4_Assemble Bridge: Week 177 As-Planned Start: 10 As-Planned End: 13
	Labor:
		4_Bridge Assemble Crew:
		LaborType	As-Built	As-Planned	Difference
		(labor)Equipment Operator :	0	0	0
		(labor)Worker:	0	0	0
		(labor)Foreman:	0	0	0
		(equi)Crane:	0	0	0

	Materials:
		Material	As-Built	As-Planned	Difference
		bridge decking:	0	0	0
--------------------------------------------------------------

The rate for 2_Cutting Members is 0.0
New Rate is: 0.0

*************************
HistoryTimeID is: 7095.
*************************

2_Cutting Members

Activity 5_Load Test: Week 178 As-Planned Start: 13 As-Planned End: 14
	As-Built	As-Planned	Difference
Material:	$0.00	$0.00	$0.00
Labor:	$0.00	$0.00	$0.00
Indirect:	$0.00	$0.00	$0.00


Activity 3_Assemble Trusses: Week 178 As-Planned Start: 6 As-Planned End: 10
	As-Built	As-Planned	Difference
Material:	$0.00	$0.00	$0.00
Labor:	$0.00	$0.00	$0.00
Indirect:	$0.00	$0.00	$0.00


Activity 2_Cutting Members: Week 178 As-Planned Start: 3 As-Planned End: 6
	As-Built	As-Planned	Difference
Material:	$0.00	$0.00	$0.00
Labor:	$2539.12	$0.00	$2539.12
Indirect:	$2700.00	$0.00	$2700.00


Activity 4_Assemble Bridge: Week 178 As-Planned Start: 10 As-Planned End: 13
	As-Built	As-Planned	Difference
Material:	$0.00	$0.00	$0.00
Labor:	$0.00	$0.00	$0.00
Indirect:	$0.00	$0.00	$0.00

Stock Value:
	$0.00	$0.00

Totals
	As-Built	As-Planned	Difference
Material:	$55000.00	$0.00	$55000.00
Labor:	$319791.60	$0.00	$319791.60
Indirect:	$476700.02	$0.00	$476700.02


Resource Usage -----------------------------------------------

Activity 5 - 5_Load Test: Week 178 As-Planned Start: 13 As-Planned End: 14
	Labor:
		5_Load Test Crew:
		LaborType	As-Built	As-Planned	Difference
		(labor)Equipment Operator :	0	0	0
		(labor)Worker:	0	0	0
		(labor)Foreman:	0	0	0
		(equi)Load Testing Machine:	0	0	0

	Materials:
		Material	As-Built	As-Planned	Difference
		test:	0	0	0

Activity 3 - 3_Assemble Trusses: Week 178 As-Planned Start: 6 As-Planned End: 10
	Labor:
		3_Trusses Assemble Crew:
		LaborType	As-Built	As-Planned	Difference
		(labor)Worker:	0	0	0
		(labor)Foreman:	0	0	0

	Materials:
		Material	As-Built	As-Planned	Difference
		truss connections:	0	0	0

Activity 2 - 2_Cutting Members: Week 178 As-Planned Start: 3 As-Planned End: 6
	Labor:
		2_Cutting Crew:
		LaborType	As-Built	As-Planned	Difference
		(labor)Equipment Operator :	1	0	1
		(labor)Worker:	3	0	3
		(labor)Foreman:	1	0	1
		(equi)Cutting Machine:	1	0	1

	Materials:
		Material	As-Built	As-Planned	Difference
		cutting members:	0	0	0

Activity 4 - 4_Assemble Bridge: Week 178 As-Planned Start: 10 As-Planned End: 13
	Labor:
		4_Bridge Assemble Crew:
		LaborType	As-Built	As-Planned	Difference
		(labor)Equipment Operator :	0	0	0
		(labor)Worker:	0	0	0
		(labor)Foreman:	0	0	0
		(equi)Crane:	0	0	0

	Materials:
		Material	As-Built	As-Planned	Difference
		bridge decking:	0	0	0
--------------------------------------------------------------


=======================================================================>
Bad weather, productivities reduce to 50%! 
Bad weather, productivities reduce to 50%! 
(Rule Bad weather)
=======================================================================>

The rate for 2_Cutting Members is 0.0
New Rate is: 0.0

*************************
HistoryTimeID is: 7096.
*************************

2_Cutting Members

Activity 5_Load Test: Week 179 As-Planned Start: 13 As-Planned End: 14
	As-Built	As-Planned	Difference
Material:	$0.00	$0.00	$0.00
Labor:	$0.00	$0.00	$0.00
Indirect:	$0.00	$0.00	$0.00


Activity 3_Assemble Trusses: Week 179 As-Planned Start: 6 As-Planned End: 10
	As-Built	As-Planned	Difference
Material:	$0.00	$0.00	$0.00
Labor:	$0.00	$0.00	$0.00
Indirect:	$0.00	$0.00	$0.00


Activity 2_Cutting Members: Week 179 As-Planned Start: 3 As-Planned End: 6
	As-Built	As-Planned	Difference
Material:	$0.00	$0.00	$0.00
Labor:	$2539.12	$0.00	$2539.12
Indirect:	$2700.00	$0.00	$2700.00


Activity 4_Assemble Bridge: Week 179 As-Planned Start: 10 As-Planned End: 13
	As-Built	As-Planned	Difference
Material:	$0.00	$0.00	$0.00
Labor:	$0.00	$0.00	$0.00
Indirect:	$0.00	$0.00	$0.00

Stock Value:
	$0.00	$0.00

Totals
	As-Built	As-Planned	Difference
Material:	$55000.00	$0.00	$55000.00
Labor:	$322330.72	$0.00	$322330.72
Indirect:	$479400.02	$0.00	$479400.02


Resource Usage -----------------------------------------------

Activity 5 - 5_Load Test: Week 179 As-Planned Start: 13 As-Planned End: 14
	Labor:
		5_Load Test Crew:
		LaborType	As-Built	As-Planned	Difference
		(labor)Equipment Operator :	0	0	0
		(labor)Worker:	0	0	0
		(labor)Foreman:	0	0	0
		(equi)Load Testing Machine:	0	0	0

	Materials:
		Material	As-Built	As-Planned	Difference
		test:	0	0	0

Activity 3 - 3_Assemble Trusses: Week 179 As-Planned Start: 6 As-Planned End: 10
	Labor:
		3_Trusses Assemble Crew:
		LaborType	As-Built	As-Planned	Difference
		(labor)Worker:	0	0	0
		(labor)Foreman:	0	0	0

	Materials:
		Material	As-Built	As-Planned	Difference
		truss connections:	0	0	0

Activity 2 - 2_Cutting Members: Week 179 As-Planned Start: 3 As-Planned End: 6
	Labor:
		2_Cutting Crew:
		LaborType	As-Built	As-Planned	Difference
		(labor)Equipment Operator :	1	0	1
		(labor)Worker:	3	0	3
		(labor)Foreman:	1	0	1
		(equi)Cutting Machine:	1	0	1

	Materials:
		Material	As-Built	As-Planned	Difference
		cutting members:	0	0	0

Activity 4 - 4_Assemble Bridge: Week 179 As-Planned Start: 10 As-Planned End: 13
	Labor:
		4_Bridge Assemble Crew:
		LaborType	As-Built	As-Planned	Difference
		(labor)Equipment Operator :	0	0	0
		(labor)Worker:	0	0	0
		(labor)Foreman:	0	0	0
		(equi)Crane:	0	0	0

	Materials:
		Material	As-Built	As-Planned	Difference
		bridge decking:	0	0	0
--------------------------------------------------------------

The rate for 2_Cutting Members is 0.0
New Rate is: 0.0

*************************
HistoryTimeID is: 7097.
*************************

2_Cutting Members

Activity 5_Load Test: Week 180 As-Planned Start: 13 As-Planned End: 14
	As-Built	As-Planned	Difference
Material:	$0.00	$0.00	$0.00
Labor:	$0.00	$0.00	$0.00
Indirect:	$0.00	$0.00	$0.00


Activity 3_Assemble Trusses: Week 180 As-Planned Start: 6 As-Planned End: 10
	As-Built	As-Planned	Difference
Material:	$0.00	$0.00	$0.00
Labor:	$0.00	$0.00	$0.00
Indirect:	$0.00	$0.00	$0.00


Activity 2_Cutting Members: Week 180 As-Planned Start: 3 As-Planned End: 6
	As-Built	As-Planned	Difference
Material:	$0.00	$0.00	$0.00
Labor:	$2539.12	$0.00	$2539.12
Indirect:	$2700.00	$0.00	$2700.00


Activity 4_Assemble Bridge: Week 180 As-Planned Start: 10 As-Planned End: 13
	As-Built	As-Planned	Difference
Material:	$0.00	$0.00	$0.00
Labor:	$0.00	$0.00	$0.00
Indirect:	$0.00	$0.00	$0.00

Stock Value:
	$0.00	$0.00

Totals
	As-Built	As-Planned	Difference
Material:	$55000.00	$0.00	$55000.00
Labor:	$324869.84	$0.00	$324869.84
Indirect:	$482100.02	$0.00	$482100.02


Resource Usage -----------------------------------------------

Activity 5 - 5_Load Test: Week 180 As-Planned Start: 13 As-Planned End: 14
	Labor:
		5_Load Test Crew:
		LaborType	As-Built	As-Planned	Difference
		(labor)Equipment Operator :	0	0	0
		(labor)Worker:	0	0	0
		(labor)Foreman:	0	0	0
		(equi)Load Testing Machine:	0	0	0

	Materials:
		Material	As-Built	As-Planned	Difference
		test:	0	0	0

Activity 3 - 3_Assemble Trusses: Week 180 As-Planned Start: 6 As-Planned End: 10
	Labor:
		3_Trusses Assemble Crew:
		LaborType	As-Built	As-Planned	Difference
		(labor)Worker:	0	0	0
		(labor)Foreman:	0	0	0

	Materials:
		Material	As-Built	As-Planned	Difference
		truss connections:	0	0	0

Activity 2 - 2_Cutting Members: Week 180 As-Planned Start: 3 As-Planned End: 6
	Labor:
		2_Cutting Crew:
		LaborType	As-Built	As-Planned	Difference
		(labor)Equipment Operator :	1	0	1
		(labor)Worker:	3	0	3
		(labor)Foreman:	1	0	1
		(equi)Cutting Machine:	1	0	1

	Materials:
		Material	As-Built	As-Planned	Difference
		cutting members:	0	0	0

Activity 4 - 4_Assemble Bridge: Week 180 As-Planned Start: 10 As-Planned End: 13
	Labor:
		4_Bridge Assemble Crew:
		LaborType	As-Built	As-Planned	Difference
		(labor)Equipment Operator :	0	0	0
		(labor)Worker:	0	0	0
		(labor)Foreman:	0	0	0
		(equi)Crane:	0	0	0

	Materials:
		Material	As-Built	As-Planned	Difference
		bridge decking:	0	0	0
--------------------------------------------------------------

The rate for 2_Cutting Members is 0.0
New Rate is: 0.0

*************************
HistoryTimeID is: 7098.
*************************

2_Cutting Members

Activity 5_Load Test: Week 181 As-Planned Start: 13 As-Planned End: 14
	As-Built	As-Planned	Difference
Material:	$0.00	$0.00	$0.00
Labor:	$0.00	$0.00	$0.00
Indirect:	$0.00	$0.00	$0.00


Activity 3_Assemble Trusses: Week 181 As-Planned Start: 6 As-Planned End: 10
	As-Built	As-Planned	Difference
Material:	$0.00	$0.00	$0.00
Labor:	$0.00	$0.00	$0.00
Indirect:	$0.00	$0.00	$0.00


Activity 2_Cutting Members: Week 181 As-Planned Start: 3 As-Planned End: 6
	As-Built	As-Planned	Difference
Material:	$0.00	$0.00	$0.00
Labor:	$2539.12	$0.00	$2539.12
Indirect:	$2700.00	$0.00	$2700.00


Activity 4_Assemble Bridge: Week 181 As-Planned Start: 10 As-Planned End: 13
	As-Built	As-Planned	Difference
Material:	$0.00	$0.00	$0.00
Labor:	$0.00	$0.00	$0.00
Indirect:	$0.00	$0.00	$0.00

Stock Value:
	$0.00	$0.00

Totals
	As-Built	As-Planned	Difference
Material:	$55000.00	$0.00	$55000.00
Labor:	$327408.96	$0.00	$327408.96
Indirect:	$484800.02	$0.00	$484800.02


Resource Usage -----------------------------------------------

Activity 5 - 5_Load Test: Week 181 As-Planned Start: 13 As-Planned End: 14
	Labor:
		5_Load Test Crew:
		LaborType	As-Built	As-Planned	Difference
		(labor)Equipment Operator :	0	0	0
		(labor)Worker:	0	0	0
		(labor)Foreman:	0	0	0
		(equi)Load Testing Machine:	0	0	0

	Materials:
		Material	As-Built	As-Planned	Difference
		test:	0	0	0

Activity 3 - 3_Assemble Trusses: Week 181 As-Planned Start: 6 As-Planned End: 10
	Labor:
		3_Trusses Assemble Crew:
		LaborType	As-Built	As-Planned	Difference
		(labor)Worker:	0	0	0
		(labor)Foreman:	0	0	0

	Materials:
		Material	As-Built	As-Planned	Difference
		truss connections:	0	0	0

Activity 2 - 2_Cutting Members: Week 181 As-Planned Start: 3 As-Planned End: 6
	Labor:
		2_Cutting Crew:
		LaborType	As-Built	As-Planned	Difference
		(labor)Equipment Operator :	1	0	1
		(labor)Worker:	3	0	3
		(labor)Foreman:	1	0	1
		(equi)Cutting Machine:	1	0	1

	Materials:
		Material	As-Built	As-Planned	Difference
		cutting members:	0	0	0

Activity 4 - 4_Assemble Bridge: Week 181 As-Planned Start: 10 As-Planned End: 13
	Labor:
		4_Bridge Assemble Crew:
		LaborType	As-Built	As-Planned	Difference
		(labor)Equipment Operator :	0	0	0
		(labor)Worker:	0	0	0
		(labor)Foreman:	0	0	0
		(equi)Crane:	0	0	0

	Materials:
		Material	As-Built	As-Planned	Difference
		bridge decking:	0	0	0
--------------------------------------------------------------

The rate for 2_Cutting Members is 0.0
New Rate is: 0.0

*************************
HistoryTimeID is: 7099.
*************************

2_Cutting Members

Activity 5_Load Test: Week 182 As-Planned Start: 13 As-Planned End: 14
	As-Built	As-Planned	Difference
Material:	$0.00	$0.00	$0.00
Labor:	$0.00	$0.00	$0.00
Indirect:	$0.00	$0.00	$0.00


Activity 3_Assemble Trusses: Week 182 As-Planned Start: 6 As-Planned End: 10
	As-Built	As-Planned	Difference
Material:	$0.00	$0.00	$0.00
Labor:	$0.00	$0.00	$0.00
Indirect:	$0.00	$0.00	$0.00


Activity 2_Cutting Members: Week 182 As-Planned Start: 3 As-Planned End: 6
	As-Built	As-Planned	Difference
Material:	$0.00	$0.00	$0.00
Labor:	$0.00	$0.00	$0.00
Indirect:	$2700.00	$0.00	$2700.00


Activity 4_Assemble Bridge: Week 182 As-Planned Start: 10 As-Planned End: 13
	As-Built	As-Planned	Difference
Material:	$0.00	$0.00	$0.00
Labor:	$0.00	$0.00	$0.00
Indirect:	$0.00	$0.00	$0.00

Stock Value:
	$0.00	$0.00

Totals
	As-Built	As-Planned	Difference
Material:	$55000.00	$0.00	$55000.00
Labor:	$327408.96	$0.00	$327408.96
Indirect:	$487500.02	$0.00	$487500.02


Resource Usage -----------------------------------------------

Activity 5 - 5_Load Test: Week 182 As-Planned Start: 13 As-Planned End: 14
	Labor:
		5_Load Test Crew:
		LaborType	As-Built	As-Planned	Difference
		(labor)Equipment Operator :	0	0	0
		(labor)Worker:	0	0	0
		(labor)Foreman:	0	0	0
		(equi)Load Testing Machine:	0	0	0

	Materials:
		Material	As-Built	As-Planned	Difference
		test:	0	0	0

Activity 3 - 3_Assemble Trusses: Week 182 As-Planned Start: 6 As-Planned End: 10
	Labor:
		3_Trusses Assemble Crew:
		LaborType	As-Built	As-Planned	Difference
		(labor)Worker:	0	0	0
		(labor)Foreman:	0	0	0

	Materials:
		Material	As-Built	As-Planned	Difference
		truss connections:	0	0	0

Activity 2 - 2_Cutting Members: Week 182 As-Planned Start: 3 As-Planned End: 6
	Labor:
		2_Cutting Crew:
		LaborType	As-Built	As-Planned	Difference
		(labor)Equipment Operator :	1	0	1
		(labor)Worker:	3	0	3
		(labor)Foreman:	1	0	1
		(equi)Cutting Machine:	1	0	1

	Materials:
		Material	As-Built	As-Planned	Difference
		cutting members:	0	0	0

Activity 4 - 4_Assemble Bridge: Week 182 As-Planned Start: 10 As-Planned End: 13
	Labor:
		4_Bridge Assemble Crew:
		LaborType	As-Built	As-Planned	Difference
		(labor)Equipment Operator :	0	0	0
		(labor)Worker:	0	0	0
		(labor)Foreman:	0	0	0
		(equi)Crane:	0	0	0

	Materials:
		Material	As-Built	As-Planned	Difference
		bridge decking:	0	0	0
--------------------------------------------------------------

The rate for 2_Cutting Members is 0.0
New Rate is: 0.0

*************************
HistoryTimeID is: 7100.
*************************

2_Cutting Members

Activity 5_Load Test: Week 183 As-Planned Start: 13 As-Planned End: 14
	As-Built	As-Planned	Difference
Material:	$0.00	$0.00	$0.00
Labor:	$0.00	$0.00	$0.00
Indirect:	$0.00	$0.00	$0.00


Activity 3_Assemble Trusses: Week 183 As-Planned Start: 6 As-Planned End: 10
	As-Built	As-Planned	Difference
Material:	$0.00	$0.00	$0.00
Labor:	$0.00	$0.00	$0.00
Indirect:	$0.00	$0.00	$0.00


Activity 2_Cutting Members: Week 183 As-Planned Start: 3 As-Planned End: 6
	As-Built	As-Planned	Difference
Material:	$0.00	$0.00	$0.00
Labor:	$0.00	$0.00	$0.00
Indirect:	$2700.00	$0.00	$2700.00


Activity 4_Assemble Bridge: Week 183 As-Planned Start: 10 As-Planned End: 13
	As-Built	As-Planned	Difference
Material:	$0.00	$0.00	$0.00
Labor:	$0.00	$0.00	$0.00
Indirect:	$0.00	$0.00	$0.00

Stock Value:
	$0.00	$0.00

Totals
	As-Built	As-Planned	Difference
Material:	$55000.00	$0.00	$55000.00
Labor:	$327408.96	$0.00	$327408.96
Indirect:	$490200.02	$0.00	$490200.02


Resource Usage -----------------------------------------------

Activity 5 - 5_Load Test: Week 183 As-Planned Start: 13 As-Planned End: 14
	Labor:
		5_Load Test Crew:
		LaborType	As-Built	As-Planned	Difference
		(labor)Equipment Operator :	0	0	0
		(labor)Worker:	0	0	0
		(labor)Foreman:	0	0	0
		(equi)Load Testing Machine:	0	0	0

	Materials:
		Material	As-Built	As-Planned	Difference
		test:	0	0	0

Activity 3 - 3_Assemble Trusses: Week 183 As-Planned Start: 6 As-Planned End: 10
	Labor:
		3_Trusses Assemble Crew:
		LaborType	As-Built	As-Planned	Difference
		(labor)Worker:	0	0	0
		(labor)Foreman:	0	0	0

	Materials:
		Material	As-Built	As-Planned	Difference
		truss connections:	0	0	0

Activity 2 - 2_Cutting Members: Week 183 As-Planned Start: 3 As-Planned End: 6
	Labor:
		2_Cutting Crew:
		LaborType	As-Built	As-Planned	Difference
		(labor)Equipment Operator :	1	0	1
		(labor)Worker:	3	0	3
		(labor)Foreman:	1	0	1
		(equi)Cutting Machine:	1	0	1

	Materials:
		Material	As-Built	As-Planned	Difference
		cutting members:	0	0	0

Activity 4 - 4_Assemble Bridge: Week 183 As-Planned Start: 10 As-Planned End: 13
	Labor:
		4_Bridge Assemble Crew:
		LaborType	As-Built	As-Planned	Difference
		(labor)Equipment Operator :	0	0	0
		(labor)Worker:	0	0	0
		(labor)Foreman:	0	0	0
		(equi)Crane:	0	0	0

	Materials:
		Material	As-Built	As-Planned	Difference
		bridge decking:	0	0	0
--------------------------------------------------------------

The rate for 2_Cutting Members is 0.0
New Rate is: 0.0

*************************
HistoryTimeID is: 7101.
*************************

2_Cutting Members

Activity 5_Load Test: Week 184 As-Planned Start: 13 As-Planned End: 14
	As-Built	As-Planned	Difference
Material:	$0.00	$0.00	$0.00
Labor:	$0.00	$0.00	$0.00
Indirect:	$0.00	$0.00	$0.00


Activity 3_Assemble Trusses: Week 184 As-Planned Start: 6 As-Planned End: 10
	As-Built	As-Planned	Difference
Material:	$0.00	$0.00	$0.00
Labor:	$0.00	$0.00	$0.00
Indirect:	$0.00	$0.00	$0.00


Activity 2_Cutting Members: Week 184 As-Planned Start: 3 As-Planned End: 6
	As-Built	As-Planned	Difference
Material:	$0.00	$0.00	$0.00
Labor:	$2539.12	$0.00	$2539.12
Indirect:	$2700.00	$0.00	$2700.00


Activity 4_Assemble Bridge: Week 184 As-Planned Start: 10 As-Planned End: 13
	As-Built	As-Planned	Difference
Material:	$0.00	$0.00	$0.00
Labor:	$0.00	$0.00	$0.00
Indirect:	$0.00	$0.00	$0.00

Stock Value:
	$0.00	$0.00

Totals
	As-Built	As-Planned	Difference
Material:	$55000.00	$0.00	$55000.00
Labor:	$329948.08	$0.00	$329948.08
Indirect:	$492900.02	$0.00	$492900.02


Resource Usage -----------------------------------------------

Activity 5 - 5_Load Test: Week 184 As-Planned Start: 13 As-Planned End: 14
	Labor:
		5_Load Test Crew:
		LaborType	As-Built	As-Planned	Difference
		(labor)Equipment Operator :	0	0	0
		(labor)Worker:	0	0	0
		(labor)Foreman:	0	0	0
		(equi)Load Testing Machine:	0	0	0

	Materials:
		Material	As-Built	As-Planned	Difference
		test:	0	0	0

Activity 3 - 3_Assemble Trusses: Week 184 As-Planned Start: 6 As-Planned End: 10
	Labor:
		3_Trusses Assemble Crew:
		LaborType	As-Built	As-Planned	Difference
		(labor)Worker:	0	0	0
		(labor)Foreman:	0	0	0

	Materials:
		Material	As-Built	As-Planned	Difference
		truss connections:	0	0	0

Activity 2 - 2_Cutting Members: Week 184 As-Planned Start: 3 As-Planned End: 6
	Labor:
		2_Cutting Crew:
		LaborType	As-Built	As-Planned	Difference
		(labor)Equipment Operator :	1	0	1
		(labor)Worker:	3	0	3
		(labor)Foreman:	1	0	1
		(equi)Cutting Machine:	1	0	1

	Materials:
		Material	As-Built	As-Planned	Difference
		cutting members:	0	0	0

Activity 4 - 4_Assemble Bridge: Week 184 As-Planned Start: 10 As-Planned End: 13
	Labor:
		4_Bridge Assemble Crew:
		LaborType	As-Built	As-Planned	Difference
		(labor)Equipment Operator :	0	0	0
		(labor)Worker:	0	0	0
		(labor)Foreman:	0	0	0
		(equi)Crane:	0	0	0

	Materials:
		Material	As-Built	As-Planned	Difference
		bridge decking:	0	0	0
--------------------------------------------------------------

The rate for 2_Cutting Members is 0.0
New Rate is: 0.0

*************************
HistoryTimeID is: 7102.
*************************

2_Cutting Members

Activity 5_Load Test: Week 185 As-Planned Start: 13 As-Planned End: 14
	As-Built	As-Planned	Difference
Material:	$0.00	$0.00	$0.00
Labor:	$0.00	$0.00	$0.00
Indirect:	$0.00	$0.00	$0.00


Activity 3_Assemble Trusses: Week 185 As-Planned Start: 6 As-Planned End: 10
	As-Built	As-Planned	Difference
Material:	$0.00	$0.00	$0.00
Labor:	$0.00	$0.00	$0.00
Indirect:	$0.00	$0.00	$0.00


Activity 2_Cutting Members: Week 185 As-Planned Start: 3 As-Planned End: 6
	As-Built	As-Planned	Difference
Material:	$0.00	$0.00	$0.00
Labor:	$2539.12	$0.00	$2539.12
Indirect:	$2700.00	$0.00	$2700.00


Activity 4_Assemble Bridge: Week 185 As-Planned Start: 10 As-Planned End: 13
	As-Built	As-Planned	Difference
Material:	$0.00	$0.00	$0.00
Labor:	$0.00	$0.00	$0.00
Indirect:	$0.00	$0.00	$0.00

Stock Value:
	$0.00	$0.00

Totals
	As-Built	As-Planned	Difference
Material:	$55000.00	$0.00	$55000.00
Labor:	$332487.20	$0.00	$332487.20
Indirect:	$495600.02	$0.00	$495600.02


Resource Usage -----------------------------------------------

Activity 5 - 5_Load Test: Week 185 As-Planned Start: 13 As-Planned End: 14
	Labor:
		5_Load Test Crew:
		LaborType	As-Built	As-Planned	Difference
		(labor)Equipment Operator :	0	0	0
		(labor)Worker:	0	0	0
		(labor)Foreman:	0	0	0
		(equi)Load Testing Machine:	0	0	0

	Materials:
		Material	As-Built	As-Planned	Difference
		test:	0	0	0

Activity 3 - 3_Assemble Trusses: Week 185 As-Planned Start: 6 As-Planned End: 10
	Labor:
		3_Trusses Assemble Crew:
		LaborType	As-Built	As-Planned	Difference
		(labor)Worker:	0	0	0
		(labor)Foreman:	0	0	0

	Materials:
		Material	As-Built	As-Planned	Difference
		truss connections:	0	0	0

Activity 2 - 2_Cutting Members: Week 185 As-Planned Start: 3 As-Planned End: 6
	Labor:
		2_Cutting Crew:
		LaborType	As-Built	As-Planned	Difference
		(labor)Equipment Operator :	1	0	1
		(labor)Worker:	3	0	3
		(labor)Foreman:	1	0	1
		(equi)Cutting Machine:	1	0	1

	Materials:
		Material	As-Built	As-Planned	Difference
		cutting members:	0	0	0

Activity 4 - 4_Assemble Bridge: Week 185 As-Planned Start: 10 As-Planned End: 13
	Labor:
		4_Bridge Assemble Crew:
		LaborType	As-Built	As-Planned	Difference
		(labor)Equipment Operator :	0	0	0
		(labor)Worker:	0	0	0
		(labor)Foreman:	0	0	0
		(equi)Crane:	0	0	0

	Materials:
		Material	As-Built	As-Planned	Difference
		bridge decking:	0	0	0
--------------------------------------------------------------

The rate for 2_Cutting Members is 0.0
New Rate is: 0.0

*************************
HistoryTimeID is: 7103.
*************************

2_Cutting Members

Activity 5_Load Test: Week 186 As-Planned Start: 13 As-Planned End: 14
	As-Built	As-Planned	Difference
Material:	$0.00	$0.00	$0.00
Labor:	$0.00	$0.00	$0.00
Indirect:	$0.00	$0.00	$0.00


Activity 3_Assemble Trusses: Week 186 As-Planned Start: 6 As-Planned End: 10
	As-Built	As-Planned	Difference
Material:	$0.00	$0.00	$0.00
Labor:	$0.00	$0.00	$0.00
Indirect:	$0.00	$0.00	$0.00


Activity 2_Cutting Members: Week 186 As-Planned Start: 3 As-Planned End: 6
	As-Built	As-Planned	Difference
Material:	$0.00	$0.00	$0.00
Labor:	$2539.12	$0.00	$2539.12
Indirect:	$2700.00	$0.00	$2700.00


Activity 4_Assemble Bridge: Week 186 As-Planned Start: 10 As-Planned End: 13
	As-Built	As-Planned	Difference
Material:	$0.00	$0.00	$0.00
Labor:	$0.00	$0.00	$0.00
Indirect:	$0.00	$0.00	$0.00

Stock Value:
	$0.00	$0.00

Totals
	As-Built	As-Planned	Difference
Material:	$55000.00	$0.00	$55000.00
Labor:	$335026.32	$0.00	$335026.32
Indirect:	$498300.02	$0.00	$498300.02


Resource Usage -----------------------------------------------

Activity 5 - 5_Load Test: Week 186 As-Planned Start: 13 As-Planned End: 14
	Labor:
		5_Load Test Crew:
		LaborType	As-Built	As-Planned	Difference
		(labor)Equipment Operator :	0	0	0
		(labor)Worker:	0	0	0
		(labor)Foreman:	0	0	0
		(equi)Load Testing Machine:	0	0	0

	Materials:
		Material	As-Built	As-Planned	Difference
		test:	0	0	0

Activity 3 - 3_Assemble Trusses: Week 186 As-Planned Start: 6 As-Planned End: 10
	Labor:
		3_Trusses Assemble Crew:
		LaborType	As-Built	As-Planned	Difference
		(labor)Worker:	0	0	0
		(labor)Foreman:	0	0	0

	Materials:
		Material	As-Built	As-Planned	Difference
		truss connections:	0	0	0

Activity 2 - 2_Cutting Members: Week 186 As-Planned Start: 3 As-Planned End: 6
	Labor:
		2_Cutting Crew:
		LaborType	As-Built	As-Planned	Difference
		(labor)Equipment Operator :	1	0	1
		(labor)Worker:	3	0	3
		(labor)Foreman:	1	0	1
		(equi)Cutting Machine:	1	0	1

	Materials:
		Material	As-Built	As-Planned	Difference
		cutting members:	0	0	0

Activity 4 - 4_Assemble Bridge: Week 186 As-Planned Start: 10 As-Planned End: 13
	Labor:
		4_Bridge Assemble Crew:
		LaborType	As-Built	As-Planned	Difference
		(labor)Equipment Operator :	0	0	0
		(labor)Worker:	0	0	0
		(labor)Foreman:	0	0	0
		(equi)Crane:	0	0	0

	Materials:
		Material	As-Built	As-Planned	Difference
		bridge decking:	0	0	0
--------------------------------------------------------------

The rate for 2_Cutting Members is 0.0
New Rate is: 0.0

*************************
HistoryTimeID is: 7104.
*************************

2_Cutting Members

Activity 5_Load Test: Week 187 As-Planned Start: 13 As-Planned End: 14
	As-Built	As-Planned	Difference
Material:	$0.00	$0.00	$0.00
Labor:	$0.00	$0.00	$0.00
Indirect:	$0.00	$0.00	$0.00


Activity 3_Assemble Trusses: Week 187 As-Planned Start: 6 As-Planned End: 10
	As-Built	As-Planned	Difference
Material:	$0.00	$0.00	$0.00
Labor:	$0.00	$0.00	$0.00
Indirect:	$0.00	$0.00	$0.00


Activity 2_Cutting Members: Week 187 As-Planned Start: 3 As-Planned End: 6
	As-Built	As-Planned	Difference
Material:	$0.00	$0.00	$0.00
Labor:	$2539.12	$0.00	$2539.12
Indirect:	$2700.00	$0.00	$2700.00


Activity 4_Assemble Bridge: Week 187 As-Planned Start: 10 As-Planned End: 13
	As-Built	As-Planned	Difference
Material:	$0.00	$0.00	$0.00
Labor:	$0.00	$0.00	$0.00
Indirect:	$0.00	$0.00	$0.00

Stock Value:
	$0.00	$0.00

Totals
	As-Built	As-Planned	Difference
Material:	$55000.00	$0.00	$55000.00
Labor:	$337565.44	$0.00	$337565.44
Indirect:	$501000.02	$0.00	$501000.02


Resource Usage -----------------------------------------------

Activity 5 - 5_Load Test: Week 187 As-Planned Start: 13 As-Planned End: 14
	Labor:
		5_Load Test Crew:
		LaborType	As-Built	As-Planned	Difference
		(labor)Equipment Operator :	0	0	0
		(labor)Worker:	0	0	0
		(labor)Foreman:	0	0	0
		(equi)Load Testing Machine:	0	0	0

	Materials:
		Material	As-Built	As-Planned	Difference
		test:	0	0	0

Activity 3 - 3_Assemble Trusses: Week 187 As-Planned Start: 6 As-Planned End: 10
	Labor:
		3_Trusses Assemble Crew:
		LaborType	As-Built	As-Planned	Difference
		(labor)Worker:	0	0	0
		(labor)Foreman:	0	0	0

	Materials:
		Material	As-Built	As-Planned	Difference
		truss connections:	0	0	0

Activity 2 - 2_Cutting Members: Week 187 As-Planned Start: 3 As-Planned End: 6
	Labor:
		2_Cutting Crew:
		LaborType	As-Built	As-Planned	Difference
		(labor)Equipment Operator :	1	0	1
		(labor)Worker:	3	0	3
		(labor)Foreman:	1	0	1
		(equi)Cutting Machine:	1	0	1

	Materials:
		Material	As-Built	As-Planned	Difference
		cutting members:	0	0	0

Activity 4 - 4_Assemble Bridge: Week 187 As-Planned Start: 10 As-Planned End: 13
	Labor:
		4_Bridge Assemble Crew:
		LaborType	As-Built	As-Planned	Difference
		(labor)Equipment Operator :	0	0	0
		(labor)Worker:	0	0	0
		(labor)Foreman:	0	0	0
		(equi)Crane:	0	0	0

	Materials:
		Material	As-Built	As-Planned	Difference
		bridge decking:	0	0	0
--------------------------------------------------------------

The rate for 2_Cutting Members is 0.0
New Rate is: 0.0

*************************
HistoryTimeID is: 7105.
*************************

2_Cutting Members

Activity 5_Load Test: Week 188 As-Planned Start: 13 As-Planned End: 14
	As-Built	As-Planned	Difference
Material:	$0.00	$0.00	$0.00
Labor:	$0.00	$0.00	$0.00
Indirect:	$0.00	$0.00	$0.00


Activity 3_Assemble Trusses: Week 188 As-Planned Start: 6 As-Planned End: 10
	As-Built	As-Planned	Difference
Material:	$0.00	$0.00	$0.00
Labor:	$0.00	$0.00	$0.00
Indirect:	$0.00	$0.00	$0.00


Activity 2_Cutting Members: Week 188 As-Planned Start: 3 As-Planned End: 6
	As-Built	As-Planned	Difference
Material:	$0.00	$0.00	$0.00
Labor:	$2539.12	$0.00	$2539.12
Indirect:	$2700.00	$0.00	$2700.00


Activity 4_Assemble Bridge: Week 188 As-Planned Start: 10 As-Planned End: 13
	As-Built	As-Planned	Difference
Material:	$0.00	$0.00	$0.00
Labor:	$0.00	$0.00	$0.00
Indirect:	$0.00	$0.00	$0.00

Stock Value:
	$0.00	$0.00

Totals
	As-Built	As-Planned	Difference
Material:	$55000.00	$0.00	$55000.00
Labor:	$340104.56	$0.00	$340104.56
Indirect:	$503700.02	$0.00	$503700.02


Resource Usage -----------------------------------------------

Activity 5 - 5_Load Test: Week 188 As-Planned Start: 13 As-Planned End: 14
	Labor:
		5_Load Test Crew:
		LaborType	As-Built	As-Planned	Difference
		(labor)Equipment Operator :	0	0	0
		(labor)Worker:	0	0	0
		(labor)Foreman:	0	0	0
		(equi)Load Testing Machine:	0	0	0

	Materials:
		Material	As-Built	As-Planned	Difference
		test:	0	0	0

Activity 3 - 3_Assemble Trusses: Week 188 As-Planned Start: 6 As-Planned End: 10
	Labor:
		3_Trusses Assemble Crew:
		LaborType	As-Built	As-Planned	Difference
		(labor)Worker:	0	0	0
		(labor)Foreman:	0	0	0

	Materials:
		Material	As-Built	As-Planned	Difference
		truss connections:	0	0	0

Activity 2 - 2_Cutting Members: Week 188 As-Planned Start: 3 As-Planned End: 6
	Labor:
		2_Cutting Crew:
		LaborType	As-Built	As-Planned	Difference
		(labor)Equipment Operator :	1	0	1
		(labor)Worker:	3	0	3
		(labor)Foreman:	1	0	1
		(equi)Cutting Machine:	1	0	1

	Materials:
		Material	As-Built	As-Planned	Difference
		cutting members:	0	0	0

Activity 4 - 4_Assemble Bridge: Week 188 As-Planned Start: 10 As-Planned End: 13
	Labor:
		4_Bridge Assemble Crew:
		LaborType	As-Built	As-Planned	Difference
		(labor)Equipment Operator :	0	0	0
		(labor)Worker:	0	0	0
		(labor)Foreman:	0	0	0
		(equi)Crane:	0	0	0

	Materials:
		Material	As-Built	As-Planned	Difference
		bridge decking:	0	0	0
--------------------------------------------------------------

The rate for 2_Cutting Members is 0.0
New Rate is: 0.0

*************************
HistoryTimeID is: 7106.
*************************

2_Cutting Members

Activity 5_Load Test: Week 189 As-Planned Start: 13 As-Planned End: 14
	As-Built	As-Planned	Difference
Material:	$0.00	$0.00	$0.00
Labor:	$0.00	$0.00	$0.00
Indirect:	$0.00	$0.00	$0.00


Activity 3_Assemble Trusses: Week 189 As-Planned Start: 6 As-Planned End: 10
	As-Built	As-Planned	Difference
Material:	$0.00	$0.00	$0.00
Labor:	$0.00	$0.00	$0.00
Indirect:	$0.00	$0.00	$0.00


Activity 2_Cutting Members: Week 189 As-Planned Start: 3 As-Planned End: 6
	As-Built	As-Planned	Difference
Material:	$0.00	$0.00	$0.00
Labor:	$0.00	$0.00	$0.00
Indirect:	$2700.00	$0.00	$2700.00


Activity 4_Assemble Bridge: Week 189 As-Planned Start: 10 As-Planned End: 13
	As-Built	As-Planned	Difference
Material:	$0.00	$0.00	$0.00
Labor:	$0.00	$0.00	$0.00
Indirect:	$0.00	$0.00	$0.00

Stock Value:
	$0.00	$0.00

Totals
	As-Built	As-Planned	Difference
Material:	$55000.00	$0.00	$55000.00
Labor:	$340104.56	$0.00	$340104.56
Indirect:	$506400.02	$0.00	$506400.02


Resource Usage -----------------------------------------------

Activity 5 - 5_Load Test: Week 189 As-Planned Start: 13 As-Planned End: 14
	Labor:
		5_Load Test Crew:
		LaborType	As-Built	As-Planned	Difference
		(labor)Equipment Operator :	0	0	0
		(labor)Worker:	0	0	0
		(labor)Foreman:	0	0	0
		(equi)Load Testing Machine:	0	0	0

	Materials:
		Material	As-Built	As-Planned	Difference
		test:	0	0	0

Activity 3 - 3_Assemble Trusses: Week 189 As-Planned Start: 6 As-Planned End: 10
	Labor:
		3_Trusses Assemble Crew:
		LaborType	As-Built	As-Planned	Difference
		(labor)Worker:	0	0	0
		(labor)Foreman:	0	0	0

	Materials:
		Material	As-Built	As-Planned	Difference
		truss connections:	0	0	0

Activity 2 - 2_Cutting Members: Week 189 As-Planned Start: 3 As-Planned End: 6
	Labor:
		2_Cutting Crew:
		LaborType	As-Built	As-Planned	Difference
		(labor)Equipment Operator :	1	0	1
		(labor)Worker:	3	0	3
		(labor)Foreman:	1	0	1
		(equi)Cutting Machine:	1	0	1

	Materials:
		Material	As-Built	As-Planned	Difference
		cutting members:	0	0	0

Activity 4 - 4_Assemble Bridge: Week 189 As-Planned Start: 10 As-Planned End: 13
	Labor:
		4_Bridge Assemble Crew:
		LaborType	As-Built	As-Planned	Difference
		(labor)Equipment Operator :	0	0	0
		(labor)Worker:	0	0	0
		(labor)Foreman:	0	0	0
		(equi)Crane:	0	0	0

	Materials:
		Material	As-Built	As-Planned	Difference
		bridge decking:	0	0	0
--------------------------------------------------------------

The rate for 2_Cutting Members is 0.0
New Rate is: 0.0

*************************
HistoryTimeID is: 7107.
*************************

2_Cutting Members

Activity 5_Load Test: Week 190 As-Planned Start: 13 As-Planned End: 14
	As-Built	As-Planned	Difference
Material:	$0.00	$0.00	$0.00
Labor:	$0.00	$0.00	$0.00
Indirect:	$0.00	$0.00	$0.00


Activity 3_Assemble Trusses: Week 190 As-Planned Start: 6 As-Planned End: 10
	As-Built	As-Planned	Difference
Material:	$0.00	$0.00	$0.00
Labor:	$0.00	$0.00	$0.00
Indirect:	$0.00	$0.00	$0.00


Activity 2_Cutting Members: Week 190 As-Planned Start: 3 As-Planned End: 6
	As-Built	As-Planned	Difference
Material:	$0.00	$0.00	$0.00
Labor:	$0.00	$0.00	$0.00
Indirect:	$2700.00	$0.00	$2700.00


Activity 4_Assemble Bridge: Week 190 As-Planned Start: 10 As-Planned End: 13
	As-Built	As-Planned	Difference
Material:	$0.00	$0.00	$0.00
Labor:	$0.00	$0.00	$0.00
Indirect:	$0.00	$0.00	$0.00

Stock Value:
	$0.00	$0.00

Totals
	As-Built	As-Planned	Difference
Material:	$55000.00	$0.00	$55000.00
Labor:	$340104.56	$0.00	$340104.56
Indirect:	$509100.02	$0.00	$509100.02


Resource Usage -----------------------------------------------

Activity 5 - 5_Load Test: Week 190 As-Planned Start: 13 As-Planned End: 14
	Labor:
		5_Load Test Crew:
		LaborType	As-Built	As-Planned	Difference
		(labor)Equipment Operator :	0	0	0
		(labor)Worker:	0	0	0
		(labor)Foreman:	0	0	0
		(equi)Load Testing Machine:	0	0	0

	Materials:
		Material	As-Built	As-Planned	Difference
		test:	0	0	0

Activity 3 - 3_Assemble Trusses: Week 190 As-Planned Start: 6 As-Planned End: 10
	Labor:
		3_Trusses Assemble Crew:
		LaborType	As-Built	As-Planned	Difference
		(labor)Worker:	0	0	0
		(labor)Foreman:	0	0	0

	Materials:
		Material	As-Built	As-Planned	Difference
		truss connections:	0	0	0

Activity 2 - 2_Cutting Members: Week 190 As-Planned Start: 3 As-Planned End: 6
	Labor:
		2_Cutting Crew:
		LaborType	As-Built	As-Planned	Difference
		(labor)Equipment Operator :	1	0	1
		(labor)Worker:	3	0	3
		(labor)Foreman:	1	0	1
		(equi)Cutting Machine:	1	0	1

	Materials:
		Material	As-Built	As-Planned	Difference
		cutting members:	0	0	0

Activity 4 - 4_Assemble Bridge: Week 190 As-Planned Start: 10 As-Planned End: 13
	Labor:
		4_Bridge Assemble Crew:
		LaborType	As-Built	As-Planned	Difference
		(labor)Equipment Operator :	0	0	0
		(labor)Worker:	0	0	0
		(labor)Foreman:	0	0	0
		(equi)Crane:	0	0	0

	Materials:
		Material	As-Built	As-Planned	Difference
		bridge decking:	0	0	0
--------------------------------------------------------------

The rate for 2_Cutting Members is 0.0
New Rate is: 0.0

*************************
HistoryTimeID is: 7108.
*************************

2_Cutting Members

Activity 5_Load Test: Week 191 As-Planned Start: 13 As-Planned End: 14
	As-Built	As-Planned	Difference
Material:	$0.00	$0.00	$0.00
Labor:	$0.00	$0.00	$0.00
Indirect:	$0.00	$0.00	$0.00


Activity 3_Assemble Trusses: Week 191 As-Planned Start: 6 As-Planned End: 10
	As-Built	As-Planned	Difference
Material:	$0.00	$0.00	$0.00
Labor:	$0.00	$0.00	$0.00
Indirect:	$0.00	$0.00	$0.00


Activity 2_Cutting Members: Week 191 As-Planned Start: 3 As-Planned End: 6
	As-Built	As-Planned	Difference
Material:	$0.00	$0.00	$0.00
Labor:	$2539.12	$0.00	$2539.12
Indirect:	$2700.00	$0.00	$2700.00


Activity 4_Assemble Bridge: Week 191 As-Planned Start: 10 As-Planned End: 13
	As-Built	As-Planned	Difference
Material:	$0.00	$0.00	$0.00
Labor:	$0.00	$0.00	$0.00
Indirect:	$0.00	$0.00	$0.00

Stock Value:
	$0.00	$0.00

Totals
	As-Built	As-Planned	Difference
Material:	$55000.00	$0.00	$55000.00
Labor:	$342643.68	$0.00	$342643.68
Indirect:	$511800.02	$0.00	$511800.02


Resource Usage -----------------------------------------------

Activity 5 - 5_Load Test: Week 191 As-Planned Start: 13 As-Planned End: 14
	Labor:
		5_Load Test Crew:
		LaborType	As-Built	As-Planned	Difference
		(labor)Equipment Operator :	0	0	0
		(labor)Worker:	0	0	0
		(labor)Foreman:	0	0	0
		(equi)Load Testing Machine:	0	0	0

	Materials:
		Material	As-Built	As-Planned	Difference
		test:	0	0	0

Activity 3 - 3_Assemble Trusses: Week 191 As-Planned Start: 6 As-Planned End: 10
	Labor:
		3_Trusses Assemble Crew:
		LaborType	As-Built	As-Planned	Difference
		(labor)Worker:	0	0	0
		(labor)Foreman:	0	0	0

	Materials:
		Material	As-Built	As-Planned	Difference
		truss connections:	0	0	0

Activity 2 - 2_Cutting Members: Week 191 As-Planned Start: 3 As-Planned End: 6
	Labor:
		2_Cutting Crew:
		LaborType	As-Built	As-Planned	Difference
		(labor)Equipment Operator :	1	0	1
		(labor)Worker:	3	0	3
		(labor)Foreman:	1	0	1
		(equi)Cutting Machine:	1	0	1

	Materials:
		Material	As-Built	As-Planned	Difference
		cutting members:	0	0	0

Activity 4 - 4_Assemble Bridge: Week 191 As-Planned Start: 10 As-Planned End: 13
	Labor:
		4_Bridge Assemble Crew:
		LaborType	As-Built	As-Planned	Difference
		(labor)Equipment Operator :	0	0	0
		(labor)Worker:	0	0	0
		(labor)Foreman:	0	0	0
		(equi)Crane:	0	0	0

	Materials:
		Material	As-Built	As-Planned	Difference
		bridge decking:	0	0	0
--------------------------------------------------------------

The rate for 2_Cutting Members is 0.0
New Rate is: 0.0

*************************
HistoryTimeID is: 7109.
*************************

2_Cutting Members

Activity 5_Load Test: Week 192 As-Planned Start: 13 As-Planned End: 14
	As-Built	As-Planned	Difference
Material:	$0.00	$0.00	$0.00
Labor:	$0.00	$0.00	$0.00
Indirect:	$0.00	$0.00	$0.00


Activity 3_Assemble Trusses: Week 192 As-Planned Start: 6 As-Planned End: 10
	As-Built	As-Planned	Difference
Material:	$0.00	$0.00	$0.00
Labor:	$0.00	$0.00	$0.00
Indirect:	$0.00	$0.00	$0.00


Activity 2_Cutting Members: Week 192 As-Planned Start: 3 As-Planned End: 6
	As-Built	As-Planned	Difference
Material:	$0.00	$0.00	$0.00
Labor:	$2539.12	$0.00	$2539.12
Indirect:	$2700.00	$0.00	$2700.00


Activity 4_Assemble Bridge: Week 192 As-Planned Start: 10 As-Planned End: 13
	As-Built	As-Planned	Difference
Material:	$0.00	$0.00	$0.00
Labor:	$0.00	$0.00	$0.00
Indirect:	$0.00	$0.00	$0.00

Stock Value:
	$0.00	$0.00

Totals
	As-Built	As-Planned	Difference
Material:	$55000.00	$0.00	$55000.00
Labor:	$345182.80	$0.00	$345182.80
Indirect:	$514500.02	$0.00	$514500.02


Resource Usage -----------------------------------------------

Activity 5 - 5_Load Test: Week 192 As-Planned Start: 13 As-Planned End: 14
	Labor:
		5_Load Test Crew:
		LaborType	As-Built	As-Planned	Difference
		(labor)Equipment Operator :	0	0	0
		(labor)Worker:	0	0	0
		(labor)Foreman:	0	0	0
		(equi)Load Testing Machine:	0	0	0

	Materials:
		Material	As-Built	As-Planned	Difference
		test:	0	0	0

Activity 3 - 3_Assemble Trusses: Week 192 As-Planned Start: 6 As-Planned End: 10
	Labor:
		3_Trusses Assemble Crew:
		LaborType	As-Built	As-Planned	Difference
		(labor)Worker:	0	0	0
		(labor)Foreman:	0	0	0

	Materials:
		Material	As-Built	As-Planned	Difference
		truss connections:	0	0	0

Activity 2 - 2_Cutting Members: Week 192 As-Planned Start: 3 As-Planned End: 6
	Labor:
		2_Cutting Crew:
		LaborType	As-Built	As-Planned	Difference
		(labor)Equipment Operator :	1	0	1
		(labor)Worker:	3	0	3
		(labor)Foreman:	1	0	1
		(equi)Cutting Machine:	1	0	1

	Materials:
		Material	As-Built	As-Planned	Difference
		cutting members:	0	0	0

Activity 4 - 4_Assemble Bridge: Week 192 As-Planned Start: 10 As-Planned End: 13
	Labor:
		4_Bridge Assemble Crew:
		LaborType	As-Built	As-Planned	Difference
		(labor)Equipment Operator :	0	0	0
		(labor)Worker:	0	0	0
		(labor)Foreman:	0	0	0
		(equi)Crane:	0	0	0

	Materials:
		Material	As-Built	As-Planned	Difference
		bridge decking:	0	0	0
--------------------------------------------------------------

The rate for 2_Cutting Members is 0.0
New Rate is: 0.0

*************************
HistoryTimeID is: 7110.
*************************

2_Cutting Members

Activity 5_Load Test: Week 193 As-Planned Start: 13 As-Planned End: 14
	As-Built	As-Planned	Difference
Material:	$0.00	$0.00	$0.00
Labor:	$0.00	$0.00	$0.00
Indirect:	$0.00	$0.00	$0.00


Activity 3_Assemble Trusses: Week 193 As-Planned Start: 6 As-Planned End: 10
	As-Built	As-Planned	Difference
Material:	$0.00	$0.00	$0.00
Labor:	$0.00	$0.00	$0.00
Indirect:	$0.00	$0.00	$0.00


Activity 2_Cutting Members: Week 193 As-Planned Start: 3 As-Planned End: 6
	As-Built	As-Planned	Difference
Material:	$0.00	$0.00	$0.00
Labor:	$2539.12	$0.00	$2539.12
Indirect:	$2700.00	$0.00	$2700.00


Activity 4_Assemble Bridge: Week 193 As-Planned Start: 10 As-Planned End: 13
	As-Built	As-Planned	Difference
Material:	$0.00	$0.00	$0.00
Labor:	$0.00	$0.00	$0.00
Indirect:	$0.00	$0.00	$0.00

Stock Value:
	$0.00	$0.00

Totals
	As-Built	As-Planned	Difference
Material:	$55000.00	$0.00	$55000.00
Labor:	$347721.92	$0.00	$347721.92
Indirect:	$517200.02	$0.00	$517200.02


Resource Usage -----------------------------------------------

Activity 5 - 5_Load Test: Week 193 As-Planned Start: 13 As-Planned End: 14
	Labor:
		5_Load Test Crew:
		LaborType	As-Built	As-Planned	Difference
		(labor)Equipment Operator :	0	0	0
		(labor)Worker:	0	0	0
		(labor)Foreman:	0	0	0
		(equi)Load Testing Machine:	0	0	0

	Materials:
		Material	As-Built	As-Planned	Difference
		test:	0	0	0

Activity 3 - 3_Assemble Trusses: Week 193 As-Planned Start: 6 As-Planned End: 10
	Labor:
		3_Trusses Assemble Crew:
		LaborType	As-Built	As-Planned	Difference
		(labor)Worker:	0	0	0
		(labor)Foreman:	0	0	0

	Materials:
		Material	As-Built	As-Planned	Difference
		truss connections:	0	0	0

Activity 2 - 2_Cutting Members: Week 193 As-Planned Start: 3 As-Planned End: 6
	Labor:
		2_Cutting Crew:
		LaborType	As-Built	As-Planned	Difference
		(labor)Equipment Operator :	1	0	1
		(labor)Worker:	3	0	3
		(labor)Foreman:	1	0	1
		(equi)Cutting Machine:	1	0	1

	Materials:
		Material	As-Built	As-Planned	Difference
		cutting members:	0	0	0

Activity 4 - 4_Assemble Bridge: Week 193 As-Planned Start: 10 As-Planned End: 13
	Labor:
		4_Bridge Assemble Crew:
		LaborType	As-Built	As-Planned	Difference
		(labor)Equipment Operator :	0	0	0
		(labor)Worker:	0	0	0
		(labor)Foreman:	0	0	0
		(equi)Crane:	0	0	0

	Materials:
		Material	As-Built	As-Planned	Difference
		bridge decking:	0	0	0
--------------------------------------------------------------

The rate for 2_Cutting Members is 0.0
New Rate is: 0.0

*************************
HistoryTimeID is: 7111.
*************************

2_Cutting Members

Activity 5_Load Test: Week 194 As-Planned Start: 13 As-Planned End: 14
	As-Built	As-Planned	Difference
Material:	$0.00	$0.00	$0.00
Labor:	$0.00	$0.00	$0.00
Indirect:	$0.00	$0.00	$0.00


Activity 3_Assemble Trusses: Week 194 As-Planned Start: 6 As-Planned End: 10
	As-Built	As-Planned	Difference
Material:	$0.00	$0.00	$0.00
Labor:	$0.00	$0.00	$0.00
Indirect:	$0.00	$0.00	$0.00


Activity 2_Cutting Members: Week 194 As-Planned Start: 3 As-Planned End: 6
	As-Built	As-Planned	Difference
Material:	$0.00	$0.00	$0.00
Labor:	$2539.12	$0.00	$2539.12
Indirect:	$2700.00	$0.00	$2700.00


Activity 4_Assemble Bridge: Week 194 As-Planned Start: 10 As-Planned End: 13
	As-Built	As-Planned	Difference
Material:	$0.00	$0.00	$0.00
Labor:	$0.00	$0.00	$0.00
Indirect:	$0.00	$0.00	$0.00

Stock Value:
	$0.00	$0.00

Totals
	As-Built	As-Planned	Difference
Material:	$55000.00	$0.00	$55000.00
Labor:	$350261.04	$0.00	$350261.04
Indirect:	$519900.02	$0.00	$519900.02


Resource Usage -----------------------------------------------

Activity 5 - 5_Load Test: Week 194 As-Planned Start: 13 As-Planned End: 14
	Labor:
		5_Load Test Crew:
		LaborType	As-Built	As-Planned	Difference
		(labor)Equipment Operator :	0	0	0
		(labor)Worker:	0	0	0
		(labor)Foreman:	0	0	0
		(equi)Load Testing Machine:	0	0	0

	Materials:
		Material	As-Built	As-Planned	Difference
		test:	0	0	0

Activity 3 - 3_Assemble Trusses: Week 194 As-Planned Start: 6 As-Planned End: 10
	Labor:
		3_Trusses Assemble Crew:
		LaborType	As-Built	As-Planned	Difference
		(labor)Worker:	0	0	0
		(labor)Foreman:	0	0	0

	Materials:
		Material	As-Built	As-Planned	Difference
		truss connections:	0	0	0

Activity 2 - 2_Cutting Members: Week 194 As-Planned Start: 3 As-Planned End: 6
	Labor:
		2_Cutting Crew:
		LaborType	As-Built	As-Planned	Difference
		(labor)Equipment Operator :	1	0	1
		(labor)Worker:	3	0	3
		(labor)Foreman:	1	0	1
		(equi)Cutting Machine:	1	0	1

	Materials:
		Material	As-Built	As-Planned	Difference
		cutting members:	0	0	0

Activity 4 - 4_Assemble Bridge: Week 194 As-Planned Start: 10 As-Planned End: 13
	Labor:
		4_Bridge Assemble Crew:
		LaborType	As-Built	As-Planned	Difference
		(labor)Equipment Operator :	0	0	0
		(labor)Worker:	0	0	0
		(labor)Foreman:	0	0	0
		(equi)Crane:	0	0	0

	Materials:
		Material	As-Built	As-Planned	Difference
		bridge decking:	0	0	0
--------------------------------------------------------------

The rate for 2_Cutting Members is 0.0
New Rate is: 0.0

*************************
HistoryTimeID is: 7112.
*************************

2_Cutting Members

Activity 5_Load Test: Week 195 As-Planned Start: 13 As-Planned End: 14
	As-Built	As-Planned	Difference
Material:	$0.00	$0.00	$0.00
Labor:	$0.00	$0.00	$0.00
Indirect:	$0.00	$0.00	$0.00


Activity 3_Assemble Trusses: Week 195 As-Planned Start: 6 As-Planned End: 10
	As-Built	As-Planned	Difference
Material:	$0.00	$0.00	$0.00
Labor:	$0.00	$0.00	$0.00
Indirect:	$0.00	$0.00	$0.00


Activity 2_Cutting Members: Week 195 As-Planned Start: 3 As-Planned End: 6
	As-Built	As-Planned	Difference
Material:	$0.00	$0.00	$0.00
Labor:	$2539.12	$0.00	$2539.12
Indirect:	$2700.00	$0.00	$2700.00


Activity 4_Assemble Bridge: Week 195 As-Planned Start: 10 As-Planned End: 13
	As-Built	As-Planned	Difference
Material:	$0.00	$0.00	$0.00
Labor:	$0.00	$0.00	$0.00
Indirect:	$0.00	$0.00	$0.00

Stock Value:
	$0.00	$0.00

Totals
	As-Built	As-Planned	Difference
Material:	$55000.00	$0.00	$55000.00
Labor:	$352800.16	$0.00	$352800.16
Indirect:	$522600.02	$0.00	$522600.02


Resource Usage -----------------------------------------------

Activity 5 - 5_Load Test: Week 195 As-Planned Start: 13 As-Planned End: 14
	Labor:
		5_Load Test Crew:
		LaborType	As-Built	As-Planned	Difference
		(labor)Equipment Operator :	0	0	0
		(labor)Worker:	0	0	0
		(labor)Foreman:	0	0	0
		(equi)Load Testing Machine:	0	0	0

	Materials:
		Material	As-Built	As-Planned	Difference
		test:	0	0	0

Activity 3 - 3_Assemble Trusses: Week 195 As-Planned Start: 6 As-Planned End: 10
	Labor:
		3_Trusses Assemble Crew:
		LaborType	As-Built	As-Planned	Difference
		(labor)Worker:	0	0	0
		(labor)Foreman:	0	0	0

	Materials:
		Material	As-Built	As-Planned	Difference
		truss connections:	0	0	0

Activity 2 - 2_Cutting Members: Week 195 As-Planned Start: 3 As-Planned End: 6
	Labor:
		2_Cutting Crew:
		LaborType	As-Built	As-Planned	Difference
		(labor)Equipment Operator :	1	0	1
		(labor)Worker:	3	0	3
		(labor)Foreman:	1	0	1
		(equi)Cutting Machine:	1	0	1

	Materials:
		Material	As-Built	As-Planned	Difference
		cutting members:	0	0	0

Activity 4 - 4_Assemble Bridge: Week 195 As-Planned Start: 10 As-Planned End: 13
	Labor:
		4_Bridge Assemble Crew:
		LaborType	As-Built	As-Planned	Difference
		(labor)Equipment Operator :	0	0	0
		(labor)Worker:	0	0	0
		(labor)Foreman:	0	0	0
		(equi)Crane:	0	0	0

	Materials:
		Material	As-Built	As-Planned	Difference
		bridge decking:	0	0	0
--------------------------------------------------------------

The rate for 2_Cutting Members is 0.0
New Rate is: 0.0

*************************
HistoryTimeID is: 7113.
*************************

2_Cutting Members

Activity 5_Load Test: Week 196 As-Planned Start: 13 As-Planned End: 14
	As-Built	As-Planned	Difference
Material:	$0.00	$0.00	$0.00
Labor:	$0.00	$0.00	$0.00
Indirect:	$0.00	$0.00	$0.00


Activity 3_Assemble Trusses: Week 196 As-Planned Start: 6 As-Planned End: 10
	As-Built	As-Planned	Difference
Material:	$0.00	$0.00	$0.00
Labor:	$0.00	$0.00	$0.00
Indirect:	$0.00	$0.00	$0.00


Activity 2_Cutting Members: Week 196 As-Planned Start: 3 As-Planned End: 6
	As-Built	As-Planned	Difference
Material:	$0.00	$0.00	$0.00
Labor:	$0.00	$0.00	$0.00
Indirect:	$2700.00	$0.00	$2700.00


Activity 4_Assemble Bridge: Week 196 As-Planned Start: 10 As-Planned End: 13
	As-Built	As-Planned	Difference
Material:	$0.00	$0.00	$0.00
Labor:	$0.00	$0.00	$0.00
Indirect:	$0.00	$0.00	$0.00

Stock Value:
	$0.00	$0.00

Totals
	As-Built	As-Planned	Difference
Material:	$55000.00	$0.00	$55000.00
Labor:	$352800.16	$0.00	$352800.16
Indirect:	$525300.02	$0.00	$525300.02


Resource Usage -----------------------------------------------

Activity 5 - 5_Load Test: Week 196 As-Planned Start: 13 As-Planned End: 14
	Labor:
		5_Load Test Crew:
		LaborType	As-Built	As-Planned	Difference
		(labor)Equipment Operator :	0	0	0
		(labor)Worker:	0	0	0
		(labor)Foreman:	0	0	0
		(equi)Load Testing Machine:	0	0	0

	Materials:
		Material	As-Built	As-Planned	Difference
		test:	0	0	0

Activity 3 - 3_Assemble Trusses: Week 196 As-Planned Start: 6 As-Planned End: 10
	Labor:
		3_Trusses Assemble Crew:
		LaborType	As-Built	As-Planned	Difference
		(labor)Worker:	0	0	0
		(labor)Foreman:	0	0	0

	Materials:
		Material	As-Built	As-Planned	Difference
		truss connections:	0	0	0

Activity 2 - 2_Cutting Members: Week 196 As-Planned Start: 3 As-Planned End: 6
	Labor:
		2_Cutting Crew:
		LaborType	As-Built	As-Planned	Difference
		(labor)Equipment Operator :	1	0	1
		(labor)Worker:	3	0	3
		(labor)Foreman:	1	0	1
		(equi)Cutting Machine:	1	0	1

	Materials:
		Material	As-Built	As-Planned	Difference
		cutting members:	0	0	0

Activity 4 - 4_Assemble Bridge: Week 196 As-Planned Start: 10 As-Planned End: 13
	Labor:
		4_Bridge Assemble Crew:
		LaborType	As-Built	As-Planned	Difference
		(labor)Equipment Operator :	0	0	0
		(labor)Worker:	0	0	0
		(labor)Foreman:	0	0	0
		(equi)Crane:	0	0	0

	Materials:
		Material	As-Built	As-Planned	Difference
		bridge decking:	0	0	0
--------------------------------------------------------------

The rate for 2_Cutting Members is 0.0
New Rate is: 0.0

*************************
HistoryTimeID is: 7114.
*************************

2_Cutting Members

Activity 5_Load Test: Week 197 As-Planned Start: 13 As-Planned End: 14
	As-Built	As-Planned	Difference
Material:	$0.00	$0.00	$0.00
Labor:	$0.00	$0.00	$0.00
Indirect:	$0.00	$0.00	$0.00


Activity 3_Assemble Trusses: Week 197 As-Planned Start: 6 As-Planned End: 10
	As-Built	As-Planned	Difference
Material:	$0.00	$0.00	$0.00
Labor:	$0.00	$0.00	$0.00
Indirect:	$0.00	$0.00	$0.00


Activity 2_Cutting Members: Week 197 As-Planned Start: 3 As-Planned End: 6
	As-Built	As-Planned	Difference
Material:	$0.00	$0.00	$0.00
Labor:	$0.00	$0.00	$0.00
Indirect:	$2700.00	$0.00	$2700.00


Activity 4_Assemble Bridge: Week 197 As-Planned Start: 10 As-Planned End: 13
	As-Built	As-Planned	Difference
Material:	$0.00	$0.00	$0.00
Labor:	$0.00	$0.00	$0.00
Indirect:	$0.00	$0.00	$0.00

Stock Value:
	$0.00	$0.00

Totals
	As-Built	As-Planned	Difference
Material:	$55000.00	$0.00	$55000.00
Labor:	$352800.16	$0.00	$352800.16
Indirect:	$528000.02	$0.00	$528000.02


Resource Usage -----------------------------------------------

Activity 5 - 5_Load Test: Week 197 As-Planned Start: 13 As-Planned End: 14
	Labor:
		5_Load Test Crew:
		LaborType	As-Built	As-Planned	Difference
		(labor)Equipment Operator :	0	0	0
		(labor)Worker:	0	0	0
		(labor)Foreman:	0	0	0
		(equi)Load Testing Machine:	0	0	0

	Materials:
		Material	As-Built	As-Planned	Difference
		test:	0	0	0

Activity 3 - 3_Assemble Trusses: Week 197 As-Planned Start: 6 As-Planned End: 10
	Labor:
		3_Trusses Assemble Crew:
		LaborType	As-Built	As-Planned	Difference
		(labor)Worker:	0	0	0
		(labor)Foreman:	0	0	0

	Materials:
		Material	As-Built	As-Planned	Difference
		truss connections:	0	0	0

Activity 2 - 2_Cutting Members: Week 197 As-Planned Start: 3 As-Planned End: 6
	Labor:
		2_Cutting Crew:
		LaborType	As-Built	As-Planned	Difference
		(labor)Equipment Operator :	1	0	1
		(labor)Worker:	3	0	3
		(labor)Foreman:	1	0	1
		(equi)Cutting Machine:	1	0	1

	Materials:
		Material	As-Built	As-Planned	Difference
		cutting members:	0	0	0

Activity 4 - 4_Assemble Bridge: Week 197 As-Planned Start: 10 As-Planned End: 13
	Labor:
		4_Bridge Assemble Crew:
		LaborType	As-Built	As-Planned	Difference
		(labor)Equipment Operator :	0	0	0
		(labor)Worker:	0	0	0
		(labor)Foreman:	0	0	0
		(equi)Crane:	0	0	0

	Materials:
		Material	As-Built	As-Planned	Difference
		bridge decking:	0	0	0
--------------------------------------------------------------

The rate for 2_Cutting Members is 0.0
New Rate is: 0.0

*************************
HistoryTimeID is: 7115.
*************************

2_Cutting Members

Activity 5_Load Test: Week 198 As-Planned Start: 13 As-Planned End: 14
	As-Built	As-Planned	Difference
Material:	$0.00	$0.00	$0.00
Labor:	$0.00	$0.00	$0.00
Indirect:	$0.00	$0.00	$0.00


Activity 3_Assemble Trusses: Week 198 As-Planned Start: 6 As-Planned End: 10
	As-Built	As-Planned	Difference
Material:	$0.00	$0.00	$0.00
Labor:	$0.00	$0.00	$0.00
Indirect:	$0.00	$0.00	$0.00


Activity 2_Cutting Members: Week 198 As-Planned Start: 3 As-Planned End: 6
	As-Built	As-Planned	Difference
Material:	$0.00	$0.00	$0.00
Labor:	$2539.12	$0.00	$2539.12
Indirect:	$2700.00	$0.00	$2700.00


Activity 4_Assemble Bridge: Week 198 As-Planned Start: 10 As-Planned End: 13
	As-Built	As-Planned	Difference
Material:	$0.00	$0.00	$0.00
Labor:	$0.00	$0.00	$0.00
Indirect:	$0.00	$0.00	$0.00

Stock Value:
	$0.00	$0.00

Totals
	As-Built	As-Planned	Difference
Material:	$55000.00	$0.00	$55000.00
Labor:	$355339.28	$0.00	$355339.28
Indirect:	$530700.02	$0.00	$530700.02


Resource Usage -----------------------------------------------

Activity 5 - 5_Load Test: Week 198 As-Planned Start: 13 As-Planned End: 14
	Labor:
		5_Load Test Crew:
		LaborType	As-Built	As-Planned	Difference
		(labor)Equipment Operator :	0	0	0
		(labor)Worker:	0	0	0
		(labor)Foreman:	0	0	0
		(equi)Load Testing Machine:	0	0	0

	Materials:
		Material	As-Built	As-Planned	Difference
		test:	0	0	0

Activity 3 - 3_Assemble Trusses: Week 198 As-Planned Start: 6 As-Planned End: 10
	Labor:
		3_Trusses Assemble Crew:
		LaborType	As-Built	As-Planned	Difference
		(labor)Worker:	0	0	0
		(labor)Foreman:	0	0	0

	Materials:
		Material	As-Built	As-Planned	Difference
		truss connections:	0	0	0

Activity 2 - 2_Cutting Members: Week 198 As-Planned Start: 3 As-Planned End: 6
	Labor:
		2_Cutting Crew:
		LaborType	As-Built	As-Planned	Difference
		(labor)Equipment Operator :	1	0	1
		(labor)Worker:	3	0	3
		(labor)Foreman:	1	0	1
		(equi)Cutting Machine:	1	0	1

	Materials:
		Material	As-Built	As-Planned	Difference
		cutting members:	0	0	0

Activity 4 - 4_Assemble Bridge: Week 198 As-Planned Start: 10 As-Planned End: 13
	Labor:
		4_Bridge Assemble Crew:
		LaborType	As-Built	As-Planned	Difference
		(labor)Equipment Operator :	0	0	0
		(labor)Worker:	0	0	0
		(labor)Foreman:	0	0	0
		(equi)Crane:	0	0	0

	Materials:
		Material	As-Built	As-Planned	Difference
		bridge decking:	0	0	0
--------------------------------------------------------------

The rate for 2_Cutting Members is 0.0
New Rate is: 0.0

*************************
HistoryTimeID is: 7116.
*************************

2_Cutting Members

Activity 5_Load Test: Week 199 As-Planned Start: 13 As-Planned End: 14
	As-Built	As-Planned	Difference
Material:	$0.00	$0.00	$0.00
Labor:	$0.00	$0.00	$0.00
Indirect:	$0.00	$0.00	$0.00


Activity 3_Assemble Trusses: Week 199 As-Planned Start: 6 As-Planned End: 10
	As-Built	As-Planned	Difference
Material:	$0.00	$0.00	$0.00
Labor:	$0.00	$0.00	$0.00
Indirect:	$0.00	$0.00	$0.00


Activity 2_Cutting Members: Week 199 As-Planned Start: 3 As-Planned End: 6
	As-Built	As-Planned	Difference
Material:	$0.00	$0.00	$0.00
Labor:	$2539.12	$0.00	$2539.12
Indirect:	$2700.00	$0.00	$2700.00


Activity 4_Assemble Bridge: Week 199 As-Planned Start: 10 As-Planned End: 13
	As-Built	As-Planned	Difference
Material:	$0.00	$0.00	$0.00
Labor:	$0.00	$0.00	$0.00
Indirect:	$0.00	$0.00	$0.00

Stock Value:
	$0.00	$0.00

Totals
	As-Built	As-Planned	Difference
Material:	$55000.00	$0.00	$55000.00
Labor:	$357878.40	$0.00	$357878.40
Indirect:	$533400.02	$0.00	$533400.02


Resource Usage -----------------------------------------------

Activity 5 - 5_Load Test: Week 199 As-Planned Start: 13 As-Planned End: 14
	Labor:
		5_Load Test Crew:
		LaborType	As-Built	As-Planned	Difference
		(labor)Equipment Operator :	0	0	0
		(labor)Worker:	0	0	0
		(labor)Foreman:	0	0	0
		(equi)Load Testing Machine:	0	0	0

	Materials:
		Material	As-Built	As-Planned	Difference
		test:	0	0	0

Activity 3 - 3_Assemble Trusses: Week 199 As-Planned Start: 6 As-Planned End: 10
	Labor:
		3_Trusses Assemble Crew:
		LaborType	As-Built	As-Planned	Difference
		(labor)Worker:	0	0	0
		(labor)Foreman:	0	0	0

	Materials:
		Material	As-Built	As-Planned	Difference
		truss connections:	0	0	0

Activity 2 - 2_Cutting Members: Week 199 As-Planned Start: 3 As-Planned End: 6
	Labor:
		2_Cutting Crew:
		LaborType	As-Built	As-Planned	Difference
		(labor)Equipment Operator :	1	0	1
		(labor)Worker:	3	0	3
		(labor)Foreman:	1	0	1
		(equi)Cutting Machine:	1	0	1

	Materials:
		Material	As-Built	As-Planned	Difference
		cutting members:	0	0	0

Activity 4 - 4_Assemble Bridge: Week 199 As-Planned Start: 10 As-Planned End: 13
	Labor:
		4_Bridge Assemble Crew:
		LaborType	As-Built	As-Planned	Difference
		(labor)Equipment Operator :	0	0	0
		(labor)Worker:	0	0	0
		(labor)Foreman:	0	0	0
		(equi)Crane:	0	0	0

	Materials:
		Material	As-Built	As-Planned	Difference
		bridge decking:	0	0	0
--------------------------------------------------------------

The rate for 2_Cutting Members is 0.0
New Rate is: 0.0

*************************
HistoryTimeID is: 7117.
*************************

2_Cutting Members

Activity 5_Load Test: Week 200 As-Planned Start: 13 As-Planned End: 14
	As-Built	As-Planned	Difference
Material:	$0.00	$0.00	$0.00
Labor:	$0.00	$0.00	$0.00
Indirect:	$0.00	$0.00	$0.00


Activity 3_Assemble Trusses: Week 200 As-Planned Start: 6 As-Planned End: 10
	As-Built	As-Planned	Difference
Material:	$0.00	$0.00	$0.00
Labor:	$0.00	$0.00	$0.00
Indirect:	$0.00	$0.00	$0.00


Activity 2_Cutting Members: Week 200 As-Planned Start: 3 As-Planned End: 6
	As-Built	As-Planned	Difference
Material:	$0.00	$0.00	$0.00
Labor:	$2539.12	$0.00	$2539.12
Indirect:	$2700.00	$0.00	$2700.00


Activity 4_Assemble Bridge: Week 200 As-Planned Start: 10 As-Planned End: 13
	As-Built	As-Planned	Difference
Material:	$0.00	$0.00	$0.00
Labor:	$0.00	$0.00	$0.00
Indirect:	$0.00	$0.00	$0.00

Stock Value:
	$0.00	$0.00

Totals
	As-Built	As-Planned	Difference
Material:	$55000.00	$0.00	$55000.00
Labor:	$360417.52	$0.00	$360417.52
Indirect:	$536100.02	$0.00	$536100.02


Resource Usage -----------------------------------------------

Activity 5 - 5_Load Test: Week 200 As-Planned Start: 13 As-Planned End: 14
	Labor:
		5_Load Test Crew:
		LaborType	As-Built	As-Planned	Difference
		(labor)Equipment Operator :	0	0	0
		(labor)Worker:	0	0	0
		(labor)Foreman:	0	0	0
		(equi)Load Testing Machine:	0	0	0

	Materials:
		Material	As-Built	As-Planned	Difference
		test:	0	0	0

Activity 3 - 3_Assemble Trusses: Week 200 As-Planned Start: 6 As-Planned End: 10
	Labor:
		3_Trusses Assemble Crew:
		LaborType	As-Built	As-Planned	Difference
		(labor)Worker:	0	0	0
		(labor)Foreman:	0	0	0

	Materials:
		Material	As-Built	As-Planned	Difference
		truss connections:	0	0	0

Activity 2 - 2_Cutting Members: Week 200 As-Planned Start: 3 As-Planned End: 6
	Labor:
		2_Cutting Crew:
		LaborType	As-Built	As-Planned	Difference
		(labor)Equipment Operator :	1	0	1
		(labor)Worker:	3	0	3
		(labor)Foreman:	1	0	1
		(equi)Cutting Machine:	1	0	1

	Materials:
		Material	As-Built	As-Planned	Difference
		cutting members:	0	0	0

Activity 4 - 4_Assemble Bridge: Week 200 As-Planned Start: 10 As-Planned End: 13
	Labor:
		4_Bridge Assemble Crew:
		LaborType	As-Built	As-Planned	Difference
		(labor)Equipment Operator :	0	0	0
		(labor)Worker:	0	0	0
		(labor)Foreman:	0	0	0
		(equi)Crane:	0	0	0

	Materials:
		Material	As-Built	As-Planned	Difference
		bridge decking:	0	0	0
--------------------------------------------------------------

== interactive default play, project 523 ==
turns simulated: 200  (t_now=201)
asbuilt total   lastKey=209 value=1099488.341946
asbuilt direct  value=547188.320000
asbuilt indirect value=552300.021946
  [1] 1_Design Trusses               10000% complete
  [2] 2_Cutting Members              8400% complete
  [3] 3_Assemble Trusses             0% complete
  [4] 4_Assemble Bridge              0% complete
  [5] 5_Load Test                    0% complete
